timestamp,temperature_C,humidity_percent
2026-07-30 08:46:32,25,51
2026-07-30 08:46:34,25,50
2026-07-30 08:46:36,25,50
2026-07-30 08:46:38,25,50
2026-07-30 08:46:40,25,51
2026-07-30 08:46:42,25,51
2026-07-30 08:46:44,25,51
2026-07-30 08:46:46,25,51
2026-07-30 08:46:48,25,50
2026-07-30 08:46:50,25,50
2026-07-30 08:46:52,25,50
2026-07-30 08:46:54,25,50
2026-07-30 08:46:56,25,50
2026-07-30 08:46:58,25,50
2026-07-30 08:47:00,25,50
2026-07-30 08:47:02,25,50
2026-07-30 08:47:04,25,50
2026-07-30 08:47:06,25,50
2026-07-30 08:47:08,25,51
2026-07-30 08:47:10,25,51
2026-07-30 08:47:12,25,51
2026-07-30 08:47:14,25,51
2026-07-30 08:47:16,25,51
2026-07-30 08:47:18,25,52
2026-07-30 08:47:20,25,52
2026-07-30 08:47:22,25,52
2026-07-30 08:47:24,25,52
2026-07-30 08:47:26,25,52
2026-07-30 08:47:28,25,52
2026-07-30 08:47:30,25,52
2026-07-30 08:47:32,25,53
2026-07-30 08:47:34,25,52
2026-07-30 08:47:36,25,53
2026-07-30 08:47:38,25,53
2026-07-30 08:47:40,25,52
2026-07-30 08:47:42,25,52
2026-07-30 08:47:44,25,52
2026-07-30 08:47:46,25,52
2026-07-30 08:47:48,25,52
2026-07-30 08:47:50,25,52
2026-07-30 08:47:52,25,51
2026-07-30 08:47:54,25,51
2026-07-30 08:47:57,25,51
2026-07-30 08:47:59,24,51
2026-07-30 08:48:01,25,51
2026-07-30 08:48:03,25,51
2026-07-30 08:48:05,25,51
2026-07-30 08:48:07,25,51
2026-07-30 08:48:09,24,51
2026-07-30 08:48:11,24,51
2026-07-30 08:48:13,24,51
2026-07-30 08:48:15,24,51
2026-07-30 08:48:17,25,53
2026-07-30 08:48:19,25,55
2026-07-30 08:48:21,25,57
2026-07-30 08:48:23,25,59
2026-07-30 08:48:25,25,60
2026-07-30 08:48:27,26,59
2026-07-30 08:48:29,26,58
2026-07-30 08:48:31,26,60
2026-07-30 08:48:33,26,60
2026-07-30 08:48:35,26,59
2026-07-30 08:48:37,27,60
2026-07-30 08:48:39,27,59
2026-07-30 08:48:41,27,58
2026-07-30 08:48:43,27,57
2026-07-30 08:48:45,27,56
2026-07-30 08:48:47,27,54
2026-07-30 08:48:49,27,53
2026-07-30 08:48:51,27,53
2026-07-30 08:48:53,27,52
2026-07-30 08:48:55,27,51
2026-07-30 08:48:57,27,51
2026-07-30 08:48:59,27,50
2026-07-30 08:49:01,27,50
2026-07-30 08:49:03,27,49
2026-07-30 08:49:05,27,49
2026-07-30 08:49:07,27,48
2026-07-30 08:49:09,27,48
2026-07-30 08:49:11,27,48
2026-07-30 08:49:13,27,48
2026-07-30 08:49:15,27,48
2026-07-30 08:49:17,27,47
2026-07-30 08:49:19,27,47
2026-07-30 08:49:21,27,47
2026-07-30 08:49:24,27,47
2026-07-30 08:49:26,27,47
2026-07-30 08:49:28,27,47
2026-07-30 08:49:30,27,47
2026-07-30 08:49:32,27,48
2026-07-30 08:49:34,27,48
2026-07-30 08:49:36,27,48
2026-07-30 08:49:38,27,48
2026-07-30 08:49:40,27,48
2026-07-30 08:49:42,27,48
2026-07-30 08:49:44,27,48
2026-07-30 08:49:46,27,48
2026-07-30 08:49:48,27,48
2026-07-30 08:49:50,27,48
2026-07-30 08:49:52,27,48
2026-07-30 08:49:54,27,48
2026-07-30 08:49:56,27,48
2026-07-30 08:49:58,27,48
2026-07-30 08:50:00,27,48
2026-07-30 08:50:02,27,48
2026-07-30 08:50:04,27,48
2026-07-30 08:50:06,27,48
2026-07-30 08:50:08,27,48
2026-07-30 08:50:10,27,48
2026-07-30 08:50:12,26,48
2026-07-30 08:50:14,26,48
2026-07-30 08:50:16,26,48
2026-07-30 08:50:18,26,48
2026-07-30 08:50:20,26,48
2026-07-30 08:50:22,26,48
2026-07-30 08:50:24,26,48
2026-07-30 08:50:26,26,48
2026-07-30 08:50:28,26,48
2026-07-30 08:50:30,26,48
2026-07-30 08:50:32,26,48
2026-07-30 08:50:34,26,48
2026-07-30 08:50:36,26,48
2026-07-30 08:50:38,26,48
2026-07-30 08:50:40,26,48
2026-07-30 08:50:42,26,48
2026-07-30 08:50:44,26,48
2026-07-30 08:50:46,26,48
2026-07-30 08:50:48,26,48
2026-07-30 08:50:51,26,48
2026-07-30 08:50:53,26,48
2026-07-30 08:50:55,26,48
2026-07-30 08:50:57,26,48
2026-07-30 08:50:59,26,49
2026-07-30 08:51:01,26,49
2026-07-30 08:51:03,26,50
2026-07-30 08:51:05,26,49
2026-07-30 08:51:07,26,49
2026-07-30 08:51:09,26,49
2026-07-30 08:51:11,26,49
2026-07-30 08:51:13,26,49
2026-07-30 08:51:15,26,48
2026-07-30 08:51:17,26,48
2026-07-30 08:51:19,26,48
2026-07-30 08:51:21,26,48
2026-07-30 08:51:23,26,48
2026-07-30 08:51:25,26,48
2026-07-30 08:51:27,26,48
2026-07-30 08:51:29,26,48
2026-07-30 08:51:31,26,48
2026-07-30 08:51:33,26,48
2026-07-30 08:51:35,26,48
2026-07-30 08:51:37,26,48
2026-07-30 08:51:39,25,49
2026-07-30 08:51:41,25,49
2026-07-30 08:51:43,25,49
2026-07-30 08:51:45,26,49
2026-07-30 08:51:47,25,49
2026-07-30 08:51:49,25,49
2026-07-30 08:51:51,25,49
2026-07-30 08:51:53,25,49
2026-07-30 08:51:55,25,49
2026-07-30 08:51:57,25,49
2026-07-30 08:51:59,25,50
2026-07-30 08:52:01,25,50
2026-07-30 08:52:03,25,50
2026-07-30 08:52:05,25,50
2026-07-30 08:52:07,25,50
2026-07-30 08:52:09,25,51
2026-07-30 08:52:11,25,51
2026-07-30 08:52:13,25,51
2026-07-30 08:52:15,25,51
2026-07-30 08:52:18,25,51
2026-07-30 08:52:20,25,51
2026-07-30 08:52:22,25,51
2026-07-30 10:05:52,25,56
2026-07-30 10:05:54,25,56
2026-07-30 10:05:56,25,56
2026-07-30 10:05:58,25,56
2026-07-30 10:06:00,25,56
2026-07-30 10:06:02,25,56
2026-07-30 10:06:04,25,56
2026-07-30 10:06:06,25,57
2026-07-30 10:06:08,25,57
2026-07-30 10:06:10,25,57
2026-07-30 10:06:12,25,57
2026-07-30 10:06:14,25,56
2026-07-30 10:06:17,25,56
2026-07-30 10:06:19,25,56
2026-07-30 10:06:21,25,56
2026-07-30 10:06:23,25,56
2026-07-30 10:06:25,25,56
2026-07-30 10:06:27,25,56
2026-07-30 10:06:29,25,56
2026-07-30 10:06:31,25,56
2026-07-30 10:06:33,25,56
2026-07-30 10:06:35,25,56
2026-07-30 10:06:37,25,56
2026-07-30 10:06:39,25,56
2026-07-30 10:06:41,25,56
2026-07-30 10:06:43,25,56
2026-07-30 10:06:45,25,55
2026-07-30 10:06:47,25,56
2026-07-30 10:06:49,25,55
2026-07-30 10:06:51,25,55
2026-07-30 10:06:53,25,55
2026-07-30 10:06:55,25,55
2026-07-30 10:06:57,25,55
2026-07-30 10:06:59,25,56
2026-07-30 10:07:01,25,56
2026-07-30 10:07:03,25,56
2026-07-30 10:07:05,25,56
2026-07-30 10:07:07,25,56
2026-07-30 10:07:09,25,56
2026-07-30 10:07:11,25,57
2026-07-30 10:07:13,25,57
2026-07-30 10:07:15,25,57
2026-07-30 10:07:17,25,57
2026-07-30 10:07:19,25,57
2026-07-30 10:07:21,25,58
2026-07-30 10:07:23,25,57
2026-07-30 10:07:25,25,57
2026-07-30 10:07:27,25,58
2026-07-30 10:07:29,25,58
2026-07-30 10:07:31,25,59
2026-07-30 10:07:33,25,59
2026-07-30 10:07:35,25,59
2026-07-30 10:07:37,25,59
2026-07-30 10:07:39,25,59
2026-07-30 10:07:41,25,58
2026-07-30 10:07:44,25,58
2026-07-30 10:07:46,25,58
2026-07-30 10:07:48,25,58
2026-07-30 10:07:50,25,58
2026-07-30 10:07:52,25,59
2026-07-30 10:07:54,25,59
2026-07-30 10:07:56,25,58
2026-07-30 10:07:58,25,58
2026-07-30 10:08:00,25,58
2026-07-30 10:08:02,25,58
2026-07-30 10:08:04,25,58
2026-07-30 10:08:06,25,58
2026-07-30 10:08:08,25,58
2026-07-30 10:08:10,25,58
2026-07-30 10:08:12,25,57
2026-07-30 10:08:14,25,57
2026-07-30 10:08:16,25,57
2026-07-30 10:08:18,25,56
2026-07-30 10:08:20,25,56
2026-07-30 10:08:22,25,56
2026-07-30 10:08:24,25,56
2026-07-30 10:08:26,25,56
2026-07-30 10:08:28,25,56
2026-07-30 10:08:30,25,55
2026-07-30 10:08:32,25,55
2026-07-30 10:08:34,25,54
2026-07-30 10:08:36,25,55
2026-07-30 10:08:38,25,56
2026-07-30 10:08:40,25,56
2026-07-30 10:08:42,25,56
2026-07-30 10:08:44,25,56
2026-07-30 10:08:46,25,55
2026-07-30 10:08:48,25,55
2026-07-30 10:08:50,25,54
2026-07-30 10:08:52,25,54
2026-07-30 10:08:54,25,54
2026-07-30 10:08:56,25,54
2026-07-30 10:08:58,25,54
2026-07-30 10:09:00,25,54
2026-07-30 10:09:02,25,55
2026-07-30 10:09:04,25,55
2026-07-30 10:09:06,25,56
2026-07-30 10:09:09,25,56
2026-07-30 10:09:11,25,56
2026-07-30 10:09:13,25,56
2026-07-30 10:09:15,25,56
2026-07-30 10:09:17,25,56
2026-07-30 10:09:19,25,56
2026-07-30 10:09:21,25,56
2026-07-30 10:09:23,25,57
2026-07-30 10:09:25,25,57
2026-07-30 10:09:27,25,57
2026-07-30 10:09:29,25,56
2026-07-30 10:09:31,25,56
2026-07-30 10:09:33,25,55
2026-07-30 10:09:35,25,56
2026-07-30 10:09:37,25,56
2026-07-30 10:09:39,25,56
2026-07-30 10:09:41,25,57
2026-07-30 10:09:43,25,57
2026-07-30 10:09:45,25,58
2026-07-30 10:09:47,25,58
2026-07-30 10:09:49,25,58
2026-07-30 10:09:51,25,58
2026-07-30 10:09:53,25,58
2026-07-30 10:09:55,25,58
2026-07-30 10:09:57,25,59
2026-07-30 10:09:59,25,58
2026-07-30 10:10:01,25,58
2026-07-30 10:10:03,25,58
2026-07-30 10:10:05,25,58
2026-07-30 10:10:07,25,58
2026-07-30 10:10:09,25,58
2026-07-30 10:10:11,25,58
2026-07-30 10:10:13,25,58
2026-07-30 10:10:15,25,58
2026-07-30 10:10:17,25,58
2026-07-30 10:10:19,25,58
2026-07-30 10:10:21,25,57
2026-07-30 10:10:23,25,58
2026-07-30 10:10:25,25,58
2026-07-30 10:10:27,25,58
2026-07-30 10:10:29,25,58
2026-07-30 10:10:31,25,58
2026-07-30 10:10:33,25,57
2026-07-30 10:10:36,25,57
2026-07-30 10:10:38,25,57
2026-07-30 10:10:40,25,56
2026-07-30 10:10:42,25,57
2026-07-30 10:10:44,25,57
2026-07-30 10:10:46,25,57
2026-07-30 10:10:48,25,57
2026-07-30 10:10:50,25,57
2026-07-30 10:10:52,25,57
2026-07-30 10:10:54,25,57
2026-07-30 10:10:56,25,57
2026-07-30 10:10:58,25,57
2026-07-30 10:11:00,25,57
2026-07-30 10:11:02,25,57
2026-07-30 10:11:04,25,58
2026-07-30 10:11:06,25,58
2026-07-30 10:11:08,25,58
2026-07-30 10:11:10,25,58
2026-07-30 10:11:12,25,57
2026-07-30 10:11:14,25,57
2026-07-30 10:11:16,25,57
2026-07-30 10:11:18,25,57
2026-07-30 10:11:20,25,56
2026-07-30 10:11:22,25,56
2026-07-30 10:11:24,25,56
2026-07-30 10:11:26,25,55
2026-07-30 10:11:28,25,55
2026-07-30 10:11:30,25,54
2026-07-30 10:11:32,25,54
2026-07-30 10:11:34,25,54
2026-07-30 10:11:36,25,53
2026-07-30 10:11:38,25,53
2026-07-30 10:11:40,25,53
2026-07-30 10:11:42,25,53
2026-07-30 10:11:44,25,54
2026-07-30 10:11:46,25,54
2026-07-30 10:11:48,25,54
2026-07-30 10:11:50,25,53
2026-07-30 10:11:52,25,53
2026-07-30 10:11:54,25,53
2026-07-30 10:11:56,25,54
2026-07-30 10:11:58,25,54
2026-07-30 10:12:00,25,54
2026-07-30 10:12:03,25,54
2026-07-30 10:12:05,25,53
2026-07-30 10:12:07,25,53
2026-07-30 10:12:09,25,53
2026-07-30 10:12:11,25,53
2026-07-30 10:12:13,25,53
2026-07-30 10:12:15,25,53
2026-07-30 10:12:17,25,52
2026-07-30 10:12:19,25,52
2026-07-30 10:12:21,25,52
2026-07-30 10:12:23,25,52
2026-07-30 10:12:25,25,52
2026-07-30 10:12:27,25,52
2026-07-30 10:12:29,25,53
2026-07-30 10:12:31,25,53
2026-07-30 10:12:33,25,53
2026-07-30 10:12:35,25,53
2026-07-30 10:12:37,25,53
2026-07-30 10:12:39,25,54
2026-07-30 10:12:41,25,54
2026-07-30 10:12:43,25,54
2026-07-30 10:12:45,25,54
2026-07-30 10:12:47,25,54
2026-07-30 10:12:49,25,54
2026-07-30 10:12:51,25,54
2026-07-30 10:12:53,25,54
2026-07-30 10:12:55,25,54
2026-07-30 10:12:57,25,54
2026-07-30 10:12:59,25,54
2026-07-30 10:13:01,25,54
2026-07-30 10:13:03,25,55
2026-07-30 10:13:05,25,56
2026-07-30 10:13:07,25,56
2026-07-30 10:13:09,25,56
2026-07-30 10:13:11,25,55
2026-07-30 10:13:13,25,55
2026-07-30 10:13:15,25,54
2026-07-30 10:13:17,25,54
2026-07-30 10:13:19,25,54
2026-07-30 10:13:21,25,54
2026-07-30 10:13:23,25,53
2026-07-30 10:13:25,25,54
2026-07-30 10:13:27,25,53
2026-07-30 10:13:30,25,54
2026-07-30 10:13:32,25,53
2026-07-30 10:13:34,25,53
2026-07-30 10:13:36,25,53
2026-07-30 10:13:38,25,53
2026-07-30 10:13:40,25,54
2026-07-30 10:13:42,25,54
2026-07-30 10:13:44,25,54
2026-07-30 10:13:46,25,54
2026-07-30 10:13:48,25,53
2026-07-30 10:13:50,25,53
2026-07-30 10:13:52,25,53
2026-07-30 10:13:54,25,53
2026-07-30 10:13:56,25,52
2026-07-30 10:13:58,25,52
2026-07-30 10:14:00,25,53
2026-07-30 10:14:02,25,53
2026-07-30 10:14:04,25,53
2026-07-30 10:14:06,25,53
2026-07-30 10:14:08,25,53
2026-07-30 10:14:10,25,53
2026-07-30 10:14:12,25,53
2026-07-30 10:14:14,25,53
2026-07-30 10:14:16,25,53
2026-07-30 10:14:18,25,53
2026-07-30 10:14:20,25,54
2026-07-30 10:14:22,25,54
2026-07-30 10:14:24,25,54
2026-07-30 10:14:26,25,54
2026-07-30 10:14:28,25,54
2026-07-30 10:14:30,25,54
2026-07-30 10:14:32,25,54
2026-07-30 10:14:34,25,54
2026-07-30 10:14:36,25,54
2026-07-30 10:14:38,25,54
2026-07-30 10:14:40,25,54
2026-07-30 10:14:42,25,54
2026-07-30 10:14:44,25,54
2026-07-30 10:14:46,25,54
2026-07-30 10:14:48,25,54
2026-07-30 10:14:50,25,54
2026-07-30 10:14:52,25,54
2026-07-30 10:14:54,25,54
2026-07-30 10:14:57,25,54
2026-07-30 10:14:59,25,54
2026-07-30 10:15:01,25,54
2026-07-30 10:15:03,25,53
2026-07-30 10:15:05,25,53
2026-07-30 10:15:07,25,53
2026-07-30 10:15:09,25,53
2026-07-30 10:15:11,25,53
2026-07-30 10:15:13,25,52
2026-07-30 10:15:15,25,52
2026-07-30 10:15:17,25,52
2026-07-30 10:15:19,25,53
2026-07-30 10:15:21,25,53
2026-07-30 10:15:23,25,53
2026-07-30 10:15:25,25,53
2026-07-30 10:15:27,25,52
2026-07-30 10:15:29,25,52
2026-07-30 10:15:31,25,52
2026-07-30 10:15:33,25,52
2026-07-30 10:15:35,25,53
2026-07-30 10:15:37,25,53
2026-07-30 10:15:39,25,53
2026-07-30 10:15:41,25,53
2026-07-30 10:15:43,25,52
2026-07-30 10:15:45,25,52
2026-07-30 10:15:47,25,52
2026-07-30 10:15:49,25,52
2026-07-30 10:15:51,25,52
2026-07-30 10:15:53,25,52
2026-07-30 10:15:55,25,52
2026-07-30 10:15:57,25,52
2026-07-30 10:15:59,25,53
2026-07-30 10:16:01,25,53
2026-07-30 10:16:03,25,53
2026-07-30 10:16:05,25,53
2026-07-30 10:16:07,25,53
2026-07-30 10:16:09,25,53
2026-07-30 10:16:11,25,52
2026-07-30 10:16:13,25,52
2026-07-30 10:16:15,25,52
2026-07-30 10:16:17,25,52
2026-07-30 10:16:19,25,52
2026-07-30 10:16:21,25,52
2026-07-30 10:16:24,25,53
2026-07-30 10:16:26,25,53
2026-07-30 10:16:28,25,53
2026-07-30 10:16:30,25,54
2026-07-30 10:16:32,25,54
2026-07-30 10:16:34,25,54
2026-07-30 10:16:36,25,54
2026-07-30 10:16:38,25,53
2026-07-30 10:16:40,25,53
2026-07-30 10:16:42,25,53
2026-07-30 10:16:44,25,53
2026-07-30 10:16:46,25,53
2026-07-30 10:16:48,25,53
2026-07-30 10:16:50,25,54
2026-07-30 10:16:52,25,54
2026-07-30 10:16:54,25,53
2026-07-30 10:16:56,25,53
2026-07-30 10:16:58,25,53
2026-07-30 10:17:00,25,53
2026-07-30 10:17:02,25,53
2026-07-30 10:17:04,25,53
2026-07-30 10:17:06,25,53
2026-07-30 10:17:08,25,53
2026-07-30 10:17:10,25,54
2026-07-30 10:17:12,25,53
2026-07-30 10:17:14,25,53
2026-07-30 10:17:16,25,53
2026-07-30 10:17:18,25,53
2026-07-30 10:17:20,25,53
2026-07-30 10:17:22,25,53
2026-07-30 10:17:24,25,53
2026-07-30 10:17:26,25,52
2026-07-30 10:17:28,25,52
2026-07-30 10:17:30,25,52
2026-07-30 10:17:32,25,52
2026-07-30 10:17:34,25,54
2026-07-30 10:17:36,25,54
2026-07-30 10:17:38,25,54
2026-07-30 10:17:40,25,54
2026-07-30 10:17:42,25,54
2026-07-30 10:17:44,25,54
2026-07-30 10:17:46,25,54
2026-07-30 10:17:48,25,54
2026-07-30 10:17:51,25,54
2026-07-30 10:17:53,25,55
2026-07-30 10:17:55,25,55
2026-07-30 10:17:57,25,55
2026-07-30 10:17:59,25,55
2026-07-30 10:18:01,25,54
2026-07-30 10:18:03,25,54
2026-07-30 10:18:05,25,54
2026-07-30 10:18:07,25,54
2026-07-30 10:18:09,25,54
2026-07-30 10:18:11,25,53
2026-07-30 10:18:13,25,53
2026-07-30 10:18:15,25,53
2026-07-30 10:18:17,25,53
2026-07-30 10:18:19,25,53
2026-07-30 10:18:21,25,53
2026-07-30 10:18:23,25,53
2026-07-30 10:18:25,25,53
2026-07-30 10:18:27,25,54
2026-07-30 10:18:29,25,54
2026-07-30 10:18:31,25,54
2026-07-30 10:18:33,25,54
2026-07-30 10:18:35,25,54
2026-07-30 10:18:39,25,54
2026-07-30 10:19:01,25,54
2026-07-30 10:19:03,25,55
2026-07-30 10:19:05,25,55
2026-07-30 10:19:07,25,55
2026-07-30 10:19:09,25,55
2026-07-30 10:19:11,24,56
2026-07-30 10:19:13,25,56
2026-07-30 10:19:15,25,55
2026-07-30 10:19:18,25,55
2026-07-30 10:19:27,25,55
2026-07-30 10:19:29,25,55
2026-07-30 10:19:31,25,55
2026-07-30 10:19:35,25,54
2026-07-30 10:19:37,25,54
2026-07-30 10:19:39,24,54
2026-07-30 10:19:41,24,54
2026-07-30 10:19:43,25,54
2026-07-30 10:19:45,24,54
2026-07-30 10:19:47,24,54
2026-07-30 10:19:49,24,54
2026-07-30 10:19:51,24,54
2026-07-30 10:19:53,24,54
2026-07-30 10:19:55,24,54
2026-07-30 10:19:57,24,54
2026-07-30 10:19:59,24,53
2026-07-30 10:20:01,24,53
2026-07-30 10:20:03,24,53
2026-07-30 10:20:05,24,53
2026-07-30 10:20:07,24,53
2026-07-30 10:20:09,24,53
2026-07-30 10:20:11,24,52
2026-07-30 10:20:13,24,52
2026-07-30 10:20:15,24,52
2026-07-30 10:20:17,24,53
2026-07-30 10:20:19,24,53
2026-07-30 10:20:21,24,53
2026-07-30 10:20:23,24,53
2026-07-30 10:20:26,24,53
2026-07-30 10:20:28,24,53
2026-07-30 10:20:30,24,53
2026-07-30 10:20:32,24,54
2026-07-30 10:20:34,24,54
2026-07-30 10:20:36,24,54
2026-07-30 10:20:38,24,54
2026-07-30 10:20:40,24,54
2026-07-30 10:20:42,24,54
2026-07-30 10:20:44,25,54
2026-07-30 10:20:46,25,54
2026-07-30 10:20:48,24,53
2026-07-30 10:20:50,25,54
2026-07-30 10:20:52,25,53
2026-07-30 10:20:54,25,53
2026-07-30 10:20:56,25,53
2026-07-30 10:20:58,25,53
2026-07-30 10:21:00,24,52
2026-07-30 10:21:02,25,52
2026-07-30 10:21:04,25,53
2026-07-30 10:21:06,25,53
2026-07-30 10:21:08,25,52
2026-07-30 10:21:10,25,52
2026-07-30 10:21:12,25,53
2026-07-30 10:21:14,25,53
2026-07-30 10:21:16,24,52
2026-07-30 10:21:18,24,52
2026-07-30 10:21:20,25,52
2026-07-30 10:21:22,24,53
2026-07-30 10:21:24,25,53
2026-07-30 10:21:26,25,53
2026-07-30 10:21:28,25,52
2026-07-30 10:21:30,24,52
2026-07-30 10:21:32,24,52
2026-07-30 10:21:34,25,53
2026-07-30 10:21:36,24,53
2026-07-30 10:21:38,24,53
2026-07-30 10:21:40,24,53
2026-07-30 10:21:42,25,53
2026-07-30 10:21:44,24,53
2026-07-30 10:21:46,25,53
2026-07-30 10:21:48,24,53
2026-07-30 10:21:50,25,53
2026-07-30 10:21:53,24,52
2026-07-30 10:21:55,25,52
2026-07-30 10:21:57,25,52
2026-07-30 10:21:59,25,52
2026-07-30 10:22:01,25,52
2026-07-30 10:22:03,24,52
2026-07-30 10:22:05,25,52
2026-07-30 10:22:07,25,53
2026-07-30 10:22:09,25,53
2026-07-30 10:22:11,25,53
2026-07-30 10:22:13,25,53
2026-07-30 10:22:15,25,53
2026-07-30 10:22:17,25,54
2026-07-30 10:22:19,25,54
2026-07-30 10:22:21,25,54
2026-07-30 10:22:23,25,54
2026-07-30 10:22:25,25,54
2026-07-30 10:22:27,25,54
2026-07-30 10:22:29,25,54
2026-07-30 10:22:31,25,54
2026-07-30 10:22:33,25,54
2026-07-30 10:22:35,25,54
2026-07-30 10:22:37,25,54
2026-07-30 10:22:39,25,54
2026-07-30 10:22:41,25,54
2026-07-30 10:22:43,25,54
2026-07-30 10:22:45,25,54
2026-07-30 10:22:47,25,54
2026-07-30 10:22:49,25,54
2026-07-30 10:22:51,25,54
2026-07-30 10:22:53,25,54
2026-07-30 10:22:55,25,55
2026-07-30 10:22:57,25,55
2026-07-30 10:22:59,25,56
2026-07-30 10:23:01,25,56
2026-07-30 10:23:03,25,56
2026-07-30 10:23:05,25,55
2026-07-30 10:23:07,25,54
2026-07-30 10:23:09,25,54
2026-07-30 10:23:11,25,55
2026-07-30 10:23:13,25,56
2026-07-30 10:23:15,25,56
2026-07-30 10:23:17,25,57
2026-07-30 10:23:20,25,57
2026-07-30 10:23:22,25,56
2026-07-30 10:23:24,25,55
2026-07-30 10:23:26,25,55
2026-07-30 10:23:28,25,55
2026-07-30 10:23:30,25,55
2026-07-30 10:23:32,25,55
2026-07-30 10:23:34,25,55
2026-07-30 10:23:36,25,56
2026-07-30 10:23:38,25,56
2026-07-30 10:23:40,25,56
2026-07-30 10:23:42,25,56
2026-07-30 10:23:44,25,56
2026-07-30 14:43:16,24,52,local
2026-07-30 14:43:18,24,54,local
2026-07-30 14:43:20,24,54,local
2026-07-30 14:43:22,24,54,local
2026-07-30 14:43:24,24,54,local
2026-07-30 14:43:26,24,54,local
2026-07-30 14:43:28,24,54,local
2026-07-30 14:43:30,24,54,local
2026-07-30 14:43:32,24,54,local
2026-07-30 14:43:34,24,54,local
2026-07-30 14:43:36,24,54,local
2026-07-30 14:43:38,24,54,local
2026-07-30 14:43:40,24,54,local
2026-07-30 14:43:42,24,57,local
2026-07-30 14:43:45,24,59,local
2026-07-30 14:43:47,25,62,local
2026-07-30 14:43:49,25,62,local
2026-07-30 14:43:51,25,62,local
2026-07-30 14:43:53,25,61,local
2026-07-30 14:43:55,25,60,local
2026-07-30 14:43:57,25,59,local
2026-07-30 14:43:59,25,58,local
2026-07-30 14:44:01,25,58,local
2026-07-30 14:44:03,25,57,local
2026-07-30 14:44:05,25,57,local
2026-07-30 14:44:07,25,56,local
2026-07-30 14:44:09,25,56,local
2026-07-30 14:44:11,25,55,local
2026-07-30 14:44:13,25,55,local
2026-07-30 14:44:15,25,55,local
2026-07-30 14:44:17,25,54,local
2026-07-30 14:44:19,25,54,local
2026-07-30 14:44:21,25,54,local
2026-07-30 14:44:23,25,54,local
2026-07-30 14:44:25,25,54,local
2026-07-30 14:44:27,25,53,local
2026-07-30 14:44:29,25,53,local
2026-07-30 14:44:31,25,53,local
2026-07-30 14:44:33,25,53,local
2026-07-30 14:44:35,25,53,local
2026-07-30 14:44:37,25,53,local
2026-07-30 14:44:39,25,53,local
2026-07-30 14:44:41,25,53,local
2026-07-30 14:44:43,25,53,local
2026-07-30 14:44:45,25,53,local
2026-07-30 14:44:47,25,53,local
2026-07-30 14:44:49,25,53,local
2026-07-30 14:44:51,25,53,local
2026-07-30 14:44:53,25,53,local
2026-07-30 14:44:56,25,53,local
2026-07-30 14:44:58,25,56,local
2026-07-30 14:45:00,25,60,local
2026-07-30 14:45:02,25,64,local
2026-07-30 14:45:04,25,67,local
2026-07-30 14:45:06,25,67,local
2026-07-30 14:45:08,26,66,local
2026-07-30 14:45:10,26,65,local
2026-07-30 14:45:12,26,63,local
2026-07-30 14:45:14,26,62,local
2026-07-30 14:45:16,26,61,local
2026-07-30 14:45:18,26,60,local
2026-07-30 14:45:20,26,59,local
2026-07-30 14:45:22,26,58,local
2026-07-30 14:45:24,26,57,local
2026-07-30 14:45:26,26,56,local
2026-07-30 14:45:28,26,56,local
2026-07-30 14:45:30,26,55,local
2026-07-30 14:45:32,26,55,local
2026-07-30 14:45:34,26,54,local
2026-07-30 14:45:36,26,54,local
2026-07-30 14:45:38,26,54,local
2026-07-30 14:45:40,26,54,local
2026-07-30 14:45:42,26,53,local
2026-07-30 14:45:44,26,53,local
2026-07-30 14:45:46,26,53,local
2026-07-30 14:45:48,26,53,local
2026-07-30 14:45:50,26,53,local
2026-07-30 14:45:52,26,53,local
2026-07-30 14:45:54,26,52,local
2026-07-30 14:45:56,26,52,local
2026-07-30 14:45:58,26,52,local
2026-07-30 14:46:00,26,52,local
2026-07-30 14:46:02,26,52,local
2026-07-30 14:46:05,26,52,local
2026-07-30 14:46:07,26,52,local
2026-07-30 14:46:09,25,52,local
2026-07-30 14:46:11,25,52,local
2026-07-30 14:46:13,25,52,local
2026-07-30 14:46:15,25,52,local
2026-07-30 14:46:17,25,52,local
2026-07-30 14:46:19,25,52,local
2026-07-30 14:46:21,25,52,local
2026-07-30 14:46:23,25,52,local
2026-07-30 14:46:25,25,52,local
2026-07-30 14:46:27,25,52,local
2026-07-30 14:46:29,25,52,local
2026-07-30 14:46:31,25,52,local
2026-07-30 14:46:33,25,52,local
2026-07-30 14:46:35,25,52,local
2026-07-30 14:46:37,25,52,local
2026-07-30 14:46:39,25,52,local
2026-07-30 14:46:41,25,52,local
2026-07-30 14:46:43,25,52,local
2026-07-30 14:46:45,25,52,local
2026-07-30 14:46:47,25,52,local
2026-07-30 14:46:49,25,52,local
2026-07-30 14:46:51,25,52,local
2026-07-30 14:46:53,25,52,local
2026-07-30 14:46:55,25,52,local
2026-07-30 14:46:57,25,52,local
2026-07-30 14:46:59,25,52,local
2026-07-30 14:47:01,25,52,local
2026-07-30 14:47:03,25,52,local
2026-07-30 14:47:05,25,52,local
2026-07-30 14:47:07,25,52,local
2026-07-30 14:47:09,25,52,local
2026-07-30 14:47:11,25,52,local
2026-07-30 14:47:13,25,52,local
2026-07-30 14:47:16,25,52,local
2026-07-30 14:47:18,25,52,local
2026-07-30 14:47:20,25,52,local
2026-07-30 14:47:22,25,52,local
2026-07-30 14:47:24,25,52,local
2026-07-30 14:47:26,25,52,local
2026-07-30 14:47:28,25,52,local
2026-07-30 14:47:30,25,52,local
2026-07-30 14:47:32,25,52,local
2026-07-30 14:47:34,25,52,local
2026-07-30 14:47:36,25,52,local
2026-07-30 14:47:38,25,52,local
2026-07-30 14:47:40,25,52,local
2026-07-30 14:47:42,25,52,local
2026-07-30 14:47:44,25,52,local
2026-07-30 14:47:46,25,52,local
2026-07-30 14:47:48,25,52,local
2026-07-30 14:47:50,25,52,local
2026-07-30 14:47:52,25,52,local
2026-07-30 14:47:54,25,52,local
2026-07-30 14:47:56,25,52,local
2026-07-30 14:47:58,25,52,local
2026-07-30 14:48:00,25,52,local
2026-07-30 14:48:02,25,52,local
2026-07-30 14:48:04,25,52,local
2026-07-30 14:48:06,25,52,local
2026-07-30 14:48:08,25,52,local
2026-07-30 14:48:10,25,52,local
2026-07-30 14:48:12,25,52,local
2026-07-30 14:48:14,25,52,local
2026-07-30 14:48:16,25,52,local
2026-07-30 14:48:18,25,52,local
2026-07-30 14:48:20,25,52,local
2026-07-30 14:48:22,25,52,local
2026-07-30 14:48:25,25,52,local
2026-07-30 14:48:27,25,52,local
2026-07-30 14:48:29,25,52,local
2026-07-30 14:48:31,25,52,local
2026-07-30 14:48:33,25,52,local
2026-07-30 14:48:35,25,52,local
2026-07-30 14:48:37,25,52,local
2026-07-30 14:48:39,25,52,local
2026-07-30 14:48:41,25,52,local
2026-07-30 14:48:43,25,52,local
2026-07-30 15:02:09,25,52,local
2026-07-30 15:02:27,25,55,local
2026-07-30 15:02:29,27,56,remote
2026-07-30 15:02:29,28,48,local
2026-07-30 15:02:31,28,48,local
2026-07-30 15:02:37,28,48,local
2026-07-30 15:02:39,27,54,remote
2026-07-30 15:02:39,28,49,local
2026-07-30 15:02:41,27,54,remote
2026-07-30 15:02:42,28,49,local
2026-07-30 15:02:43,27,54,remote
2026-07-30 15:02:44,28,48,local
2026-07-30 15:02:45,27,53,remote
2026-07-30 15:02:46,28,48,local
2026-07-30 15:02:47,27,53,remote
2026-07-30 15:02:48,28,48,local
2026-07-30 15:02:49,27,53,remote
2026-07-30 15:02:50,28,48,local
2026-07-30 15:02:51,27,53,remote
2026-07-30 15:02:52,28,48,local
2026-07-30 15:02:53,27,53,remote
2026-07-30 15:02:54,27,48,local
2026-07-30 15:02:55,27,52,remote
2026-07-30 15:02:56,27,48,local
2026-07-30 15:02:57,27,52,remote
2026-07-30 15:02:58,27,48,local
2026-07-30 15:02:59,27,52,remote
2026-07-30 15:03:00,27,48,local
2026-07-30 15:03:01,27,52,remote
2026-07-30 15:03:02,27,48,local
2026-07-30 15:03:03,27,52,remote
2026-07-30 15:03:04,27,48,local
2026-07-30 15:03:05,27,52,remote
2026-07-30 15:03:06,27,48,local
2026-07-30 15:03:07,27,52,remote
2026-07-30 15:03:08,27,48,local
2026-07-30 15:03:09,27,52,remote
2026-07-30 15:03:10,27,48,local
2026-07-30 15:03:11,27,52,remote
2026-07-30 15:03:12,27,48,local
2026-07-30 15:03:13,27,52,remote
2026-07-30 15:03:14,27,48,local
2026-07-30 15:03:15,27,52,remote
2026-07-30 15:03:16,27,48,local
2026-07-30 15:03:17,26,52,remote
2026-07-30 15:03:18,27,48,local
2026-07-30 15:03:19,26,52,remote
2026-07-30 15:03:21,26,52,remote
2026-07-30 15:03:23,26,52,remote
2026-07-30 15:03:25,26,52,remote
2026-07-30 15:03:26,27,49,local
2026-07-30 15:03:27,26,51,remote
2026-07-30 15:03:29,26,51,remote
2026-07-30 15:03:30,28,61,local
2026-07-30 15:03:32,26,51,remote
2026-07-30 15:03:32,28,67,local
2026-07-30 15:03:34,26,53,remote
2026-07-30 15:03:34,28,69,local
2026-07-30 15:03:36,26,56,remote
2026-07-30 15:03:36,28,70,local
2026-07-30 15:03:38,26,59,remote
2026-07-30 15:03:40,26,61,remote
2026-07-30 15:03:42,26,63,remote
2026-07-30 15:03:44,27,76,remote
2026-07-30 15:03:46,28,92,remote
2026-07-30 15:03:48,28,96,remote
2026-07-30 15:03:50,28,95,remote
2026-07-30 15:03:50,28,70,local
2026-07-30 15:03:52,28,95,remote
2026-07-30 15:03:52,29,79,local
2026-07-30 15:03:54,29,95,remote
2026-07-30 15:03:56,29,95,remote
2026-07-30 15:03:58,29,95,remote
2026-07-30 15:03:58,30,78,local
2026-07-30 15:04:00,29,95,remote
2026-07-30 15:04:00,30,74,local
2026-07-30 15:04:02,29,95,remote
2026-07-30 15:04:02,30,82,local
2026-07-30 15:04:04,29,95,remote
2026-07-30 15:04:04,31,90,local
2026-07-30 15:04:06,29,95,remote
2026-07-30 15:04:06,31,90,local
2026-07-30 15:04:08,29,95,remote
2026-07-30 15:04:09,31,91,local
2026-07-30 15:04:10,29,95,remote
2026-07-30 15:04:11,31,90,local
2026-07-30 15:04:12,29,95,remote
2026-07-30 15:04:13,31,89,local
2026-07-30 15:04:14,29,95,remote
2026-07-30 15:04:15,31,86,local
2026-07-30 15:04:16,29,95,remote
2026-07-30 15:04:17,31,83,local
2026-07-30 15:04:18,29,95,remote
2026-07-30 15:04:19,31,80,local
2026-07-30 15:04:20,29,95,remote
2026-07-30 15:04:21,31,76,local
2026-07-30 15:04:22,28,95,remote
2026-07-30 15:04:23,31,73,local
2026-07-30 15:04:24,28,95,remote
2026-07-30 15:04:25,31,69,local
2026-07-30 15:04:26,28,96,remote
2026-07-30 15:04:27,31,65,local
2026-07-30 15:04:28,28,96,remote
2026-07-30 15:04:29,31,61,local
2026-07-30 15:04:30,28,95,remote
2026-07-30 15:04:31,30,58,local
2026-07-30 15:04:32,28,94,remote
2026-07-30 15:04:33,30,55,local
2026-07-30 15:04:34,28,93,remote
2026-07-30 15:04:35,30,53,local
2026-07-30 15:04:36,28,90,remote
2026-07-30 15:04:37,30,52,local
2026-07-30 15:04:38,28,87,remote
2026-07-30 15:04:39,30,50,local
2026-07-30 15:04:40,28,86,remote
2026-07-30 15:04:41,30,49,local
2026-07-30 15:04:43,27,78,remote
2026-07-30 15:04:43,30,49,local
2026-07-30 15:04:45,27,81,remote
2026-07-30 15:04:45,30,48,local
2026-07-30 15:04:47,27,76,remote
2026-07-30 15:04:47,30,47,local
2026-07-30 15:04:49,27,80,remote
2026-07-30 15:04:49,30,47,local
2026-07-30 15:04:51,27,80,remote
2026-07-30 15:04:51,30,47,local
2026-07-30 15:04:53,27,80,remote
2026-07-30 15:04:53,30,46,local
2026-07-30 15:04:55,27,79,remote
2026-07-30 15:04:55,30,46,local
2026-07-30 15:04:57,28,79,remote
2026-07-30 15:04:57,30,46,local
2026-07-30 15:04:59,28,78,remote
2026-07-30 15:04:59,30,46,local
2026-07-30 15:05:01,28,76,remote
2026-07-30 15:05:01,30,46,local
2026-07-30 15:05:03,28,75,remote
2026-07-30 15:05:03,29,46,local
2026-07-30 15:05:05,28,73,remote
2026-07-30 15:05:07,28,71,remote
2026-07-30 15:05:09,28,70,remote
2026-07-30 15:05:11,28,68,remote
2026-07-30 15:05:13,28,66,remote
2026-07-30 15:05:15,28,65,remote
2026-07-30 15:05:15,29,46,local
2026-07-30 15:05:17,28,63,remote
2026-07-30 15:05:19,28,62,remote
2026-07-30 15:05:21,28,61,remote
2026-07-30 15:05:23,28,60,remote
2026-07-30 15:05:25,28,59,remote
2026-07-30 15:05:27,28,58,remote
2026-07-30 15:05:29,28,57,remote
2026-07-30 15:05:31,28,56,remote
2026-07-30 15:05:33,28,56,remote
2026-07-30 15:05:35,28,55,remote
2026-07-30 15:05:37,28,55,remote
2026-07-30 15:05:39,28,54,remote
2026-07-30 15:05:41,28,54,remote
2026-07-30 15:05:43,28,54,remote
2026-07-30 15:05:45,28,53,remote
2026-07-30 15:05:47,28,53,remote
2026-07-30 15:05:49,28,53,remote
2026-07-30 15:05:52,28,53,remote
2026-07-30 15:05:54,28,52,remote
2026-07-30 15:05:56,28,52,remote
2026-07-30 15:05:58,28,52,remote
2026-07-30 15:06:00,27,52,remote
2026-07-30 15:06:02,27,52,remote
2026-07-30 15:06:04,27,51,remote
2026-07-30 15:06:06,27,60,remote
2026-07-30 15:06:08,28,76,remote
2026-07-30 15:06:10,28,79,remote
2026-07-30 15:06:12,28,80,remote
2026-07-30 15:06:14,28,80,remote
2026-07-30 15:06:16,28,80,remote
2026-07-30 15:06:18,28,79,remote
2026-07-30 15:06:20,28,78,remote
2026-07-30 15:06:20,30,66,local
2026-07-30 15:06:22,28,77,remote
2026-07-30 15:06:22,29,46,local
2026-07-30 15:06:24,28,76,remote
2026-07-30 15:06:24,29,48,local
2026-07-30 15:06:26,27,74,remote
2026-07-30 15:06:26,29,48,local
2026-07-30 15:06:28,27,73,remote
2026-07-30 15:06:28,29,49,local
2026-07-30 15:06:30,27,72,remote
2026-07-30 15:06:30,29,50,local
2026-07-30 15:06:32,27,70,remote
2026-07-30 15:06:32,29,50,local
2026-07-30 15:06:34,27,68,remote
2026-07-30 15:06:34,29,51,local
2026-07-30 15:06:36,27,67,remote
2026-07-30 15:06:36,29,53,local
2026-07-30 15:06:38,27,65,remote
2026-07-30 15:06:38,29,56,local
2026-07-30 15:06:40,29,57,local
2026-07-30 15:06:40,27,61,remote
2026-07-30 15:06:42,29,58,local
2026-07-30 15:06:42,27,63,remote
2026-07-30 15:06:44,29,57,local
2026-07-30 15:06:44,27,62,remote
2026-07-30 15:06:46,27,62,remote
2026-07-30 15:06:48,29,54,local
2026-07-30 15:06:48,27,63,remote
2026-07-30 15:06:50,29,52,local
2026-07-30 15:06:50,27,62,remote
2026-07-30 15:06:52,29,52,local
2026-07-30 15:06:52,27,62,remote
2026-07-30 15:06:54,29,51,local
2026-07-30 15:06:54,27,62,remote
2026-07-30 15:06:56,29,50,local
2026-07-30 15:06:56,27,64,remote
2026-07-30 15:06:58,29,49,local
2026-07-30 15:06:58,27,66,remote
2026-07-30 15:07:00,29,49,local
2026-07-30 15:07:00,27,67,remote
2026-07-30 15:07:02,29,48,local
2026-07-30 15:07:03,28,69,remote
2026-07-30 15:07:05,29,47,local
2026-07-30 15:07:05,28,71,remote
2026-07-30 15:07:07,29,47,local
2026-07-30 15:07:07,28,72,remote
2026-07-30 15:07:09,29,47,local
2026-07-30 15:07:09,28,74,remote
2026-07-30 15:07:11,29,46,local
2026-07-30 15:07:11,28,75,remote
2026-07-30 15:07:13,29,46,local
2026-07-30 15:07:13,29,75,remote
2026-07-30 15:07:15,29,46,local
2026-07-30 15:07:15,29,74,remote
2026-07-30 15:07:17,29,46,local
2026-07-30 15:07:17,29,74,remote
2026-07-30 15:07:19,29,46,local
2026-07-30 15:07:19,29,73,remote
2026-07-30 15:07:21,28,46,local
2026-07-30 15:07:21,29,72,remote
2026-07-30 15:07:23,28,46,local
2026-07-30 15:07:23,29,70,remote
2026-07-30 15:07:25,28,46,local
2026-07-30 15:07:25,30,68,remote
2026-07-30 15:07:27,28,46,local
2026-07-30 15:07:27,30,66,remote
2026-07-30 15:07:29,28,46,local
2026-07-30 15:07:29,30,63,remote
2026-07-30 15:07:31,28,46,local
2026-07-30 15:07:31,30,62,remote
2026-07-30 15:07:33,28,46,local
2026-07-30 15:07:33,30,60,remote
2026-07-30 15:07:35,28,47,local
2026-07-30 15:07:35,30,58,remote
2026-07-30 15:07:37,30,57,remote
2026-07-30 15:07:39,28,47,local
2026-07-30 15:07:39,30,56,remote
2026-07-30 15:07:41,30,54,remote
2026-07-30 15:07:43,30,53,remote
2026-07-30 15:07:45,30,52,remote
2026-07-30 15:07:47,30,51,remote
2026-07-30 15:07:49,30,51,remote
2026-07-30 15:07:51,30,50,remote
2026-07-30 15:07:53,30,49,remote
2026-07-30 15:07:55,30,49,remote
2026-07-30 15:07:57,29,49,remote
2026-07-30 15:07:59,29,48,remote
2026-07-30 15:08:01,29,48,remote
2026-07-30 15:08:03,29,47,remote
2026-07-30 15:08:05,29,47,remote
2026-07-30 15:08:07,29,47,remote
2026-07-30 15:08:09,29,47,remote
2026-07-30 15:08:12,29,47,remote
2026-07-30 15:08:14,29,47,remote
2026-07-30 15:08:16,29,49,remote
2026-07-30 15:08:18,29,52,remote
2026-07-30 15:08:20,29,53,remote
2026-07-30 15:08:22,29,52,remote
2026-07-30 15:08:24,29,51,remote
2026-07-30 15:08:26,29,50,remote
2026-07-30 15:08:28,29,49,remote
2026-07-30 15:08:30,29,49,remote
2026-07-30 15:08:32,29,48,remote
2026-07-30 15:08:34,29,48,remote
2026-07-30 15:08:36,29,47,remote
2026-07-30 15:08:38,29,47,remote
2026-07-30 15:08:40,29,47,remote
2026-07-30 15:08:42,29,47,remote
2026-07-30 15:08:44,29,46,remote
2026-07-30 15:08:46,29,46,remote
2026-07-30 15:08:48,29,46,remote
2026-07-30 15:08:50,29,46,remote
2026-07-30 15:08:52,29,46,remote
2026-07-30 15:08:54,29,46,remote
2026-07-30 15:08:56,29,45,remote
2026-07-30 15:08:58,29,45,remote
2026-07-30 15:09:00,29,45,remote
2026-07-30 15:09:02,29,45,remote
2026-07-30 15:09:04,28,45,remote
2026-07-30 15:09:06,28,45,remote
2026-07-30 15:09:08,28,45,remote
2026-07-30 15:09:10,28,45,remote
2026-07-30 15:09:12,28,45,remote
2026-07-30 15:09:14,28,45,remote
2026-07-30 15:09:16,28,45,remote
2026-07-30 15:09:18,28,45,remote
2026-07-30 15:09:20,28,45,remote
2026-07-30 15:09:23,28,45,remote
2026-07-30 15:09:25,28,45,remote
2026-07-30 15:09:27,28,46,remote
2026-07-30 15:09:29,28,46,remote
2026-07-30 15:09:31,28,46,remote
2026-07-30 15:09:33,28,46,remote
2026-07-30 15:09:35,28,46,remote
2026-07-30 15:09:37,28,46,remote
2026-07-30 15:09:39,28,46,remote
2026-07-30 15:09:41,28,46,remote
2026-07-30 15:09:42,28,46,local
2026-07-30 15:09:43,28,46,remote
2026-07-30 15:09:44,27,47,local
2026-07-30 15:09:45,28,47,remote
2026-07-30 15:09:46,27,47,local
2026-07-30 15:09:47,28,81,remote
2026-07-30 15:09:48,27,47,local
2026-07-30 15:09:49,28,84,remote
2026-07-30 15:09:50,27,47,local
2026-07-30 15:09:51,28,86,remote
2026-07-30 15:09:52,27,47,local
2026-07-30 15:09:53,28,87,remote
2026-07-30 15:09:54,27,47,local
2026-07-30 15:09:55,28,87,remote
2026-07-30 15:09:56,27,47,local
2026-07-30 15:09:57,28,87,remote
2026-07-30 15:09:58,27,47,local
2026-07-30 15:09:59,28,87,remote
2026-07-30 15:10:00,27,47,local
2026-07-30 15:10:01,28,88,remote
2026-07-30 15:10:02,27,47,local
2026-07-30 15:10:03,28,88,remote
2026-07-30 15:10:05,27,47,local
2026-07-30 15:10:05,29,88,remote
2026-07-30 15:10:07,27,47,local
2026-07-30 15:10:07,29,88,remote
2026-07-30 15:10:09,27,47,local
2026-07-30 15:10:09,29,89,remote
2026-07-30 15:10:11,27,47,local
2026-07-30 15:10:11,29,89,remote
2026-07-30 15:10:13,27,47,local
2026-07-30 15:10:13,29,89,remote
2026-07-30 15:10:15,27,48,local
2026-07-30 15:10:15,29,88,remote
2026-07-30 15:10:17,27,48,local
2026-07-30 15:10:17,30,88,remote
2026-07-30 15:10:19,27,48,local
2026-07-30 15:10:19,30,88,remote
2026-07-30 15:10:21,27,48,local
2026-07-30 15:10:21,30,88,remote
2026-07-30 15:10:23,27,48,local
2026-07-30 15:10:23,30,88,remote
2026-07-30 15:10:25,27,48,local
2026-07-30 15:10:25,30,88,remote
2026-07-30 15:10:27,27,48,local
2026-07-30 15:10:27,30,88,remote
2026-07-30 15:10:29,27,48,local
2026-07-30 15:10:29,31,87,remote
2026-07-30 15:10:31,27,47,local
2026-07-30 15:10:32,31,87,remote
2026-07-30 15:10:33,27,47,local
2026-07-30 15:10:34,31,87,remote
2026-07-30 15:10:35,27,47,local
2026-07-30 15:10:36,31,87,remote
2026-07-30 15:10:37,27,47,local
2026-07-30 15:10:38,31,87,remote
2026-07-30 15:10:39,27,47,local
2026-07-30 15:10:40,31,86,remote
2026-07-30 15:10:41,27,47,local
2026-07-30 15:10:42,31,86,remote
2026-07-30 15:10:43,27,47,local
2026-07-30 15:10:44,31,86,remote
2026-07-30 15:10:45,27,47,local
2026-07-30 15:10:46,32,86,remote
2026-07-30 15:10:47,27,47,local
2026-07-30 15:10:48,32,86,remote
2026-07-30 15:10:49,27,47,local
2026-07-30 15:10:50,32,86,remote
2026-07-30 15:10:51,27,47,local
2026-07-30 15:10:52,32,85,remote
2026-07-30 15:10:53,27,47,local
2026-07-30 15:10:54,32,85,remote
2026-07-30 15:10:55,27,47,local
2026-07-30 15:10:56,32,85,remote
2026-07-30 15:10:57,27,47,local
2026-07-30 15:10:58,32,85,remote
2026-07-30 15:10:59,27,47,local
2026-07-30 15:11:00,32,85,remote
2026-07-30 15:11:01,26,47,local
2026-07-30 15:11:02,32,83,remote
2026-07-30 15:11:03,26,48,local
2026-07-30 15:11:04,32,81,remote
2026-07-30 15:11:05,26,48,local
2026-07-30 15:11:06,32,79,remote
2026-07-30 15:11:07,26,48,local
2026-07-30 15:11:08,32,76,remote
2026-07-30 15:11:09,26,48,local
2026-07-30 15:11:10,32,73,remote
2026-07-30 15:11:11,26,48,local
2026-07-30 15:11:12,32,69,remote
2026-07-30 15:11:13,26,48,local
2026-07-30 15:11:14,32,66,remote
2026-07-30 15:11:15,26,48,local
2026-07-30 15:11:16,32,62,remote
2026-07-30 15:11:17,26,48,local
2026-07-30 15:11:18,32,59,remote
2026-07-30 15:11:19,26,47,local
2026-07-30 15:11:20,32,57,remote
2026-07-30 15:11:21,26,47,local
2026-07-30 15:11:22,32,55,remote
2026-07-30 15:11:23,26,47,local
2026-07-30 15:11:24,32,53,remote
2026-07-30 15:11:25,26,47,local
2026-07-30 15:11:26,32,51,remote
2026-07-30 15:11:27,26,47,local
2026-07-30 15:11:28,32,50,remote
2026-07-30 15:11:30,26,47,local
2026-07-30 15:11:30,32,49,remote
2026-07-30 15:11:32,26,47,local
2026-07-30 15:11:32,32,48,remote
2026-07-30 15:11:34,26,47,local
2026-07-30 15:11:34,31,47,remote
2026-07-30 15:11:36,26,47,local
2026-07-30 15:11:36,31,47,remote
2026-07-30 15:11:38,26,47,local
2026-07-30 15:11:38,31,46,remote
2026-07-30 15:11:40,26,47,local
2026-07-30 15:11:40,31,46,remote
2026-07-30 15:11:42,26,47,local
2026-07-30 15:11:43,31,48,remote
2026-07-30 15:11:44,26,48,local
2026-07-30 15:11:45,31,50,remote
2026-07-30 15:11:46,26,48,local
2026-07-30 15:11:47,31,53,remote
2026-07-30 15:11:48,26,48,local
2026-07-30 15:11:49,31,55,remote
2026-07-30 15:11:50,26,48,local
2026-07-30 15:11:51,31,57,remote
2026-07-30 15:11:52,26,49,local
2026-07-30 15:11:53,31,57,remote
2026-07-30 15:11:54,26,49,local
2026-07-30 15:11:55,31,55,remote
2026-07-30 15:11:56,26,49,local
2026-07-30 15:11:57,31,53,remote
2026-07-30 15:11:58,26,48,local
2026-07-30 15:11:59,31,51,remote
2026-07-30 15:12:00,26,48,local
2026-07-30 15:12:01,31,50,remote
2026-07-30 15:12:02,26,49,local
2026-07-30 15:12:03,31,49,remote
2026-07-30 15:12:04,26,49,local
2026-07-30 15:12:05,31,48,remote
2026-07-30 15:12:06,26,49,local
2026-07-30 15:12:07,31,47,remote
2026-07-30 15:12:08,26,49,local
2026-07-30 15:12:09,31,46,remote
2026-07-30 15:12:10,26,49,local
2026-07-30 15:12:11,31,45,remote
2026-07-30 15:12:12,26,49,local
2026-07-30 15:12:13,31,45,remote
2026-07-30 15:12:14,26,49,local
2026-07-30 15:12:15,31,44,remote
2026-07-30 15:12:16,26,48,local
2026-07-30 15:12:17,31,44,remote
2026-07-30 15:12:18,26,48,local
2026-07-30 15:12:19,31,43,remote
2026-07-30 15:12:20,26,48,local
2026-07-30 15:12:21,31,43,remote
2026-07-30 15:12:22,26,48,local
2026-07-30 15:12:23,31,43,remote
2026-07-30 15:12:24,26,48,local
2026-07-30 15:12:25,31,42,remote
2026-07-30 15:12:26,26,48,local
2026-07-30 15:12:27,31,42,remote
2026-07-30 15:12:28,26,48,local
2026-07-30 15:12:29,30,42,remote
2026-07-30 15:12:30,26,48,local
2026-07-30 15:12:31,30,42,remote
2026-07-30 15:12:33,30,42,remote
2026-07-30 15:12:35,30,42,remote
2026-07-30 15:12:36,26,48,local
2026-07-30 15:12:37,30,41,remote
2026-07-30 15:12:38,26,48,local
2026-07-30 15:12:39,30,41,remote
2026-07-30 15:12:41,30,41,remote
2026-07-30 15:12:42,26,48,local
2026-07-30 15:12:43,30,41,remote
2026-07-30 15:12:44,26,48,local
2026-07-30 15:12:45,30,41,remote
2026-07-30 15:12:47,30,41,remote
2026-07-30 15:12:49,30,41,remote
2026-07-30 15:12:52,30,41,remote
2026-07-30 15:12:54,30,41,remote
2026-07-30 15:12:56,30,41,remote
2026-07-30 15:12:58,30,41,remote
2026-07-30 15:13:00,30,41,remote
2026-07-30 15:13:02,29,42,remote
2026-07-30 15:13:04,29,42,remote
2026-07-30 15:13:06,29,42,remote
2026-07-30 15:13:08,29,42,remote
2026-07-30 15:13:10,29,42,remote
2026-07-30 15:13:12,29,42,remote
2026-07-30 15:13:14,29,42,remote
2026-07-30 15:13:16,29,42,remote
2026-07-30 15:13:18,29,42,remote
2026-07-30 15:13:20,29,42,remote
2026-07-30 15:13:22,29,42,remote
2026-07-30 15:13:24,29,42,remote
2026-07-30 15:13:26,29,42,remote
2026-07-30 15:13:28,29,42,remote
2026-07-30 15:13:30,29,42,remote
2026-07-30 15:13:32,29,42,remote
2026-07-30 15:13:34,29,42,remote
2026-07-30 15:13:36,29,42,remote
2026-07-30 15:13:38,29,42,remote
2026-07-30 15:13:39,26,48,local
2026-07-30 15:13:40,29,42,remote
2026-07-30 15:13:41,26,48,local
2026-07-30 15:13:42,28,43,remote
2026-07-30 15:13:43,26,48,local
2026-07-30 15:13:44,28,43,remote
2026-07-30 15:13:46,28,43,remote
2026-07-30 15:13:48,28,43,remote
2026-07-30 15:13:50,28,43,remote
2026-07-30 15:13:52,28,43,remote
2026-07-30 15:13:54,28,43,remote
2026-07-30 15:13:56,28,43,remote
2026-07-30 15:13:58,28,43,remote
2026-07-30 15:14:00,28,43,remote
2026-07-30 15:14:03,28,43,remote
2026-07-30 15:14:03,26,48,local
2026-07-30 15:14:05,28,43,remote
2026-07-30 15:14:05,26,49,local
2026-07-30 15:14:07,28,44,remote
2026-07-30 15:14:07,26,49,local
2026-07-30 15:14:09,28,44,remote
2026-07-30 15:14:09,26,49,local
2026-07-30 15:14:11,28,44,remote
2026-07-30 15:14:11,26,49,local
2026-07-30 15:14:13,28,44,remote
2026-07-30 15:14:13,26,49,local
2026-07-30 15:14:15,28,44,remote
2026-07-30 15:14:15,26,49,local
2026-07-30 15:14:17,28,44,remote
2026-07-30 15:14:17,26,49,local
2026-07-30 15:14:19,28,44,remote
2026-07-30 15:14:19,26,49,local
2026-07-30 15:14:21,28,44,remote
2026-07-30 15:14:21,26,49,local
2026-07-30 15:14:23,28,44,remote
2026-07-30 15:14:23,26,49,local
2026-07-30 15:14:25,28,44,remote
2026-07-30 15:14:25,26,49,local
2026-07-30 15:14:27,28,44,remote
2026-07-30 15:14:28,26,49,local
2026-07-30 15:14:29,28,44,remote
2026-07-30 15:14:30,26,49,local
2026-07-30 15:14:31,28,44,remote
2026-07-30 15:14:32,26,50,local
2026-07-30 15:14:33,28,44,remote
2026-07-30 15:14:34,26,50,local
2026-07-30 15:14:35,28,44,remote
2026-07-30 15:14:36,26,50,local
2026-07-30 15:14:37,27,44,remote
2026-07-30 15:14:38,26,50,local
2026-07-30 15:14:39,27,45,remote
2026-07-30 15:14:40,26,50,local
2026-07-30 15:14:41,27,45,remote
2026-07-30 15:14:42,26,50,local
2026-07-30 15:14:43,27,45,remote
2026-07-30 15:14:44,26,50,local
2026-07-30 15:14:45,27,45,remote
2026-07-30 15:14:46,26,50,local
2026-07-30 15:14:47,27,45,remote
2026-07-30 15:14:48,26,50,local
2026-07-30 15:14:49,27,45,remote
2026-07-30 15:14:50,26,50,local
2026-07-30 15:14:51,27,45,remote
2026-07-30 15:14:52,26,50,local
2026-07-30 15:14:53,27,45,remote
2026-07-30 15:14:54,26,50,local
2026-07-30 15:14:55,27,45,remote
2026-07-30 15:14:56,26,51,local
2026-07-30 15:14:57,27,45,remote
2026-07-30 15:14:58,26,53,local
2026-07-30 15:14:59,27,45,remote
2026-07-30 15:15:00,26,52,local
2026-07-30 15:15:01,27,45,remote
2026-07-30 15:15:02,26,54,local
2026-07-30 15:15:03,27,45,remote
2026-07-30 15:15:04,27,56,local
2026-07-30 15:15:05,27,45,remote
2026-07-30 15:15:06,27,58,local
2026-07-30 15:15:07,27,45,remote
2026-07-30 15:15:08,27,60,local
2026-07-30 15:15:09,27,45,remote
2026-07-30 15:15:10,27,61,local
2026-07-30 15:15:12,27,45,remote
2026-07-30 15:15:12,28,63,local
2026-07-30 15:15:14,27,45,remote
2026-07-30 15:15:14,28,64,local
2026-07-30 15:15:16,27,45,remote
2026-07-30 15:15:16,28,65,local
2026-07-30 15:15:18,27,45,remote
2026-07-30 15:15:18,28,64,local
2026-07-30 15:15:20,27,45,remote
2026-07-30 15:15:22,27,45,remote
2026-07-30 15:15:24,27,45,remote
2026-07-30 15:15:26,27,45,remote
2026-07-30 15:15:26,29,61,local
2026-07-30 15:15:28,27,46,remote
2026-07-30 15:15:28,29,54,local
2026-07-30 15:15:30,27,46,remote
2026-07-30 15:15:30,29,55,local
2026-07-30 15:15:32,27,46,remote
2026-07-30 15:15:32,29,57,local
2026-07-30 15:15:34,27,46,remote
2026-07-30 15:15:34,29,59,local
2026-07-30 15:15:36,27,46,remote
2026-07-30 15:15:36,30,60,local
2026-07-30 15:15:38,27,46,remote
2026-07-30 15:15:38,30,60,local
2026-07-30 15:15:40,27,46,remote
2026-07-30 15:15:40,30,58,local
2026-07-30 15:15:42,27,46,remote
2026-07-30 15:15:42,30,55,local
2026-07-30 15:15:44,27,46,remote
2026-07-30 15:15:44,30,53,local
2026-07-30 15:15:46,27,46,remote
2026-07-30 15:15:46,30,52,local
2026-07-30 15:15:48,27,46,remote
2026-07-30 15:15:48,30,50,local
2026-07-30 15:15:50,27,46,remote
2026-07-30 15:15:50,30,49,local
2026-07-30 15:15:52,27,50,remote
2026-07-30 15:15:52,30,48,local
2026-07-30 15:15:54,27,74,remote
2026-07-30 15:15:55,30,47,local
2026-07-30 15:15:56,28,82,remote
2026-07-30 15:15:57,30,46,local
2026-07-30 15:15:58,28,84,remote
2026-07-30 15:15:59,30,45,local
2026-07-30 15:16:00,28,86,remote
2026-07-30 15:16:01,30,45,local
2026-07-30 15:16:02,28,87,remote
2026-07-30 15:16:03,30,44,local
2026-07-30 15:16:04,28,88,remote
2026-07-30 15:16:05,30,44,local
2026-07-30 15:16:06,28,88,remote
2026-07-30 15:16:07,30,44,local
2026-07-30 15:16:08,28,89,remote
2026-07-30 15:16:09,30,43,local
2026-07-30 15:16:10,28,89,remote
2026-07-30 15:16:11,30,43,local
2026-07-30 15:16:12,28,89,remote
2026-07-30 15:16:13,30,43,local
2026-07-30 15:16:14,28,89,remote
2026-07-30 15:16:15,30,43,local
2026-07-30 15:16:16,28,87,remote
2026-07-30 15:16:17,30,43,local
2026-07-30 15:16:18,28,86,remote
2026-07-30 15:16:19,30,42,local
2026-07-30 15:16:20,28,84,remote
2026-07-30 15:16:21,30,61,local
2026-07-30 15:16:23,28,82,remote
2026-07-30 15:16:23,31,91,local
2026-07-30 15:16:25,28,80,remote
2026-07-30 15:16:25,31,94,local
2026-07-30 15:16:27,28,78,remote
2026-07-30 15:16:27,31,95,local
2026-07-30 15:16:29,28,75,remote
2026-07-30 15:16:29,31,95,local
2026-07-30 15:16:31,28,73,remote
2026-07-30 15:16:31,31,95,local
2026-07-30 15:16:33,28,70,remote
2026-07-30 15:16:33,31,95,local
2026-07-30 15:16:35,28,68,remote
2026-07-30 15:16:35,31,95,local
2026-07-30 15:16:37,28,65,remote
2026-07-30 15:16:37,30,95,local
2026-07-30 15:16:39,28,63,remote
2026-07-30 15:16:39,30,95,local
2026-07-30 15:16:41,28,61,remote
2026-07-30 15:16:41,30,94,local
2026-07-30 15:16:43,28,60,remote
2026-07-30 15:16:43,30,93,local
2026-07-30 15:16:45,28,58,remote
2026-07-30 15:16:45,30,91,local
2026-07-30 15:16:47,28,57,remote
2026-07-30 15:16:47,30,88,local
2026-07-30 15:16:49,28,56,remote
2026-07-30 15:16:49,30,86,local
2026-07-30 15:16:51,28,55,remote
2026-07-30 15:16:51,29,83,local
2026-07-30 15:16:53,28,54,remote
2026-07-30 15:16:53,29,79,local
2026-07-30 15:16:55,28,53,remote
2026-07-30 15:16:55,29,76,local
2026-07-30 15:16:57,28,52,remote
2026-07-30 15:16:57,29,73,local
2026-07-30 15:16:59,28,52,remote
2026-07-30 15:16:59,29,69,local
2026-07-30 15:17:01,28,51,remote
2026-07-30 15:17:01,29,66,local
2026-07-30 15:17:03,28,51,remote
2026-07-30 15:17:03,29,63,local
2026-07-30 15:17:05,28,50,remote
2026-07-30 15:17:05,29,60,local
2026-07-30 15:17:07,28,50,remote
2026-07-30 15:17:07,29,58,local
2026-07-30 15:17:09,28,50,remote
2026-07-30 15:17:09,29,56,local
2026-07-30 15:17:11,28,50,remote
2026-07-30 15:17:11,29,55,local
2026-07-30 15:17:13,28,49,remote
2026-07-30 15:17:13,29,54,local
2026-07-30 15:17:15,28,49,remote
2026-07-30 15:17:15,29,53,local
2026-07-30 15:17:17,28,49,remote
2026-07-30 15:17:17,28,53,local
2026-07-30 15:17:19,28,49,remote
2026-07-30 15:17:20,28,52,local
2026-07-30 15:17:21,28,49,remote
2026-07-30 15:17:22,28,51,local
2026-07-30 15:17:23,28,48,remote
2026-07-30 15:17:24,28,51,local
2026-07-30 15:17:25,28,48,remote
2026-07-30 15:17:26,28,50,local
2026-07-30 15:17:27,28,48,remote
2026-07-30 15:17:28,28,50,local
2026-07-30 15:17:29,28,48,remote
2026-07-30 15:17:30,28,49,local
2026-07-30 15:17:32,27,48,remote
2026-07-30 15:17:32,28,49,local
2026-07-30 15:17:34,27,48,remote
2026-07-30 15:17:34,28,49,local
2026-07-30 15:17:36,27,48,remote
2026-07-30 15:17:36,28,49,local
2026-07-30 15:17:38,27,48,remote
2026-07-30 15:17:38,28,48,local
2026-07-30 15:17:40,27,48,remote
2026-07-30 15:17:40,28,48,local
2026-07-30 15:17:42,27,48,remote
2026-07-30 15:17:42,28,48,local
2026-07-30 15:17:44,27,48,remote
2026-07-30 15:17:44,28,48,local
2026-07-30 15:17:46,27,47,remote
2026-07-30 15:17:46,28,47,local
2026-07-30 15:17:48,27,48,remote
2026-07-30 15:17:48,28,47,local
2026-07-30 15:17:50,27,48,remote
2026-07-30 15:17:50,28,47,local
2026-07-30 15:17:52,27,48,remote
2026-07-30 15:17:52,28,47,local
2026-07-30 15:17:54,27,47,remote
2026-07-30 15:17:54,28,47,local
2026-07-30 15:17:56,27,47,remote
2026-07-30 15:17:56,28,47,local
2026-07-30 15:17:58,27,47,remote
2026-07-30 15:17:58,28,47,local
2026-07-30 15:18:00,27,47,remote
2026-07-30 15:18:00,28,47,local
2026-07-30 15:18:02,27,47,remote
2026-07-30 15:18:02,28,47,local
2026-07-30 15:18:04,27,47,remote
2026-07-30 15:18:04,28,47,local
2026-07-30 15:18:06,27,47,remote
2026-07-30 15:18:06,28,47,local
2026-07-30 15:18:08,27,47,remote
2026-07-30 15:18:08,27,47,local
2026-07-30 15:18:10,27,48,remote
2026-07-30 15:18:10,27,47,local
2026-07-30 15:18:12,27,48,remote
2026-07-30 15:18:12,27,47,local
2026-07-30 15:18:14,27,48,remote
2026-07-30 15:18:14,27,47,local
2026-07-30 15:18:16,27,47,local
2026-07-30 15:18:16,27,48,remote
2026-07-30 15:18:18,27,47,local
2026-07-30 15:18:18,27,48,remote
2026-07-30 15:18:20,27,47,local
2026-07-30 15:18:20,27,48,remote
2026-07-30 15:18:22,27,48,remote
2026-07-30 15:18:24,27,47,local
2026-07-30 15:18:24,27,48,remote
2026-07-30 15:18:26,27,46,local
2026-07-30 15:18:28,27,47,local
2026-07-30 15:18:30,27,47,local
2026-07-30 15:18:32,27,47,local
2026-07-30 15:18:34,27,47,local
2026-07-30 15:18:36,27,47,local
2026-07-30 15:18:38,27,47,local
2026-07-30 15:18:40,27,47,local
2026-07-30 15:18:42,27,47,local
2026-07-30 15:18:44,27,47,local
2026-07-30 15:18:47,27,47,local
2026-07-30 15:18:49,27,47,local
2026-07-30 15:18:51,27,47,local
2026-07-30 15:18:53,27,47,local
2026-07-30 15:18:55,27,47,local
2026-07-30 15:18:57,27,47,local
2026-07-30 15:18:59,27,47,local
2026-07-30 15:19:01,27,47,local
2026-07-30 15:19:03,27,47,local
2026-07-30 15:19:05,27,47,local
2026-07-30 15:19:07,27,47,local
2026-07-30 15:19:09,27,47,local
2026-07-30 15:19:11,27,47,local
2026-07-30 15:19:13,27,47,local
2026-07-30 15:19:15,27,47,local
2026-07-30 15:19:17,27,47,local
2026-07-30 15:19:19,27,47,local
2026-07-30 15:19:21,27,47,local
2026-07-30 15:19:23,27,47,local
2026-07-30 15:19:25,27,47,local
2026-07-30 15:19:27,27,47,local
2026-07-30 15:19:29,27,47,local
2026-07-30 15:19:31,27,47,local
2026-07-30 15:19:33,27,47,local
2026-07-30 15:19:35,26,48,local
2026-07-30 15:19:37,26,48,local
2026-08-06 08:38:15,25,47,local
2026-08-06 08:38:15,28,51,remote
2026-08-06 08:38:17,25,47,local
2026-08-06 08:38:17,28,51,remote
2026-08-06 08:38:19,25,47,local
2026-08-06 08:38:19,28,51,remote
2026-08-06 08:38:21,25,47,local
2026-08-06 08:38:21,28,52,remote
2026-08-06 08:38:23,25,47,local
2026-08-06 08:38:23,28,52,remote
2026-08-06 08:38:25,25,47,local
2026-08-06 08:38:25,28,52,remote
2026-08-06 08:38:27,25,47,local
2026-08-06 08:38:27,28,52,remote
2026-08-06 08:38:29,25,47,local
2026-08-06 08:38:29,28,52,remote
2026-08-06 08:38:31,25,47,local
2026-08-06 08:38:31,28,52,remote
2026-08-06 08:38:33,25,47,local
2026-08-06 08:38:33,28,52,remote
2026-08-06 08:38:35,25,48,local
2026-08-06 08:38:36,28,52,remote
2026-08-06 08:38:37,25,48,local
2026-08-06 08:38:38,28,52,remote
2026-08-06 08:38:39,25,48,local
2026-08-06 08:38:40,28,53,remote
2026-08-06 08:38:41,25,48,local
2026-08-06 08:38:42,28,59,remote
2026-08-06 08:38:43,25,48,local
2026-08-06 08:38:44,28,64,remote
2026-08-06 08:38:45,25,48,local
2026-08-06 08:38:46,28,68,remote
2026-08-06 08:38:47,25,48,local
2026-08-06 08:38:48,28,71,remote
2026-08-06 08:38:49,25,48,local
2026-08-06 08:38:50,29,73,remote
2026-08-06 08:38:51,25,48,local
2026-08-06 08:38:52,29,75,remote
2026-08-06 08:38:53,25,48,local
2026-08-06 08:38:54,29,77,remote
2026-08-06 08:38:55,25,48,local
2026-08-06 08:38:56,29,78,remote
2026-08-06 08:38:57,25,48,local
2026-08-06 08:38:58,29,78,remote
2026-08-06 08:38:59,25,48,local
2026-08-06 08:39:00,29,79,remote
2026-08-06 08:39:02,25,48,local
2026-08-06 08:39:02,29,80,remote
2026-08-06 08:39:04,25,48,local
2026-08-06 08:39:04,29,81,remote
2026-08-06 08:39:06,25,48,local
2026-08-06 08:39:06,29,82,remote
2026-08-06 08:39:08,25,48,local
2026-08-06 08:39:08,30,83,remote
2026-08-06 08:39:10,25,48,local
2026-08-06 08:39:10,30,84,remote
2026-08-06 08:39:12,25,48,local
2026-08-06 08:39:12,30,85,remote
2026-08-06 08:39:14,25,48,local
2026-08-06 08:39:14,30,85,remote
2026-08-06 08:39:16,25,48,local
2026-08-06 08:39:16,30,85,remote
2026-08-06 08:39:18,25,48,local
2026-08-06 08:39:18,30,85,remote
2026-08-06 08:39:20,25,48,local
2026-08-06 08:39:20,30,86,remote
2026-08-06 08:39:22,25,48,local
2026-08-06 08:39:22,30,87,remote
2026-08-06 08:39:24,25,48,local
2026-08-06 08:39:24,30,87,remote
2026-08-06 08:39:26,25,48,local
2026-08-06 08:39:26,30,88,remote
2026-08-06 08:39:28,25,48,local
2026-08-06 08:39:28,30,78,remote
2026-08-06 08:39:30,25,48,local
2026-08-06 08:39:30,30,75,remote
2026-08-06 08:39:32,25,48,local
2026-08-06 08:39:32,30,88,remote
2026-08-06 08:39:34,25,48,local
2026-08-06 08:39:34,30,89,remote
2026-08-06 08:39:36,25,48,local
2026-08-06 08:39:36,30,89,remote
2026-08-06 08:39:38,25,48,local
2026-08-06 08:39:38,30,90,remote
2026-08-06 08:39:40,25,48,local
2026-08-06 08:39:40,30,90,remote
2026-08-06 08:39:42,25,48,local
2026-08-06 08:39:43,30,90,remote
2026-08-06 08:39:44,25,48,local
2026-08-06 08:39:45,30,89,remote
2026-08-06 08:39:46,25,48,local
2026-08-06 08:39:47,30,88,remote
2026-08-06 08:39:48,25,48,local
2026-08-06 08:39:49,30,85,remote
2026-08-06 08:39:50,25,48,local
2026-08-06 08:39:51,30,83,remote
2026-08-06 08:39:52,25,48,local
2026-08-06 08:39:53,30,80,remote
2026-08-06 08:39:54,25,48,local
2026-08-06 08:39:55,30,78,remote
2026-08-06 08:39:56,25,48,local
2026-08-06 08:39:57,30,75,remote
2026-08-06 08:39:58,25,48,local
2026-08-06 08:39:59,30,72,remote
2026-08-06 08:40:00,25,48,local
2026-08-06 08:40:01,30,70,remote
2026-08-06 08:40:02,25,48,local
2026-08-06 08:40:03,30,67,remote
2026-08-06 08:40:04,25,48,local
2026-08-06 08:40:05,30,65,remote
2026-08-06 08:40:06,25,48,local
2026-08-06 08:40:07,30,62,remote
2026-08-06 08:40:08,25,48,local
2026-08-06 08:40:09,30,59,remote
2026-08-06 08:40:10,25,48,local
2026-08-06 08:40:11,30,57,remote
2026-08-06 08:40:12,25,48,local
2026-08-06 08:40:13,30,55,remote
2026-08-06 08:40:14,25,48,local
2026-08-06 08:40:15,30,53,remote
2026-08-06 08:40:16,25,48,local
2026-08-06 08:40:17,30,52,remote
2026-08-06 08:40:18,25,48,local
2026-08-06 08:40:19,30,50,remote
2026-08-06 08:40:20,25,48,local
2026-08-06 08:40:21,30,50,remote
2026-08-06 08:40:22,25,48,local
2026-08-06 08:40:23,30,49,remote
2026-08-06 08:40:24,25,48,local
2026-08-06 08:40:25,30,48,remote
2026-08-06 08:40:26,25,48,local
2026-08-06 08:40:27,29,47,remote
2026-08-06 08:40:29,25,48,local
2026-08-06 08:40:29,29,47,remote
2026-08-06 08:40:31,25,48,local
2026-08-06 08:40:31,29,46,remote
2026-08-06 08:40:33,25,48,local
2026-08-06 08:40:33,29,46,remote
2026-08-06 08:40:35,25,48,local
2026-08-06 08:40:35,29,46,remote
2026-08-06 08:40:37,25,48,local
2026-08-06 08:40:37,29,45,remote
2026-08-06 08:40:39,25,48,local
2026-08-06 08:40:39,29,45,remote
2026-08-06 08:40:41,25,48,local
2026-08-06 08:40:41,29,45,remote
2026-08-06 08:40:43,25,48,local
2026-08-06 08:40:43,29,45,remote
2026-08-06 08:40:45,25,48,local
2026-08-06 08:40:45,29,44,remote
2026-08-06 08:40:47,25,48,local
2026-08-06 08:40:47,29,44,remote
2026-08-06 08:40:49,25,48,local
2026-08-06 08:40:50,29,44,remote
2026-08-06 08:40:51,25,49,local
2026-08-06 08:40:52,29,44,remote
2026-08-06 08:40:53,25,49,local
2026-08-06 08:40:54,29,44,remote
2026-08-06 08:40:55,25,49,local
2026-08-06 08:40:56,28,44,remote
2026-08-06 08:40:57,25,49,local
2026-08-06 08:40:58,28,44,remote
2026-08-06 08:40:59,25,49,local
2026-08-06 08:41:00,28,44,remote
2026-08-06 08:41:01,24,49,local
2026-08-06 08:41:02,28,44,remote
2026-08-06 08:41:03,24,49,local
2026-08-06 08:41:04,28,44,remote
2026-08-06 08:41:05,24,49,local
2026-08-06 08:41:06,28,44,remote
2026-08-06 08:41:07,24,49,local
2026-08-06 08:41:08,28,44,remote
2026-08-06 08:41:09,24,49,local
2026-08-06 08:41:10,28,44,remote
2026-08-06 08:41:11,24,49,local
2026-08-06 08:41:12,28,44,remote
2026-08-06 08:41:13,24,49,local
2026-08-06 08:41:14,28,44,remote
2026-08-06 08:41:15,24,49,local
2026-08-06 08:41:16,28,44,remote
2026-08-06 08:41:17,24,49,local
2026-08-06 08:41:18,28,44,remote
2026-08-06 08:41:19,24,49,local
2026-08-06 08:41:20,28,44,remote
2026-08-06 08:41:21,24,49,local
2026-08-06 08:41:22,28,44,remote
2026-08-06 08:41:23,24,49,local
2026-08-06 08:41:24,28,44,remote
2026-08-06 08:41:25,24,49,local
2026-08-06 08:41:26,28,44,remote
2026-08-06 08:41:27,24,49,local
2026-08-06 08:41:28,28,44,remote
2026-08-06 08:41:29,24,49,local
2026-08-06 08:41:30,27,44,remote
2026-08-06 08:41:31,24,49,local
2026-08-06 08:41:32,27,44,remote
2026-08-06 08:41:33,24,49,local
2026-08-06 08:41:34,27,44,remote
2026-08-06 08:41:35,24,49,local
2026-08-06 08:41:36,27,44,remote
2026-08-06 08:41:37,24,49,local
2026-08-06 08:41:38,27,44,remote
2026-08-06 08:41:39,24,49,local
2026-08-06 08:41:40,27,44,remote
2026-08-06 08:41:41,24,49,local
2026-08-06 08:41:42,27,44,remote
2026-08-06 08:41:43,24,49,local
2026-08-06 08:41:44,27,45,remote
2026-08-06 08:41:45,24,49,local
2026-08-06 08:41:46,27,46,remote
2026-08-06 08:41:47,24,49,local
2026-08-06 08:41:48,27,48,remote
2026-08-06 08:41:49,24,51,local
2026-08-06 08:41:50,27,48,remote
2026-08-06 08:41:51,24,56,local
2026-08-06 08:41:52,27,47,remote
2026-08-06 08:41:53,25,60,local
2026-08-06 08:41:55,27,47,remote
2026-08-06 08:41:56,25,63,local
2026-08-06 08:41:57,27,47,remote
2026-08-06 08:41:58,25,66,local
2026-08-06 08:41:59,27,46,remote
2026-08-06 08:42:00,25,68,local
2026-08-06 08:42:01,27,46,remote
2026-08-06 08:42:02,26,69,local
2026-08-06 08:42:03,27,46,remote
2026-08-06 08:42:04,26,71,local
2026-08-06 08:42:05,27,46,remote
2026-08-06 08:42:06,26,72,local
2026-08-06 08:42:07,27,46,remote
2026-08-06 08:42:08,27,73,local
2026-08-06 08:42:09,27,46,remote
2026-08-06 08:42:10,27,74,local
2026-08-06 08:42:11,27,47,remote
2026-08-06 08:42:12,27,74,local
2026-08-06 08:42:13,27,50,remote
2026-08-06 08:42:14,28,75,local
2026-08-06 08:42:15,27,52,remote
2026-08-06 08:42:16,28,75,local
2026-08-06 08:42:17,27,52,remote
2026-08-06 08:42:18,28,76,local
2026-08-06 08:42:19,27,52,remote
2026-08-06 08:42:20,28,76,local
2026-08-06 08:42:21,27,51,remote
2026-08-06 08:42:22,29,75,local
2026-08-06 08:42:23,27,50,remote
2026-08-06 08:42:24,29,73,local
2026-08-06 08:42:25,27,50,remote
2026-08-06 08:42:26,29,70,local
2026-08-06 08:42:27,27,49,remote
2026-08-06 08:42:28,29,67,local
2026-08-06 08:42:29,27,49,remote
2026-08-06 08:42:30,29,64,local
2026-08-06 08:42:31,27,48,remote
2026-08-06 08:42:32,29,60,local
2026-08-06 08:42:33,27,48,remote
2026-08-06 08:42:34,29,57,local
2026-08-06 08:42:35,27,48,remote
2026-08-06 08:42:36,29,55,local
2026-08-06 08:42:37,27,47,remote
2026-08-06 08:42:38,29,53,local
2026-08-06 08:42:39,27,47,remote
2026-08-06 08:42:40,29,51,local
2026-08-06 08:42:41,27,47,remote
2026-08-06 08:42:42,29,50,local
2026-08-06 08:42:43,27,47,remote
2026-08-06 08:42:44,29,49,local
2026-08-06 08:42:45,27,47,remote
2026-08-06 08:42:46,29,48,local
2026-08-06 08:42:47,27,46,remote
2026-08-06 08:42:48,29,47,local
2026-08-06 08:42:49,27,46,remote
2026-08-06 08:42:50,29,46,local
2026-08-06 08:42:51,27,46,remote
2026-08-06 08:42:52,29,46,local
2026-08-06 08:42:53,27,46,remote
2026-08-06 08:42:54,29,45,local
2026-08-06 08:42:55,27,46,remote
2026-08-06 08:42:56,29,45,local
2026-08-06 08:42:57,27,46,remote
2026-08-06 08:42:58,29,44,local
2026-08-06 08:42:59,27,46,remote
2026-08-06 08:43:00,29,44,local
2026-08-06 08:43:02,27,46,remote
2026-08-06 08:43:02,29,43,local
2026-08-06 08:43:04,27,46,remote
2026-08-06 08:43:04,29,43,local
2026-08-06 08:43:06,27,46,remote
2026-08-06 08:43:06,29,43,local
2026-08-06 08:43:08,27,46,remote
2026-08-06 08:43:08,29,43,local
2026-08-06 08:43:10,26,46,remote
2026-08-06 08:43:10,29,43,local
2026-08-06 08:43:12,26,46,remote
2026-08-06 08:43:12,29,42,local
2026-08-06 08:43:14,26,46,remote
2026-08-06 08:43:14,29,42,local
2026-08-06 08:43:16,26,46,remote
2026-08-06 08:43:16,29,42,local
2026-08-06 08:43:18,26,46,remote
2026-08-06 08:43:18,29,42,local
2026-08-06 08:43:20,26,45,remote
2026-08-06 08:43:21,29,42,local
2026-08-06 08:43:22,26,45,remote
2026-08-06 08:43:23,29,42,local
2026-08-06 08:43:24,26,45,remote
2026-08-06 08:43:25,29,42,local
2026-08-06 08:43:26,26,45,remote
2026-08-06 08:43:27,28,42,local
2026-08-06 08:43:28,26,45,remote
2026-08-06 08:43:29,28,42,local
2026-08-06 08:43:30,26,45,remote
2026-08-06 08:43:31,28,42,local
2026-08-06 08:43:32,26,45,remote
2026-08-06 08:43:33,28,42,local
2026-08-06 08:43:34,26,45,remote
2026-08-06 08:43:35,28,42,local
2026-08-06 08:43:36,26,45,remote
2026-08-06 08:43:37,28,42,local
2026-08-06 08:43:38,26,45,remote
2026-08-06 08:43:39,28,42,local
2026-08-06 08:43:40,26,45,remote
2026-08-06 08:43:41,28,42,local
2026-08-06 08:43:42,26,45,remote
2026-08-06 08:43:43,28,42,local
2026-08-06 08:43:44,26,45,remote
2026-08-06 08:43:45,28,42,local
2026-08-06 08:43:46,26,45,remote
2026-08-06 08:43:47,28,42,local
2026-08-06 08:43:48,26,45,remote
2026-08-06 08:43:49,28,42,local
2026-08-06 08:43:50,26,45,remote
2026-08-06 08:43:51,28,42,local
2026-08-06 08:43:52,26,45,remote
2026-08-06 08:43:53,28,42,local
2026-08-06 08:43:54,26,46,remote
2026-08-06 08:43:55,28,42,local
2026-08-06 08:43:56,26,46,remote
2026-08-06 08:43:57,28,42,local
2026-08-06 08:43:58,26,46,remote
2026-08-06 08:43:59,28,42,local
2026-08-06 08:44:00,26,46,remote
2026-08-06 08:44:01,28,42,local
2026-08-06 08:44:02,26,46,remote
2026-08-06 08:44:03,28,42,local
2026-08-06 08:44:04,26,46,remote
2026-08-06 08:44:05,28,43,local
2026-08-06 08:44:06,26,46,remote
2026-08-06 08:44:07,27,43,local
2026-08-06 08:44:09,26,46,remote
2026-08-06 08:44:09,27,43,local
2026-08-06 08:44:11,26,46,remote
2026-08-06 08:44:11,27,43,local
2026-08-06 08:44:13,26,46,remote
2026-08-06 08:44:13,27,43,local
2026-08-06 08:44:15,26,46,remote
2026-08-06 08:44:15,27,43,local
2026-08-06 08:44:17,26,46,remote
2026-08-06 08:44:17,27,43,local
2026-08-06 08:44:19,26,46,remote
2026-08-06 08:44:19,27,43,local
2026-08-06 08:44:21,26,46,remote
2026-08-06 08:44:21,27,43,local
2026-08-06 08:44:23,26,47,remote
2026-08-06 08:44:23,27,43,local
2026-08-06 08:44:25,26,48,remote
2026-08-06 08:44:25,27,43,local
2026-08-06 08:44:27,26,48,remote
2026-08-06 08:44:27,27,43,local
2026-08-06 08:44:29,26,48,remote
2026-08-06 08:44:29,27,43,local
2026-08-06 08:44:31,26,49,remote
2026-08-06 08:44:31,27,43,local
2026-08-06 08:44:33,26,48,remote
2026-08-06 08:44:33,27,43,local
2026-08-06 08:44:35,26,49,remote
2026-08-06 08:44:35,27,43,local
2026-08-06 08:44:37,26,50,remote
2026-08-06 08:44:37,27,43,local
2026-08-06 08:44:39,26,49,remote
2026-08-06 08:44:39,27,43,local
2026-08-06 08:44:41,26,49,remote
2026-08-06 08:44:41,27,43,local
2026-08-06 08:44:43,26,49,remote
2026-08-06 08:44:43,27,43,local
2026-08-06 08:44:45,26,49,remote
2026-08-06 08:44:45,27,43,local
2026-08-06 08:44:47,26,49,remote
2026-08-06 08:44:48,27,43,local
2026-08-06 08:44:49,26,49,remote
2026-08-06 08:44:50,27,43,local
2026-08-06 08:44:51,26,50,remote
2026-08-06 08:44:52,26,44,local
2026-08-06 08:44:53,26,51,remote
2026-08-06 08:44:54,26,44,local
2026-08-06 08:44:55,26,51,remote
2026-08-06 08:44:56,26,44,local
2026-08-06 08:44:57,26,51,remote
2026-08-06 08:44:58,26,44,local
2026-08-06 08:44:59,26,51,remote
2026-08-06 08:45:00,26,44,local
2026-08-06 08:45:01,26,51,remote
2026-08-06 08:45:02,26,44,local
2026-08-06 08:45:03,26,52,remote
2026-08-06 08:45:04,26,44,local
2026-08-06 08:45:05,26,52,remote
2026-08-06 08:45:06,26,44,local
2026-08-06 08:45:07,26,52,remote
2026-08-06 08:45:08,26,44,local
2026-08-06 08:45:09,26,52,remote
2026-08-06 08:45:10,26,44,local
2026-08-06 08:45:11,26,51,remote
2026-08-06 08:45:12,26,44,local
2026-08-06 08:45:13,26,51,remote
2026-08-06 08:45:14,26,44,local
2026-08-06 08:45:16,26,50,remote
2026-08-06 08:45:16,26,44,local
2026-08-06 08:45:18,26,50,remote
2026-08-06 08:45:18,26,44,local
2026-08-06 08:45:20,26,49,remote
2026-08-06 08:45:20,26,44,local
2026-08-06 08:45:22,26,50,remote
2026-08-06 08:45:22,26,44,local
2026-08-06 08:45:24,26,50,remote
2026-08-06 08:45:24,26,44,local
2026-08-06 08:45:26,26,50,remote
2026-08-06 08:45:26,26,44,local
2026-08-06 08:45:28,26,50,remote
2026-08-06 08:45:28,26,44,local
2026-08-06 08:45:30,26,50,remote
2026-08-06 08:45:30,26,45,local
2026-08-06 08:45:32,26,50,remote
2026-08-06 08:45:32,26,45,local
2026-08-06 08:45:34,26,49,remote
2026-08-06 08:45:34,26,45,local
2026-08-06 08:45:36,26,49,remote
2026-08-06 08:45:36,26,45,local
2026-08-06 08:45:38,26,49,remote
2026-08-06 08:45:38,26,45,local
2026-08-06 08:45:40,26,49,remote
2026-08-06 08:45:40,26,45,local
2026-08-06 08:45:42,26,49,remote
2026-08-06 08:45:42,26,45,local
2026-08-06 08:45:44,26,50,remote
2026-08-06 08:45:44,26,45,local
2026-08-06 08:45:46,26,50,remote
2026-08-06 08:45:46,26,45,local
2026-08-06 08:45:48,26,50,remote
2026-08-06 08:45:48,26,45,local
2026-08-06 08:45:50,26,50,remote
2026-08-06 08:45:50,26,45,local
2026-08-06 08:45:52,26,50,remote
2026-08-06 08:45:52,26,45,local
2026-08-06 08:45:54,26,50,remote
2026-08-06 08:45:54,26,45,local
2026-08-06 08:45:56,26,50,remote
2026-08-06 08:45:56,26,45,local
2026-08-06 08:45:58,26,50,remote
2026-08-06 08:45:58,26,45,local
2026-08-06 08:46:00,26,50,remote
2026-08-06 08:46:00,26,45,local
2026-08-06 08:46:02,26,50,remote
2026-08-06 08:46:02,26,45,local
2026-08-06 08:46:04,26,50,remote
2026-08-06 08:46:04,26,45,local
2026-08-06 08:46:06,26,50,remote
2026-08-06 08:46:06,26,45,local
2026-08-06 08:46:08,26,49,remote
2026-08-06 08:46:08,26,45,local
2026-08-06 08:46:10,26,50,remote
2026-08-06 08:46:10,26,45,local
2026-08-06 08:46:12,26,50,remote
2026-08-06 08:46:12,25,46,local
2026-08-06 08:46:14,26,49,remote
2026-08-06 08:46:15,25,46,local
2026-08-06 08:46:16,26,49,remote
2026-08-06 08:46:17,25,46,local
2026-08-06 08:46:18,26,49,remote
2026-08-06 08:46:19,25,46,local
2026-08-06 08:46:20,26,49,remote
2026-08-06 08:46:21,25,46,local
2026-08-06 08:46:23,26,49,remote
2026-08-06 08:46:23,25,46,local
2026-08-06 08:46:25,26,49,remote
2026-08-06 08:46:25,25,46,local
2026-08-06 08:46:27,26,49,remote
2026-08-06 08:46:27,25,46,local
2026-08-06 08:46:29,26,49,remote
2026-08-06 08:46:29,25,46,local
2026-08-06 08:46:31,26,48,remote
2026-08-06 08:46:31,25,46,local
2026-08-06 08:46:33,26,48,remote
2026-08-06 08:46:33,25,46,local
2026-08-06 08:46:35,26,48,remote
2026-08-06 08:46:35,25,46,local
2026-08-06 08:46:37,26,48,remote
2026-08-06 08:46:37,25,46,local
2026-08-06 08:46:39,26,48,remote
2026-08-06 08:46:39,25,46,local
2026-08-06 08:46:41,26,48,remote
2026-08-06 08:46:41,25,46,local
2026-08-06 08:46:43,25,46,local
2026-08-06 08:46:43,26,48,remote
2026-08-06 08:46:45,25,46,local
2026-08-06 08:46:45,26,48,remote
2026-08-06 08:46:47,26,48,remote
2026-08-06 08:46:49,25,46,local
2026-08-06 08:46:49,26,47,remote
2026-08-06 08:46:51,25,46,local
2026-08-06 08:46:51,26,47,remote
2026-08-06 08:46:53,25,46,local
2026-08-06 08:46:53,26,47,remote
2026-08-06 08:46:55,25,46,local
2026-08-06 08:46:55,26,47,remote
2026-08-06 08:46:57,25,46,local
2026-08-06 08:46:57,26,47,remote
2026-08-06 08:46:59,25,46,local
2026-08-06 08:46:59,26,47,remote
2026-08-06 08:47:01,25,46,local
2026-08-06 08:47:01,26,47,remote
2026-08-06 08:47:03,25,46,local
2026-08-06 08:47:03,26,47,remote
2026-08-06 08:47:05,25,46,local
2026-08-06 08:47:05,26,47,remote
2026-08-06 08:47:07,25,46,local
2026-08-06 08:47:07,26,47,remote
2026-08-06 08:47:09,25,46,local
2026-08-06 08:47:09,26,47,remote
2026-08-06 08:47:11,25,46,local
2026-08-06 08:47:11,26,47,remote
2026-08-06 08:47:13,25,47,local
2026-08-06 08:47:13,26,47,remote
2026-08-06 08:47:15,25,47,local
2026-08-06 08:47:15,26,47,remote
2026-08-06 08:47:17,25,47,local
2026-08-06 08:47:17,26,47,remote
2026-08-06 08:47:19,25,47,local
2026-08-06 08:47:19,26,47,remote
2026-08-06 08:47:21,25,47,local
2026-08-06 08:47:21,26,47,remote
2026-08-06 08:47:23,25,47,local
2026-08-06 08:47:23,26,47,remote
2026-08-06 08:47:25,25,47,local
2026-08-06 08:47:25,26,47,remote
2026-08-06 08:47:27,25,47,local
2026-08-06 08:47:27,26,47,remote
2026-08-06 08:47:29,25,47,local
2026-08-06 08:47:30,26,47,remote
2026-08-06 08:47:31,25,47,local
2026-08-06 08:47:32,26,47,remote
2026-08-06 08:47:33,25,47,local
2026-08-06 08:47:34,26,47,remote
2026-08-06 08:47:35,25,47,local
2026-08-06 08:47:36,26,47,remote
2026-08-06 08:47:37,25,47,local
2026-08-06 08:47:38,26,47,remote
2026-08-06 08:47:39,25,47,local
2026-08-06 08:47:40,26,47,remote
2026-08-06 08:47:42,25,47,local
2026-08-06 08:47:42,26,47,remote
2026-08-06 08:47:44,25,47,local
2026-08-06 08:47:44,26,47,remote
2026-08-06 08:47:46,25,47,local
2026-08-06 08:47:46,26,47,remote
2026-08-06 08:47:48,25,47,local
2026-08-06 08:47:48,26,47,remote
2026-08-06 08:47:50,25,47,local
2026-08-06 08:47:50,26,47,remote
2026-08-06 08:47:52,25,47,local
2026-08-06 08:47:52,26,47,remote
2026-08-06 08:47:54,25,47,local
2026-08-06 08:47:54,26,47,remote
2026-08-06 08:47:56,25,47,local
2026-08-06 08:47:56,26,47,remote
2026-08-06 08:47:58,25,47,local
2026-08-06 08:47:58,26,47,remote
2026-08-06 08:48:00,25,47,local
2026-08-06 08:48:00,26,47,remote
2026-08-06 08:48:02,25,47,local
2026-08-06 08:48:02,26,47,remote
2026-08-06 08:48:04,25,47,local
2026-08-06 08:48:04,26,47,remote
2026-08-06 08:48:06,25,47,local
2026-08-06 08:48:06,26,47,remote
2026-08-06 08:48:08,25,47,local
2026-08-06 08:48:08,26,47,remote
2026-08-06 08:48:10,25,47,local
2026-08-06 08:48:10,26,47,remote
2026-08-06 08:48:12,25,47,local
2026-08-06 08:48:12,26,47,remote
2026-08-06 08:48:14,25,47,local
2026-08-06 08:48:14,26,47,remote
2026-08-06 08:48:16,25,47,local
2026-08-06 08:48:16,26,47,remote
2026-08-06 08:48:18,25,47,local
2026-08-06 08:48:18,26,47,remote
2026-08-06 08:48:20,25,47,local
2026-08-06 08:48:20,26,47,remote
2026-08-06 08:48:22,25,47,local
2026-08-06 08:48:22,26,47,remote
2026-08-06 08:48:24,25,47,local
2026-08-06 08:48:24,26,47,remote
2026-08-06 08:48:26,25,47,local
2026-08-06 08:48:26,26,47,remote
2026-08-06 08:48:28,25,47,local
2026-08-06 08:48:28,26,47,remote
2026-08-06 08:48:30,25,48,local
2026-08-06 08:48:30,26,47,remote
2026-08-06 08:48:32,25,48,local
2026-08-06 08:48:32,26,47,remote
2026-08-06 08:48:34,25,48,local
2026-08-06 08:48:34,26,47,remote
2026-08-06 08:48:36,25,48,local
2026-08-06 08:48:37,26,47,remote
2026-08-06 08:48:38,25,48,local
2026-08-06 08:48:39,26,47,remote
2026-08-06 08:48:40,25,48,local
2026-08-06 08:48:41,25,47,remote
2026-08-06 08:48:42,25,48,local
2026-08-06 08:48:43,25,47,remote
2026-08-06 08:48:44,25,48,local
2026-08-06 08:48:45,26,47,remote
2026-08-06 08:48:46,25,48,local
2026-08-06 08:48:47,25,47,remote
2026-08-06 08:48:48,25,48,local
2026-08-06 08:48:49,25,47,remote
2026-08-06 08:48:50,25,48,local
2026-08-06 08:48:51,25,47,remote
2026-08-06 08:48:52,25,47,local
2026-08-06 08:48:53,25,47,remote
2026-08-06 08:48:54,25,48,local
2026-08-06 08:48:55,25,47,remote
2026-08-06 08:48:56,25,47,local
2026-08-06 08:48:57,25,47,remote
2026-08-06 08:48:58,25,48,local
2026-08-06 08:48:59,25,47,remote
2026-08-06 08:49:00,25,48,local
2026-08-06 08:49:01,25,47,remote
2026-08-06 08:49:02,25,48,local
2026-08-06 08:49:03,25,47,remote
2026-08-06 08:49:04,25,48,local
2026-08-06 08:49:05,25,47,remote
2026-08-06 08:49:06,25,48,local
2026-08-06 08:49:07,25,47,remote
2026-08-06 08:49:09,25,48,local
2026-08-06 08:49:09,25,47,remote
2026-08-06 08:49:11,25,48,local
2026-08-06 08:49:11,25,47,remote
2026-08-06 08:49:13,25,48,local
2026-08-06 08:49:13,25,47,remote
2026-08-06 08:49:15,25,48,local
2026-08-06 08:49:15,25,47,remote
2026-08-06 08:49:17,25,48,local
2026-08-06 08:49:17,25,47,remote
2026-08-06 08:49:19,25,48,local
2026-08-06 08:49:19,25,47,remote
2026-08-06 08:49:21,25,48,local
2026-08-06 08:49:21,25,47,remote
2026-08-06 08:49:23,25,48,local
2026-08-06 08:49:23,25,47,remote
2026-08-06 08:49:25,25,48,local
2026-08-06 08:49:25,25,47,remote
2026-08-06 08:49:27,25,48,local
2026-08-06 08:49:27,25,48,remote
2026-08-06 08:49:29,25,48,local
2026-08-06 08:49:29,25,48,remote
2026-08-06 08:49:31,25,48,local
2026-08-06 08:49:31,25,48,remote
2026-08-06 08:49:33,25,48,local
2026-08-06 08:49:33,25,48,remote
2026-08-06 08:49:35,25,48,local
2026-08-06 08:49:35,25,48,remote
2026-08-06 08:49:37,25,48,local
2026-08-06 08:49:37,25,47,remote
2026-08-06 08:49:39,25,48,local
2026-08-06 08:49:39,25,47,remote
2026-08-06 08:49:41,25,48,local
2026-08-06 08:49:41,25,47,remote
2026-08-06 08:49:43,25,48,local
2026-08-06 08:49:44,25,47,remote
2026-08-06 08:49:45,25,48,local
2026-08-06 08:49:46,25,47,remote
2026-08-06 08:49:47,25,48,local
2026-08-06 08:49:48,25,47,remote
2026-08-06 08:49:49,25,48,local
2026-08-06 08:49:50,25,47,remote
2026-08-06 08:49:51,25,48,local
2026-08-06 08:49:52,25,47,remote
2026-08-06 08:49:53,25,48,local
2026-08-06 08:49:54,25,47,remote
2026-08-06 08:49:55,24,48,local
2026-08-06 08:49:56,25,47,remote
2026-08-06 08:49:57,24,48,local
2026-08-06 08:49:58,25,47,remote
2026-08-06 08:49:59,25,48,local
2026-08-06 08:50:00,25,47,remote
2026-08-06 08:50:01,24,48,local
2026-08-06 08:50:02,25,47,remote
2026-08-06 08:50:03,24,48,local
2026-08-06 08:50:04,25,47,remote
2026-08-06 08:50:05,24,48,local
2026-08-06 08:50:06,25,47,remote
2026-08-06 08:50:07,24,48,local
2026-08-06 08:50:08,25,47,remote
2026-08-06 08:50:09,24,48,local
2026-08-06 08:50:10,25,47,remote
2026-08-06 08:50:11,24,48,local
2026-08-06 08:50:12,25,47,remote
2026-08-06 08:50:13,24,48,local
2026-08-06 08:50:14,25,47,remote
2026-08-06 08:50:15,24,48,local
2026-08-06 08:50:16,25,47,remote
2026-08-06 08:50:17,24,48,local
2026-08-06 08:50:18,25,47,remote
2026-08-06 08:50:19,24,48,local
2026-08-06 08:50:20,25,47,remote
2026-08-06 08:50:21,24,48,local
2026-08-06 08:50:22,25,47,remote
2026-08-06 08:50:23,24,48,local
2026-08-06 08:50:24,25,47,remote
2026-08-06 08:50:25,24,48,local
2026-08-06 08:50:26,25,47,remote
2026-08-06 08:50:27,24,48,local
2026-08-06 08:50:28,25,47,remote
2026-08-06 08:50:29,24,48,local
2026-08-06 08:50:30,25,47,remote
2026-08-06 08:50:31,24,48,local
2026-08-06 08:50:32,25,47,remote
2026-08-06 08:50:33,24,48,local
2026-08-06 08:50:34,25,47,remote
2026-08-06 08:50:36,24,48,local
2026-08-06 08:50:36,25,47,remote
2026-08-06 08:50:38,24,48,local
2026-08-06 08:50:38,25,47,remote
2026-08-06 08:50:40,24,48,local
2026-08-06 08:50:40,25,47,remote
2026-08-06 08:50:42,24,48,local
2026-08-06 08:50:42,25,47,remote
2026-08-06 08:50:44,24,48,local
2026-08-06 08:50:44,25,47,remote
2026-08-06 08:50:46,24,48,local
2026-08-06 08:50:46,25,47,remote
2026-08-06 08:50:48,24,48,local
2026-08-06 08:50:48,25,47,remote
2026-08-06 08:50:50,24,48,local
2026-08-06 08:50:51,25,47,remote
2026-08-06 08:50:52,24,48,local
2026-08-06 08:50:53,25,47,remote
2026-08-06 08:50:54,24,48,local
2026-08-06 08:50:55,25,47,remote
2026-08-06 08:50:56,24,48,local
2026-08-06 08:50:57,25,47,remote
2026-08-06 08:50:58,24,48,local
2026-08-06 08:50:59,25,47,remote
2026-08-06 08:51:00,24,48,local
2026-08-06 08:51:01,25,47,remote
2026-08-06 08:51:02,24,48,local
2026-08-06 08:51:03,25,47,remote
2026-08-06 08:51:04,24,48,local
2026-08-06 08:51:05,25,47,remote
2026-08-06 08:51:06,24,48,local
2026-08-06 08:51:07,25,47,remote
2026-08-06 08:51:08,24,48,local
2026-08-06 08:51:09,25,47,remote
2026-08-06 08:51:10,24,48,local
2026-08-06 08:51:11,25,47,remote
2026-08-06 08:51:12,24,48,local
2026-08-06 08:51:13,25,47,remote
2026-08-06 08:51:14,24,48,local
2026-08-06 08:51:15,25,47,remote
2026-08-06 08:51:16,24,48,local
2026-08-06 08:51:17,25,47,remote
2026-08-06 08:51:18,24,48,local
2026-08-06 08:51:19,25,47,remote
2026-08-06 08:51:20,24,48,local
2026-08-06 08:51:21,25,47,remote
2026-08-06 08:51:22,24,48,local
2026-08-06 08:51:23,25,47,remote
2026-08-06 08:51:24,24,48,local
2026-08-06 08:51:25,25,47,remote
2026-08-06 08:51:26,24,48,local
2026-08-06 08:51:27,25,47,remote
2026-08-06 08:51:28,24,48,local
2026-08-06 08:51:29,25,47,remote
2026-08-06 08:51:30,24,48,local
2026-08-06 08:51:31,25,47,remote
2026-08-06 08:51:32,24,48,local
2026-08-06 08:51:33,25,47,remote
2026-08-06 08:51:34,24,48,local
2026-08-06 08:51:35,25,47,remote
2026-08-06 08:51:36,24,48,local
2026-08-06 08:51:37,25,47,remote
2026-08-06 08:51:38,24,48,local
2026-08-06 08:51:39,25,47,remote
2026-08-06 08:51:40,24,48,local
2026-08-06 08:51:41,25,47,remote
2026-08-06 08:51:42,24,48,local
2026-08-06 08:51:43,25,47,remote
2026-08-06 08:51:44,24,48,local
2026-08-06 08:51:45,25,47,remote
2026-08-06 08:51:46,24,48,local
2026-08-06 08:51:47,25,47,remote
2026-08-06 08:51:48,24,48,local
2026-08-06 08:51:49,25,47,remote
2026-08-06 08:51:50,24,48,local
2026-08-06 08:51:51,25,47,remote
2026-08-06 08:51:52,24,48,local
2026-08-06 08:51:53,25,47,remote
2026-08-06 08:51:54,24,48,local
2026-08-06 08:51:55,25,47,remote
2026-08-06 08:51:56,24,48,local
2026-08-06 08:51:58,25,47,remote
2026-08-06 08:51:58,24,48,local
2026-08-06 08:52:00,25,47,remote
2026-08-06 08:52:00,24,48,local
2026-08-06 08:52:02,25,47,remote
2026-08-06 08:52:03,24,48,local
2026-08-06 08:52:04,25,47,remote
2026-08-06 08:52:05,24,48,local
2026-08-06 08:52:06,25,47,remote
2026-08-06 08:52:07,24,48,local
2026-08-06 08:52:08,25,47,remote
2026-08-06 08:52:09,24,48,local
2026-08-06 08:52:10,25,47,remote
2026-08-06 08:52:11,24,48,local
2026-08-06 08:52:12,25,47,remote
2026-08-06 08:52:13,24,48,local
2026-08-06 08:52:14,25,47,remote
2026-08-06 08:52:15,24,48,local
2026-08-06 08:52:16,25,47,remote
2026-08-06 08:52:17,24,48,local
2026-08-06 08:52:18,25,47,remote
2026-08-06 08:52:19,24,48,local
2026-08-06 08:52:20,25,47,remote
2026-08-06 08:52:21,24,48,local
2026-08-06 08:52:22,25,47,remote
2026-08-06 08:52:23,24,48,local
2026-08-06 08:52:24,25,47,remote
2026-08-06 08:52:25,24,48,local
2026-08-06 08:52:26,25,47,remote
2026-08-06 08:52:27,24,48,local
2026-08-06 08:52:28,25,47,remote
2026-08-06 08:52:29,24,48,local
2026-08-06 08:52:30,25,47,remote
2026-08-06 08:52:31,24,48,local
2026-08-06 08:52:32,25,47,remote
2026-08-06 08:52:33,24,48,local
2026-08-06 08:52:34,25,47,remote
2026-08-06 08:52:35,24,48,local
2026-08-06 08:52:36,25,47,remote
2026-08-06 08:52:37,24,48,local
2026-08-06 08:52:38,25,47,remote
2026-08-06 08:52:39,24,48,local
2026-08-06 08:52:40,25,47,remote
2026-08-06 08:52:41,24,48,local
2026-08-06 08:52:42,25,47,remote
2026-08-06 08:52:43,24,48,local
2026-08-06 08:52:44,25,47,remote
2026-08-06 08:52:45,24,48,local
2026-08-06 08:52:46,25,47,remote
2026-08-06 08:52:47,24,48,local
2026-08-06 08:52:48,25,47,remote
2026-08-06 08:52:49,24,48,local
2026-08-06 08:52:50,25,47,remote
2026-08-06 08:52:51,24,48,local
2026-08-06 08:52:52,25,47,remote
2026-08-06 08:52:53,24,48,local
2026-08-06 08:52:54,25,47,remote
2026-08-06 08:52:55,24,48,local
2026-08-06 08:52:56,25,47,remote
2026-08-06 08:52:57,24,48,local
2026-08-06 08:52:58,25,47,remote
2026-08-06 08:52:59,24,48,local
2026-08-06 08:53:00,25,47,remote
2026-08-06 08:53:01,24,48,local
2026-08-06 08:53:03,25,47,remote
2026-08-06 08:53:03,24,48,local
2026-08-06 08:53:05,25,47,remote
2026-08-06 08:53:05,24,48,local
2026-08-06 08:53:07,25,47,remote
2026-08-06 08:53:07,24,48,local
2026-08-06 08:53:09,25,47,remote
2026-08-06 08:53:09,24,48,local
2026-08-06 08:53:11,25,47,remote
2026-08-06 08:53:11,24,48,local
2026-08-06 08:53:13,25,47,remote
2026-08-06 08:53:13,24,48,local
2026-08-06 08:53:15,25,47,remote
2026-08-06 08:53:15,24,48,local
2026-08-06 08:53:17,25,47,remote
2026-08-06 08:53:17,24,48,local
2026-08-06 08:53:19,25,47,remote
2026-08-06 08:53:19,24,48,local
2026-08-06 08:53:21,25,47,remote
2026-08-06 08:53:21,24,48,local
2026-08-06 08:53:23,25,47,remote
2026-08-06 08:53:23,24,48,local
2026-08-06 08:53:25,25,47,remote
2026-08-06 08:53:25,24,48,local
2026-08-06 08:53:27,25,47,remote
2026-08-06 08:53:27,24,48,local
2026-08-06 08:53:29,25,47,remote
2026-08-06 08:53:30,24,48,local
2026-08-06 08:53:31,25,47,remote
2026-08-06 08:53:32,24,48,local
2026-08-06 08:53:33,25,47,remote
2026-08-06 08:53:34,24,48,local
2026-08-06 08:53:35,25,47,remote
2026-08-06 08:53:36,24,48,local
2026-08-06 08:53:37,25,47,remote
2026-08-06 08:53:38,24,48,local
2026-08-06 08:53:39,25,47,remote
2026-08-06 08:53:40,24,48,local
2026-08-06 08:53:41,25,47,remote
2026-08-06 08:53:42,24,48,local
2026-08-06 08:53:43,25,47,remote
2026-08-06 08:53:44,24,48,local
2026-08-06 08:53:45,25,47,remote
2026-08-06 08:53:46,24,48,local
2026-08-06 08:53:47,25,47,remote
2026-08-06 08:53:48,24,48,local
2026-08-06 08:53:49,25,47,remote
2026-08-06 08:53:50,24,48,local
2026-08-06 08:53:51,25,47,remote
2026-08-06 08:53:52,24,48,local
2026-08-06 08:53:53,25,47,remote
2026-08-06 08:53:54,24,48,local
2026-08-06 08:53:55,25,47,remote
2026-08-06 08:53:56,24,48,local
2026-08-06 08:53:57,25,47,remote
2026-08-06 08:53:58,24,48,local
2026-08-06 08:53:59,25,47,remote
2026-08-06 08:54:00,24,48,local
2026-08-06 08:54:01,25,47,remote
2026-08-06 08:54:02,24,48,local
2026-08-06 08:54:03,25,47,remote
2026-08-06 08:54:04,24,48,local
2026-08-06 08:54:05,25,47,remote
2026-08-06 08:54:06,24,48,local
2026-08-06 08:54:07,25,47,remote
2026-08-06 08:54:08,24,48,local
2026-08-06 08:54:10,25,47,remote
2026-08-06 08:54:10,24,48,local
2026-08-06 08:54:12,25,47,remote
2026-08-06 08:54:12,24,48,local
2026-08-06 08:54:14,25,47,remote
2026-08-06 08:54:14,24,48,local
2026-08-06 08:54:16,25,47,remote
2026-08-06 08:54:16,24,48,local
2026-08-06 08:54:18,25,47,remote
2026-08-06 08:54:18,24,48,local
2026-08-06 08:54:20,25,47,remote
2026-08-06 08:54:20,24,48,local
2026-08-06 08:54:22,25,47,remote
2026-08-06 08:54:22,24,48,local
2026-08-06 08:54:24,25,47,remote
2026-08-06 08:54:24,24,48,local
2026-08-06 08:54:26,25,47,remote
2026-08-06 08:54:26,24,48,local
2026-08-06 08:54:28,25,47,remote
2026-08-06 08:54:28,24,48,local
2026-08-06 08:54:30,25,47,remote
2026-08-06 08:54:30,24,48,local
2026-08-06 08:54:32,25,47,remote
2026-08-06 08:54:32,24,48,local
2026-08-06 08:54:34,25,47,remote
2026-08-06 08:54:34,24,48,local
2026-08-06 08:54:36,25,47,remote
2026-08-06 08:54:36,24,48,local
2026-08-06 08:54:38,25,47,remote
2026-08-06 08:54:38,24,48,local
2026-08-06 08:54:40,25,47,remote
2026-08-06 08:54:40,24,48,local
2026-08-06 08:54:42,25,47,remote
2026-08-06 08:54:42,24,48,local
2026-08-06 08:54:44,25,47,remote
2026-08-06 08:54:44,24,48,local
2026-08-06 08:54:46,25,47,remote
2026-08-06 08:54:46,24,48,local
2026-08-06 08:54:48,25,47,remote
2026-08-06 08:54:48,24,48,local
2026-08-06 08:54:50,25,47,remote
2026-08-06 08:54:50,24,48,local
2026-08-06 08:54:52,25,47,remote
2026-08-06 08:54:52,24,48,local
2026-08-06 08:54:54,25,47,remote
2026-08-06 08:54:54,24,48,local
2026-08-06 08:54:56,25,47,remote
2026-08-06 08:54:57,24,48,local
2026-08-06 08:54:58,25,47,remote
2026-08-06 08:54:59,24,48,local
2026-08-06 08:55:00,25,47,remote
2026-08-06 08:55:01,24,48,local
2026-08-06 08:55:02,25,47,remote
2026-08-06 08:55:03,24,48,local
2026-08-06 08:55:04,25,47,remote
2026-08-06 08:55:05,24,48,local
2026-08-06 08:55:06,25,47,remote
2026-08-06 08:55:07,24,48,local
2026-08-06 08:55:08,25,47,remote
2026-08-06 08:55:09,24,48,local
2026-08-06 08:55:10,25,47,remote
2026-08-06 08:55:11,24,48,local
2026-08-06 08:55:12,25,47,remote
2026-08-06 08:55:13,24,48,local
2026-08-06 08:55:14,25,47,remote
2026-08-06 08:55:15,24,48,local
2026-08-06 08:55:17,25,47,remote
2026-08-06 08:55:17,24,48,local
2026-08-06 08:55:19,25,47,remote
2026-08-06 08:55:19,24,48,local
2026-08-06 08:55:21,25,47,remote
2026-08-06 08:55:21,24,48,local
2026-08-06 08:55:23,25,47,remote
2026-08-06 08:55:23,24,48,local
2026-08-06 08:55:25,25,47,remote
2026-08-06 08:55:25,24,48,local
2026-08-06 08:55:27,25,47,remote
2026-08-06 08:55:27,24,48,local
2026-08-06 08:55:29,25,47,remote
2026-08-06 08:55:29,24,48,local
2026-08-06 08:55:31,25,47,remote
2026-08-06 08:55:31,24,48,local
2026-08-06 08:55:33,25,47,remote
2026-08-06 08:55:33,24,48,local
2026-08-06 08:55:35,25,47,remote
2026-08-06 08:55:35,24,48,local
2026-08-06 08:55:37,25,46,remote
2026-08-06 08:55:37,24,48,local
2026-08-06 08:55:39,25,47,remote
2026-08-06 08:55:39,24,48,local
2026-08-06 08:55:41,25,47,remote
2026-08-06 08:55:41,24,48,local
2026-08-06 08:55:43,25,48,remote
2026-08-06 08:55:43,24,48,local
2026-08-06 08:55:45,25,48,remote
2026-08-06 08:55:45,24,48,local
2026-08-06 08:55:47,25,48,remote
2026-08-06 08:55:47,24,48,local
2026-08-06 08:55:49,25,48,remote
2026-08-06 08:55:49,24,48,local
2026-08-06 08:55:51,25,47,remote
2026-08-06 08:55:51,24,48,local
2026-08-06 08:55:53,25,47,remote
2026-08-06 08:55:53,24,48,local
2026-08-06 08:55:55,25,47,remote
2026-08-06 08:55:55,24,48,local
2026-08-06 08:55:57,25,47,remote
2026-08-06 08:55:57,24,48,local
2026-08-06 08:55:59,25,47,remote
2026-08-06 08:55:59,24,48,local
2026-08-06 08:56:01,25,47,remote
2026-08-06 08:56:01,24,48,local
2026-08-06 08:56:03,25,47,remote
2026-08-06 08:56:03,24,48,local
2026-08-06 08:56:05,25,47,remote
2026-08-06 08:56:05,24,48,local
2026-08-06 08:56:07,25,47,remote
2026-08-06 08:56:07,24,48,local
2026-08-06 08:56:09,25,47,remote
2026-08-06 08:56:09,24,48,local
2026-08-06 08:56:11,25,47,remote
2026-08-06 08:56:11,24,48,local
2026-08-06 08:56:13,25,47,remote
2026-08-06 08:56:13,24,48,local
2026-08-06 08:56:15,25,47,remote
2026-08-06 08:56:15,24,48,local
2026-08-06 08:56:17,25,47,remote
2026-08-06 08:56:17,24,48,local
2026-08-06 08:56:19,24,48,local
2026-08-06 08:56:20,25,47,remote
2026-08-06 08:56:21,24,48,local
2026-08-06 08:56:22,25,46,remote
2026-08-06 08:56:24,25,46,remote
2026-08-06 08:56:26,24,48,local
2026-08-06 08:56:26,25,46,remote
2026-08-06 08:56:28,24,48,local
2026-08-06 08:56:28,25,46,remote
2026-08-06 08:56:30,24,48,local
2026-08-06 08:56:30,25,46,remote
2026-08-06 08:56:32,24,48,local
2026-08-06 08:56:32,25,46,remote
2026-08-06 08:56:34,24,48,local
2026-08-06 08:56:34,25,46,remote
2026-08-06 08:56:36,24,48,local
2026-08-06 08:56:36,25,46,remote
2026-08-06 08:56:38,24,48,local
2026-08-06 08:56:38,25,46,remote
2026-08-06 08:56:40,24,48,local
2026-08-06 08:56:40,25,46,remote
2026-08-06 08:56:42,24,48,local
2026-08-06 08:56:42,25,46,remote
2026-08-06 08:56:44,24,48,local
2026-08-06 08:56:44,25,46,remote
2026-08-06 08:56:46,24,48,local
2026-08-06 08:56:46,25,46,remote
2026-08-06 08:56:48,24,48,local
2026-08-06 08:56:48,25,46,remote
2026-08-06 08:56:50,24,48,local
2026-08-06 08:56:50,25,46,remote
2026-08-06 08:56:52,24,48,local
2026-08-06 08:56:52,25,46,remote
2026-08-06 08:56:54,24,48,local
2026-08-06 08:56:54,25,46,remote
2026-08-06 08:56:56,24,48,local
2026-08-06 08:56:56,25,46,remote
2026-08-06 08:56:58,24,48,local
2026-08-06 08:56:58,25,46,remote
2026-08-06 08:57:00,24,48,local
2026-08-06 08:57:00,25,46,remote
2026-08-06 08:57:02,24,48,local
2026-08-06 08:57:02,25,46,remote
2026-08-06 08:57:04,24,48,local
2026-08-06 08:57:04,25,46,remote
2026-08-06 08:57:06,24,48,local
2026-08-06 08:57:06,25,46,remote
2026-08-06 08:57:08,24,48,local
2026-08-06 08:57:08,25,46,remote
2026-08-06 08:57:10,24,48,local
2026-08-06 08:57:10,25,46,remote
2026-08-06 08:57:12,24,48,local
2026-08-06 08:57:12,25,46,remote
2026-08-06 08:57:14,24,48,local
2026-08-06 08:57:14,25,46,remote
2026-08-06 08:57:16,24,48,local
2026-08-06 08:57:16,25,46,remote
2026-08-06 08:57:18,24,48,local
2026-08-06 08:57:18,25,46,remote
2026-08-06 08:57:20,24,48,local
2026-08-06 08:57:20,25,46,remote
2026-08-06 08:57:22,24,48,local
2026-08-06 08:57:22,25,46,remote
2026-08-06 08:57:24,24,48,local
2026-08-06 08:57:24,25,46,remote
2026-08-06 08:57:26,24,48,local
2026-08-06 08:57:26,25,46,remote
2026-08-06 08:57:28,24,48,local
2026-08-06 08:57:28,25,46,remote
2026-08-06 08:57:30,24,48,local
2026-08-06 08:57:31,25,46,remote
2026-08-06 08:57:32,24,48,local
2026-08-06 08:57:33,25,46,remote
2026-08-06 08:57:34,24,48,local
2026-08-06 08:57:35,25,46,remote
2026-08-06 08:57:36,24,48,local
2026-08-06 08:57:37,25,46,remote
2026-08-06 08:57:38,24,48,local
2026-08-06 08:57:39,25,46,remote
2026-08-06 08:57:40,24,48,local
2026-08-06 08:57:41,25,46,remote
2026-08-06 08:57:42,24,48,local
2026-08-06 08:57:43,25,46,remote
2026-08-06 08:57:44,24,48,local
2026-08-06 08:57:45,25,46,remote
2026-08-06 08:57:46,24,48,local
2026-08-06 08:57:47,25,46,remote
2026-08-06 08:57:48,24,48,local
2026-08-06 08:57:49,25,46,remote
2026-08-06 08:57:51,24,48,local
2026-08-06 08:57:51,25,46,remote
2026-08-06 08:57:53,24,48,local
2026-08-06 08:57:53,25,46,remote
2026-08-06 08:57:55,24,48,local
2026-08-06 08:57:55,25,46,remote
2026-08-06 08:57:57,24,48,local
2026-08-06 08:57:57,25,46,remote
2026-08-06 08:57:59,24,48,local
2026-08-06 08:57:59,25,46,remote
2026-08-06 08:58:01,24,48,local
2026-08-06 08:58:01,25,46,remote
2026-08-06 08:58:03,24,48,local
2026-08-06 08:58:03,25,46,remote
2026-08-06 08:58:05,24,48,local
2026-08-06 08:58:05,25,46,remote
2026-08-06 08:58:07,24,48,local
2026-08-06 08:58:07,25,46,remote
2026-08-06 08:58:09,24,48,local
2026-08-06 08:58:09,25,46,remote
2026-08-06 08:58:11,24,48,local
2026-08-06 08:58:11,25,46,remote
2026-08-06 08:58:13,24,48,local
2026-08-06 08:58:13,25,46,remote
2026-08-06 08:58:15,24,48,local
2026-08-06 08:58:15,25,46,remote
2026-08-06 08:58:17,24,48,local
2026-08-06 08:58:17,25,46,remote
2026-08-06 08:58:19,24,48,local
2026-08-06 08:58:19,25,46,remote
2026-08-06 08:58:21,24,48,local
2026-08-06 08:58:21,25,46,remote
2026-08-06 08:58:23,24,48,local
2026-08-06 08:58:23,25,46,remote
2026-08-06 08:58:25,24,48,local
2026-08-06 08:58:25,25,46,remote
2026-08-06 08:58:27,24,48,local
2026-08-06 08:58:27,25,46,remote
2026-08-06 08:58:29,24,48,local
2026-08-06 08:58:29,25,46,remote
2026-08-06 08:58:31,24,48,local
2026-08-06 08:58:31,25,46,remote
2026-08-06 08:58:33,24,48,local
2026-08-06 08:58:33,25,46,remote
2026-08-06 08:58:35,24,48,local
2026-08-06 08:58:35,25,46,remote
2026-08-06 08:58:37,24,48,local
2026-08-06 08:58:38,25,46,remote
2026-08-06 08:58:39,24,48,local
2026-08-06 08:58:40,25,46,remote
2026-08-06 08:58:41,24,48,local
2026-08-06 08:58:42,25,46,remote
2026-08-06 08:58:43,24,48,local
2026-08-06 08:58:44,25,46,remote
2026-08-06 08:58:45,24,48,local
2026-08-06 08:58:46,25,46,remote
2026-08-06 08:58:47,24,48,local
2026-08-06 08:58:48,25,46,remote
2026-08-06 08:58:49,24,48,local
2026-08-06 08:58:50,25,46,remote
2026-08-06 08:58:51,24,48,local
2026-08-06 08:58:52,25,46,remote
2026-08-06 08:58:53,24,48,local
2026-08-06 08:58:54,25,46,remote
2026-08-06 08:58:55,24,48,local
2026-08-06 08:58:56,25,46,remote
2026-08-06 08:58:57,24,48,local
2026-08-06 08:58:58,25,46,remote
2026-08-06 08:58:59,24,48,local
2026-08-06 08:59:00,25,46,remote
2026-08-06 08:59:01,24,48,local
2026-08-06 08:59:02,25,46,remote
2026-08-06 08:59:03,24,48,local
2026-08-06 08:59:04,25,46,remote
2026-08-06 08:59:05,24,48,local
2026-08-06 08:59:06,25,46,remote
2026-08-06 08:59:07,24,48,local
2026-08-06 08:59:08,25,46,remote
2026-08-06 08:59:09,24,48,local
2026-08-06 08:59:10,25,46,remote
2026-08-06 08:59:11,24,48,local
2026-08-06 08:59:12,25,45,remote
2026-08-06 08:59:13,24,48,local
2026-08-06 08:59:14,25,45,remote
2026-08-06 08:59:15,24,48,local
2026-08-06 08:59:16,25,45,remote
2026-08-06 08:59:18,24,48,local
2026-08-06 08:59:18,25,45,remote
2026-08-06 08:59:20,24,48,local
2026-08-06 08:59:20,25,45,remote
2026-08-06 08:59:22,24,48,local
2026-08-06 08:59:22,25,45,remote
2026-08-06 08:59:24,24,48,local
2026-08-06 08:59:24,25,46,remote
2026-08-06 08:59:26,24,48,local
2026-08-06 08:59:26,25,46,remote
2026-08-06 08:59:28,24,48,local
2026-08-06 08:59:28,25,46,remote
2026-08-06 08:59:30,24,48,local
2026-08-06 08:59:30,25,46,remote
2026-08-06 08:59:32,24,48,local
2026-08-06 08:59:32,25,46,remote
2026-08-06 08:59:34,24,48,local
2026-08-06 08:59:34,25,46,remote
2026-08-06 08:59:36,24,48,local
2026-08-06 08:59:36,25,46,remote
2026-08-06 08:59:38,24,48,local
2026-08-06 08:59:38,25,45,remote
2026-08-06 08:59:40,24,48,local
2026-08-06 08:59:40,25,45,remote
2026-08-06 08:59:42,24,48,local
2026-08-06 08:59:42,25,45,remote
2026-08-06 08:59:44,24,48,local
2026-08-06 08:59:45,25,45,remote
2026-08-06 08:59:46,24,48,local
2026-08-06 08:59:47,25,45,remote
2026-08-06 08:59:48,24,48,local
2026-08-06 08:59:49,25,45,remote
2026-08-06 08:59:50,24,48,local
2026-08-06 08:59:51,25,45,remote
2026-08-06 08:59:52,24,48,local
2026-08-06 08:59:53,25,45,remote
2026-08-06 08:59:54,24,48,local
2026-08-06 08:59:55,25,45,remote
2026-08-06 08:59:56,24,48,local
2026-08-06 08:59:57,25,45,remote
2026-08-06 08:59:58,24,48,local
2026-08-06 08:59:59,25,46,remote
2026-08-06 09:00:00,24,48,local
2026-08-06 09:00:01,25,46,remote
2026-08-06 09:00:02,24,48,local
2026-08-06 09:00:03,25,46,remote
2026-08-06 09:00:04,24,48,local
2026-08-06 09:00:05,25,46,remote
2026-08-06 09:00:06,24,48,local
2026-08-06 09:00:07,25,46,remote
2026-08-06 09:00:08,24,48,local
2026-08-06 09:00:09,25,46,remote
2026-08-06 09:00:10,24,48,local
2026-08-06 09:00:11,25,46,remote
2026-08-06 09:00:12,24,48,local
2026-08-06 09:00:13,25,46,remote
2026-08-06 09:00:14,24,48,local
2026-08-06 09:00:15,25,46,remote
2026-08-06 09:00:16,24,48,local
2026-08-06 09:00:17,25,46,remote
2026-08-06 09:00:18,24,48,local
2026-08-06 09:00:19,25,46,remote
2026-08-06 09:00:20,24,48,local
2026-08-06 09:00:21,25,46,remote
2026-08-06 09:00:22,24,48,local
2026-08-06 09:00:23,25,45,remote
2026-08-06 09:00:24,24,48,local
2026-08-06 09:00:25,25,45,remote
2026-08-06 09:00:26,24,48,local
2026-08-06 09:00:27,25,45,remote
2026-08-06 09:00:28,24,48,local
2026-08-06 09:00:29,25,45,remote
2026-08-06 09:00:30,24,48,local
2026-08-06 09:00:31,25,45,remote
2026-08-06 09:00:32,24,48,local
2026-08-06 09:00:33,25,45,remote
2026-08-06 09:00:34,24,48,local
2026-08-06 09:00:35,25,45,remote
2026-08-06 09:00:36,24,48,local
2026-08-06 09:00:37,25,45,remote
2026-08-06 09:00:38,24,48,local
2026-08-06 09:00:39,25,46,remote
2026-08-06 09:00:40,24,48,local
2026-08-06 09:00:41,25,46,remote
2026-08-06 09:00:42,24,48,local
2026-08-06 09:00:43,25,46,remote
2026-08-06 09:00:45,24,48,local
2026-08-06 09:00:45,25,46,remote
2026-08-06 09:00:47,24,48,local
2026-08-06 09:00:47,25,46,remote
2026-08-06 09:00:49,24,48,local
2026-08-06 09:00:49,25,46,remote
2026-08-06 09:00:51,24,48,local
2026-08-06 09:00:52,25,46,remote
2026-08-06 09:00:53,24,48,local
2026-08-06 09:00:54,25,46,remote
2026-08-06 09:00:55,24,48,local
2026-08-06 09:00:56,25,46,remote
2026-08-06 09:00:57,24,48,local
2026-08-06 09:00:58,25,46,remote
2026-08-06 09:00:59,24,48,local
2026-08-06 09:01:00,25,46,remote
2026-08-06 09:01:01,24,48,local
2026-08-06 09:01:02,25,46,remote
2026-08-06 09:01:03,24,48,local
2026-08-06 09:01:04,25,46,remote
2026-08-06 09:01:05,24,48,local
2026-08-06 09:01:06,25,46,remote
2026-08-06 09:01:07,24,48,local
2026-08-06 09:01:08,25,46,remote
2026-08-06 09:01:09,24,48,local
2026-08-06 09:01:10,25,46,remote
2026-08-06 09:01:11,24,48,local
2026-08-06 09:01:12,25,46,remote
2026-08-06 09:01:13,24,48,local
2026-08-06 09:01:14,25,46,remote
2026-08-06 09:01:15,24,48,local
2026-08-06 09:01:16,25,46,remote
2026-08-06 09:01:17,24,48,local
2026-08-06 09:01:18,25,46,remote
2026-08-06 09:01:19,24,48,local
2026-08-06 09:01:20,25,46,remote
2026-08-06 09:01:21,24,48,local
2026-08-06 09:01:22,25,46,remote
2026-08-06 09:01:23,24,48,local
2026-08-06 09:01:24,25,46,remote
2026-08-06 09:01:25,24,48,local
2026-08-06 09:01:26,25,46,remote
2026-08-06 09:01:27,24,48,local
2026-08-06 09:01:28,25,46,remote
2026-08-06 09:01:29,24,48,local
2026-08-06 09:01:30,25,46,remote
2026-08-06 09:01:31,24,48,local
2026-08-06 09:01:32,25,46,remote
2026-08-06 09:01:33,24,48,local
2026-08-06 09:01:34,25,46,remote
2026-08-06 09:01:35,24,48,local
2026-08-06 09:01:36,25,45,remote
2026-08-06 09:01:37,24,48,local
2026-08-06 09:01:38,25,45,remote
2026-08-06 09:01:39,24,48,local
2026-08-06 09:01:40,25,45,remote
2026-08-06 09:01:41,24,48,local
2026-08-06 09:01:42,25,45,remote
2026-08-06 09:01:43,24,48,local
2026-08-06 09:01:44,25,45,remote
2026-08-06 09:01:45,24,48,local
2026-08-06 09:01:46,25,45,remote
2026-08-06 09:01:47,24,48,local
2026-08-06 09:01:48,25,45,remote
2026-08-06 09:01:49,24,48,local
2026-08-06 09:01:50,25,45,remote
2026-08-06 09:01:51,24,48,local
2026-08-06 09:01:52,25,45,remote
2026-08-06 09:01:53,24,48,local
2026-08-06 09:01:54,25,45,remote
2026-08-06 09:01:55,24,48,local
2026-08-06 09:01:57,25,45,remote
2026-08-06 09:01:57,24,48,local
2026-08-06 09:01:59,25,45,remote
2026-08-06 09:01:59,24,48,local
2026-08-06 09:02:01,25,45,remote
2026-08-06 09:02:01,24,48,local
2026-08-06 09:02:03,25,45,remote
2026-08-06 09:02:03,24,48,local
2026-08-06 09:02:05,25,45,remote
2026-08-06 09:02:05,24,48,local
2026-08-06 09:02:07,25,45,remote
2026-08-06 09:02:07,24,48,local
2026-08-06 09:02:09,25,45,remote
2026-08-06 09:02:09,24,48,local
2026-08-06 09:02:11,25,45,remote
2026-08-06 09:02:12,24,48,local
2026-08-06 09:02:13,25,45,remote
2026-08-06 09:02:14,24,48,local
2026-08-06 09:02:15,25,45,remote
2026-08-06 09:02:16,24,48,local
2026-08-06 09:02:17,25,45,remote
2026-08-06 09:02:18,24,48,local
2026-08-06 09:02:19,25,45,remote
2026-08-06 09:02:20,24,48,local
2026-08-06 09:02:21,25,45,remote
2026-08-06 09:02:22,24,48,local
2026-08-06 09:02:23,25,45,remote
2026-08-06 09:02:24,24,48,local
2026-08-06 09:02:25,25,45,remote
2026-08-06 09:02:26,24,48,local
2026-08-06 09:02:27,25,45,remote
2026-08-06 09:02:28,24,48,local
2026-08-06 09:02:29,25,45,remote
2026-08-06 09:02:30,24,48,local
2026-08-06 09:02:31,25,47,remote
2026-08-06 09:02:32,24,48,local
2026-08-06 09:02:33,25,47,remote
2026-08-06 09:02:34,24,48,local
2026-08-06 09:02:35,25,47,remote
2026-08-06 09:02:36,24,48,local
2026-08-06 09:02:37,25,47,remote
2026-08-06 09:02:38,24,48,local
2026-08-06 09:02:39,25,47,remote
2026-08-06 09:02:40,24,48,local
2026-08-06 09:02:41,25,47,remote
2026-08-06 09:02:42,24,48,local
2026-08-06 09:02:43,25,47,remote
2026-08-06 09:02:44,24,48,local
2026-08-06 09:02:45,25,46,remote
2026-08-06 09:02:46,24,48,local
2026-08-06 09:02:47,25,46,remote
2026-08-06 09:02:48,24,48,local
2026-08-06 09:02:49,25,46,remote
2026-08-06 09:02:50,24,48,local
2026-08-06 09:02:51,25,46,remote
2026-08-06 09:02:52,24,48,local
2026-08-06 09:02:53,25,46,remote
2026-08-06 09:02:54,24,48,local
2026-08-06 09:02:55,25,46,remote
2026-08-06 09:02:56,24,48,local
2026-08-06 09:02:57,25,46,remote
2026-08-06 09:02:58,24,48,local
2026-08-06 09:02:59,25,46,remote
2026-08-06 09:03:00,24,48,local
2026-08-06 09:03:01,25,46,remote
2026-08-06 09:03:02,24,48,local
2026-08-06 09:03:04,25,46,remote
2026-08-06 09:03:04,24,48,local
2026-08-06 09:03:06,25,46,remote
2026-08-06 09:03:06,24,48,local
2026-08-06 09:03:08,25,46,remote
2026-08-06 09:03:08,24,48,local
2026-08-06 09:03:10,25,46,remote
2026-08-06 09:03:10,24,48,local
2026-08-06 09:03:12,25,46,remote
2026-08-06 09:03:12,24,48,local
2026-08-06 09:03:14,25,46,remote
2026-08-06 09:03:14,24,48,local
2026-08-06 09:03:16,25,46,remote
2026-08-06 09:03:16,24,48,local
2026-08-06 09:03:18,25,47,remote
2026-08-06 09:03:18,24,48,local
2026-08-06 09:03:20,25,46,remote
2026-08-06 09:03:20,24,48,local
2026-08-06 09:03:22,25,46,remote
2026-08-06 09:03:22,24,48,local
2026-08-06 09:03:24,25,46,remote
2026-08-06 09:03:24,24,48,local
2026-08-06 09:03:26,25,46,remote
2026-08-06 09:03:26,24,48,local
2026-08-06 09:03:28,25,46,remote
2026-08-06 09:03:28,24,48,local
2026-08-06 09:03:30,25,46,remote
2026-08-06 09:03:30,24,48,local
2026-08-06 09:03:32,25,46,remote
2026-08-06 09:03:32,24,48,local
2026-08-06 09:03:34,25,46,remote
2026-08-06 09:03:34,24,48,local
2026-08-06 09:03:36,25,46,remote
2026-08-06 09:03:36,24,48,local
2026-08-06 09:03:38,25,46,remote
2026-08-06 09:03:39,24,48,local
2026-08-06 09:03:40,25,46,remote
2026-08-06 09:03:41,24,48,local
2026-08-06 09:03:42,25,45,remote
2026-08-06 09:03:43,24,48,local
2026-08-06 09:03:44,25,45,remote
2026-08-06 09:03:45,24,48,local
2026-08-06 09:03:46,25,45,remote
2026-08-06 09:03:47,24,48,local
2026-08-06 09:03:48,25,45,remote
2026-08-06 09:03:49,24,48,local
2026-08-06 09:03:50,25,45,remote
2026-08-06 09:03:51,24,48,local
2026-08-06 09:03:52,25,45,remote
2026-08-06 09:03:53,24,48,local
2026-08-06 09:03:54,25,45,remote
2026-08-06 09:03:55,24,48,local
2026-08-06 09:03:56,25,45,remote
2026-08-06 09:03:57,24,48,local
2026-08-06 09:03:58,25,45,remote
2026-08-06 09:03:59,24,48,local
2026-08-06 09:04:00,25,45,remote
2026-08-06 09:04:01,24,48,local
2026-08-06 09:04:02,25,45,remote
2026-08-06 09:04:03,24,48,local
2026-08-06 09:04:04,25,45,remote
2026-08-06 09:04:05,24,48,local
2026-08-06 09:04:06,25,45,remote
2026-08-06 09:04:07,24,48,local
2026-08-06 09:04:08,25,45,remote
2026-08-06 09:04:09,24,48,local
2026-08-06 09:04:11,25,45,remote
2026-08-06 09:04:11,24,48,local
2026-08-06 09:04:13,25,45,remote
2026-08-06 09:04:13,24,48,local
2026-08-06 09:04:15,25,45,remote
2026-08-06 09:04:15,24,48,local
2026-08-06 09:04:17,25,45,remote
2026-08-06 09:04:17,24,48,local
2026-08-06 09:04:19,25,45,remote
2026-08-06 09:04:19,24,48,local
2026-08-06 09:04:21,25,45,remote
2026-08-06 09:04:21,24,48,local
2026-08-06 09:04:23,25,45,remote
2026-08-06 09:04:23,24,48,local
2026-08-06 09:04:25,25,45,remote
2026-08-06 09:04:25,24,48,local
2026-08-06 09:04:27,25,45,remote
2026-08-06 09:04:27,24,48,local
2026-08-06 09:04:29,25,45,remote
2026-08-06 09:04:29,24,48,local
2026-08-06 09:04:31,25,45,remote
2026-08-06 09:04:31,24,48,local
2026-08-06 09:04:33,25,45,remote
2026-08-06 09:04:33,24,48,local
2026-08-06 09:04:35,25,45,remote
2026-08-06 09:04:35,24,48,local
2026-08-06 09:04:37,25,45,remote
2026-08-06 09:04:37,24,48,local
2026-08-06 09:04:39,25,45,remote
2026-08-06 09:04:39,24,48,local
2026-08-06 09:04:41,25,45,remote
2026-08-06 09:04:41,24,48,local
2026-08-06 09:04:43,25,45,remote
2026-08-06 09:04:43,24,48,local
2026-08-06 09:04:45,25,45,remote
2026-08-06 09:04:45,24,48,local
2026-08-06 09:04:47,25,45,remote
2026-08-06 09:04:47,24,48,local
2026-08-06 09:04:49,25,45,remote
2026-08-06 09:04:49,24,48,local
2026-08-06 09:04:51,25,45,remote
2026-08-06 09:04:51,24,48,local
2026-08-06 09:04:53,25,45,remote
2026-08-06 09:04:53,24,48,local
2026-08-06 09:04:55,25,45,remote
2026-08-06 09:04:55,24,48,local
2026-08-06 09:04:57,25,45,remote
2026-08-06 09:04:57,24,48,local
2026-08-06 09:04:59,25,45,remote
2026-08-06 09:04:59,24,48,local
2026-08-06 09:05:01,25,45,remote
2026-08-06 09:05:01,24,48,local
2026-08-06 09:05:03,25,45,remote
2026-08-06 09:05:03,24,48,local
2026-08-06 09:05:05,25,45,remote
2026-08-06 09:05:06,24,48,local
2026-08-06 09:05:07,25,45,remote
2026-08-06 09:05:08,24,48,local
2026-08-06 09:05:09,25,45,remote
2026-08-06 09:05:10,24,48,local
2026-08-06 09:05:11,25,45,remote
2026-08-06 09:05:12,24,48,local
2026-08-06 09:05:13,25,45,remote
2026-08-06 09:05:14,24,48,local
2026-08-06 09:05:15,25,45,remote
2026-08-06 09:05:16,24,48,local
2026-08-06 09:05:18,25,45,remote
2026-08-06 09:05:18,24,48,local
2026-08-06 09:05:20,25,45,remote
2026-08-06 09:05:20,24,48,local
2026-08-06 09:05:22,25,45,remote
2026-08-06 09:05:22,24,48,local
2026-08-06 09:05:24,25,45,remote
2026-08-06 09:05:24,24,48,local
2026-08-06 09:05:26,25,45,remote
2026-08-06 09:05:26,24,48,local
2026-08-06 09:05:28,25,45,remote
2026-08-06 09:05:28,24,48,local
2026-08-06 09:05:30,25,45,remote
2026-08-06 09:05:30,24,48,local
2026-08-06 09:05:32,25,45,remote
2026-08-06 09:05:32,24,48,local
2026-08-06 09:05:34,25,45,remote
2026-08-06 09:05:34,24,48,local
2026-08-06 09:05:36,25,45,remote
2026-08-06 09:05:36,24,48,local
2026-08-06 09:05:38,25,45,remote
2026-08-06 09:05:38,24,48,local
2026-08-06 09:05:40,25,45,remote
2026-08-06 09:05:40,24,48,local
2026-08-06 09:05:42,25,45,remote
2026-08-06 09:05:42,24,48,local
2026-08-06 09:05:44,25,45,remote
2026-08-06 09:05:44,24,48,local
2026-08-06 09:05:46,25,45,remote
2026-08-06 09:05:46,24,48,local
2026-08-06 09:05:48,25,45,remote
2026-08-06 09:05:48,24,48,local
2026-08-06 09:05:50,25,45,remote
2026-08-06 09:05:50,24,48,local
2026-08-06 09:05:52,25,45,remote
2026-08-06 09:05:52,24,48,local
2026-08-06 09:05:54,24,48,local
2026-08-06 09:05:54,25,45,remote
2026-08-06 09:05:56,24,48,local
2026-08-06 09:05:56,25,45,remote
2026-08-06 09:05:58,25,45,remote
2026-08-06 09:06:00,24,48,local
2026-08-06 09:06:00,25,45,remote
2026-08-06 09:06:02,24,48,local
2026-08-06 09:06:02,25,45,remote
2026-08-06 09:06:04,24,48,local
2026-08-06 09:06:04,25,45,remote
2026-08-06 09:06:06,24,48,local
2026-08-06 09:06:06,25,45,remote
2026-08-06 09:06:08,24,48,local
2026-08-06 09:06:08,26,45,remote
2026-08-06 09:06:10,24,48,local
2026-08-06 09:06:10,26,45,remote
2026-08-06 09:06:12,24,48,local
2026-08-06 09:06:12,26,45,remote
2026-08-06 09:06:14,24,48,local
2026-08-06 09:06:14,26,45,remote
2026-08-06 09:06:16,24,48,local
2026-08-06 09:06:16,26,45,remote
2026-08-06 09:06:18,24,48,local
2026-08-06 09:06:18,26,45,remote
2026-08-06 09:06:20,24,48,local
2026-08-06 09:06:20,26,45,remote
2026-08-06 09:06:22,24,48,local
2026-08-06 09:06:22,26,45,remote
2026-08-06 09:06:24,24,48,local
2026-08-06 09:06:25,26,45,remote
2026-08-06 09:06:26,24,48,local
2026-08-06 09:06:27,26,44,remote
2026-08-06 09:06:28,24,47,local
2026-08-06 09:06:29,26,45,remote
2026-08-06 09:06:30,24,48,local
2026-08-06 09:06:31,26,45,remote
2026-08-06 09:06:33,24,48,local
2026-08-06 09:06:33,26,45,remote
2026-08-06 09:06:35,24,48,local
2026-08-06 09:06:35,26,45,remote
2026-08-06 09:06:37,24,48,local
2026-08-06 09:06:37,26,45,remote
2026-08-06 09:06:39,24,48,local
2026-08-06 09:06:39,26,45,remote
2026-08-06 09:06:41,24,48,local
2026-08-06 09:06:41,26,45,remote
2026-08-06 09:06:43,24,48,local
2026-08-06 09:06:43,26,45,remote
2026-08-06 09:06:45,24,48,local
2026-08-06 09:06:45,26,45,remote
2026-08-06 09:06:47,24,48,local
2026-08-06 09:06:47,26,45,remote
2026-08-06 09:06:49,24,47,local
2026-08-06 09:06:49,26,45,remote
2026-08-06 09:06:51,24,47,local
2026-08-06 09:06:51,26,45,remote
2026-08-06 09:06:53,24,47,local
2026-08-06 09:06:53,26,45,remote
2026-08-06 09:06:55,24,48,local
2026-08-06 09:06:55,26,45,remote
2026-08-06 09:06:57,24,48,local
2026-08-06 09:06:57,26,45,remote
2026-08-06 09:06:59,24,47,local
2026-08-06 09:06:59,26,45,remote
2026-08-06 09:07:01,24,47,local
2026-08-06 09:07:01,26,45,remote
2026-08-06 09:07:03,24,47,local
2026-08-06 09:07:03,26,45,remote
2026-08-06 09:07:05,24,47,local
2026-08-06 09:07:05,26,45,remote
2026-08-06 09:07:07,24,47,local
2026-08-06 09:07:07,26,45,remote
2026-08-06 09:07:09,24,47,local
2026-08-06 09:07:09,26,45,remote
2026-08-06 09:07:11,24,47,local
2026-08-06 09:07:11,26,45,remote
2026-08-06 09:07:13,24,47,local
2026-08-06 09:07:13,26,45,remote
2026-08-06 09:07:15,24,47,local
2026-08-06 09:07:15,26,45,remote
2026-08-06 09:07:17,24,47,local
2026-08-06 09:07:17,26,45,remote
2026-08-06 09:07:19,24,47,local
2026-08-06 09:07:19,26,45,remote
2026-08-06 09:07:21,24,47,local
2026-08-06 09:07:21,26,45,remote
2026-08-06 09:07:23,24,47,local
2026-08-06 09:07:23,26,45,remote
2026-08-06 09:07:25,24,47,local
2026-08-06 09:07:25,26,45,remote
2026-08-06 09:07:27,24,47,local
2026-08-06 09:07:27,26,45,remote
2026-08-06 09:07:29,24,47,local
2026-08-06 09:07:29,26,45,remote
2026-08-06 09:07:31,24,47,local
2026-08-06 09:07:32,26,45,remote
2026-08-06 09:07:33,24,47,local
2026-08-06 09:07:34,26,45,remote
2026-08-06 09:07:35,24,48,local
2026-08-06 09:07:36,26,45,remote
2026-08-06 09:07:37,24,48,local
2026-08-06 09:07:38,26,45,remote
2026-08-06 09:07:39,24,48,local
2026-08-06 09:07:40,26,45,remote
2026-08-06 09:07:41,24,47,local
2026-08-06 09:07:42,26,45,remote
2026-08-06 09:07:43,24,48,local
2026-08-06 09:07:44,26,45,remote
2026-08-06 09:07:45,24,48,local
2026-08-06 09:07:46,26,45,remote
2026-08-06 09:07:47,24,48,local
2026-08-06 09:07:48,26,44,remote
2026-08-06 09:07:49,24,48,local
2026-08-06 09:07:50,26,44,remote
2026-08-06 09:07:51,24,48,local
2026-08-06 09:07:52,26,44,remote
2026-08-06 09:07:53,24,48,local
2026-08-06 09:07:54,26,44,remote
2026-08-06 09:07:55,24,48,local
2026-08-06 09:07:56,26,44,remote
2026-08-06 09:07:58,24,48,local
2026-08-06 09:07:58,26,44,remote
2026-08-06 09:08:00,24,48,local
2026-08-06 09:08:00,26,44,remote
2026-08-06 09:08:02,24,48,local
2026-08-06 09:08:02,26,44,remote
2026-08-06 09:08:04,24,48,local
2026-08-06 09:08:04,26,44,remote
2026-08-06 09:08:06,24,48,local
2026-08-06 09:08:06,26,44,remote
2026-08-06 09:08:08,24,48,local
2026-08-06 09:08:08,26,44,remote
2026-08-06 09:08:10,24,48,local
2026-08-06 09:08:10,26,44,remote
2026-08-06 09:08:12,24,48,local
2026-08-06 09:08:12,26,44,remote
2026-08-06 09:08:14,24,48,local
2026-08-06 09:08:14,26,44,remote
2026-08-06 09:08:16,24,48,local
2026-08-06 09:08:16,26,44,remote
2026-08-06 09:08:18,24,48,local
2026-08-06 09:08:18,26,44,remote
2026-08-06 09:08:20,24,48,local
2026-08-06 09:08:20,26,44,remote
2026-08-06 09:08:22,24,48,local
2026-08-06 09:08:22,26,44,remote
2026-08-06 09:08:24,24,48,local
2026-08-06 09:08:24,26,44,remote
2026-08-06 09:08:26,24,48,local
2026-08-06 09:08:26,26,44,remote
2026-08-06 09:08:28,24,48,local
2026-08-06 09:08:28,26,44,remote
2026-08-06 09:08:30,24,48,local
2026-08-06 09:08:30,26,44,remote
2026-08-06 09:08:32,24,48,local
2026-08-06 09:08:32,26,44,remote
2026-08-06 09:08:34,24,48,local
2026-08-06 09:08:34,26,44,remote
2026-08-06 09:08:36,24,48,local
2026-08-06 09:08:36,26,44,remote
2026-08-06 09:08:38,24,47,local
2026-08-06 09:08:39,26,44,remote
2026-08-06 09:08:40,24,47,local
2026-08-06 09:08:41,26,44,remote
2026-08-06 09:08:42,24,47,local
2026-08-06 09:08:43,26,44,remote
2026-08-06 09:08:44,24,47,local
2026-08-06 09:08:45,26,44,remote
2026-08-06 09:08:46,24,47,local
2026-08-06 09:08:47,26,44,remote
2026-08-06 09:08:48,24,47,local
2026-08-06 09:08:49,26,44,remote
2026-08-06 09:08:50,24,47,local
2026-08-06 09:08:51,26,44,remote
2026-08-06 09:08:52,24,47,local
2026-08-06 09:08:53,26,44,remote
2026-08-06 09:08:54,24,47,local
2026-08-06 09:08:55,26,44,remote
2026-08-06 09:08:56,24,47,local
2026-08-06 09:08:57,26,44,remote
2026-08-06 09:08:58,24,47,local
2026-08-06 09:08:59,26,44,remote
2026-08-06 09:09:00,24,47,local
2026-08-06 09:09:01,26,44,remote
2026-08-06 09:09:02,24,47,local
2026-08-06 09:09:03,26,44,remote
2026-08-06 09:09:04,24,47,local
2026-08-06 09:09:05,26,44,remote
2026-08-06 09:09:06,24,48,local
2026-08-06 09:09:07,26,44,remote
2026-08-06 09:09:08,24,48,local
2026-08-06 09:09:09,26,44,remote
2026-08-06 09:09:10,24,48,local
2026-08-06 09:09:11,26,43,remote
2026-08-06 09:09:12,24,48,local
2026-08-06 09:09:13,26,43,remote
2026-08-06 09:09:14,24,48,local
2026-08-06 09:09:15,26,43,remote
2026-08-06 09:09:16,24,48,local
2026-08-06 09:09:17,26,43,remote
2026-08-06 09:09:18,24,48,local
2026-08-06 09:09:19,26,43,remote
2026-08-06 09:09:20,24,48,local
2026-08-06 09:09:21,26,43,remote
2026-08-06 09:09:22,24,48,local
2026-08-06 09:09:23,26,43,remote
2026-08-06 09:09:25,24,48,local
2026-08-06 09:09:25,26,43,remote
2026-08-06 09:09:27,24,48,local
2026-08-06 09:09:27,26,43,remote
2026-08-06 09:09:29,24,48,local
2026-08-06 09:09:29,26,43,remote
2026-08-06 09:09:31,24,48,local
2026-08-06 09:09:31,26,43,remote
2026-08-06 09:09:33,24,48,local
2026-08-06 09:09:33,26,43,remote
2026-08-06 09:09:35,24,48,local
2026-08-06 09:09:35,26,43,remote
2026-08-06 09:09:37,24,48,local
2026-08-06 09:09:37,26,44,remote
2026-08-06 09:09:39,24,48,local
2026-08-06 09:09:39,26,44,remote
2026-08-06 09:09:41,24,48,local
2026-08-06 09:09:41,26,44,remote
2026-08-06 09:09:43,24,47,local
2026-08-06 09:09:43,26,43,remote
2026-08-06 09:09:45,24,47,local
2026-08-06 09:09:46,26,44,remote
2026-08-06 09:09:47,24,47,local
2026-08-06 09:09:48,26,44,remote
2026-08-06 09:09:49,24,47,local
2026-08-06 09:09:50,26,43,remote
2026-08-06 09:09:51,24,47,local
2026-08-06 09:09:52,26,43,remote
2026-08-06 09:09:53,24,47,local
2026-08-06 09:09:54,26,43,remote
2026-08-06 09:09:55,24,47,local
2026-08-06 09:09:56,26,43,remote
2026-08-06 09:09:57,24,47,local
2026-08-06 09:09:58,26,43,remote
2026-08-06 09:09:59,24,47,local
2026-08-06 09:10:00,26,43,remote
2026-08-06 09:10:01,24,47,local
2026-08-06 09:10:02,26,43,remote
2026-08-06 09:10:03,24,47,local
2026-08-06 09:10:04,26,43,remote
2026-08-06 09:10:05,24,47,local
2026-08-06 09:10:06,26,43,remote
2026-08-06 09:10:07,24,47,local
2026-08-06 09:10:08,26,43,remote
2026-08-06 09:10:09,24,47,local
2026-08-06 09:10:10,26,44,remote
2026-08-06 09:10:11,24,47,local
2026-08-06 09:10:12,26,44,remote
2026-08-06 09:10:13,24,47,local
2026-08-06 09:10:14,26,44,remote
2026-08-06 09:10:15,24,47,local
2026-08-06 09:10:16,26,44,remote
2026-08-06 09:10:17,24,47,local
2026-08-06 09:10:18,26,44,remote
2026-08-06 09:10:19,24,47,local
2026-08-06 09:10:20,26,44,remote
2026-08-06 09:10:21,24,47,local
2026-08-06 09:10:22,26,44,remote
2026-08-06 09:10:23,24,47,local
2026-08-06 09:10:24,26,44,remote
2026-08-06 09:10:25,24,47,local
2026-08-06 09:10:26,26,44,remote
2026-08-06 09:10:27,24,47,local
2026-08-06 09:10:28,26,44,remote
2026-08-06 09:10:29,24,47,local
2026-08-06 09:10:30,26,44,remote
2026-08-06 09:10:31,24,47,local
2026-08-06 09:10:32,26,43,remote
2026-08-06 09:10:33,24,47,local
2026-08-06 09:10:34,26,43,remote
2026-08-06 09:10:35,24,47,local
2026-08-06 09:10:36,26,43,remote
2026-08-06 09:10:37,24,47,local
2026-08-06 09:10:38,26,43,remote
2026-08-06 09:10:39,24,47,local
2026-08-06 09:10:40,26,43,remote
2026-08-06 09:10:41,24,47,local
2026-08-06 09:10:42,26,43,remote
2026-08-06 09:10:43,24,47,local
2026-08-06 09:10:44,26,43,remote
2026-08-06 09:10:45,24,47,local
2026-08-06 09:10:46,26,43,remote
2026-08-06 09:10:47,24,47,local
2026-08-06 09:10:48,26,43,remote
2026-08-06 09:10:49,24,47,local
2026-08-06 09:10:50,26,43,remote
2026-08-06 09:10:52,24,47,local
2026-08-06 09:10:53,26,43,remote
2026-08-06 09:10:54,24,47,local
2026-08-06 09:10:55,26,43,remote
2026-08-06 09:10:56,24,47,local
2026-08-06 09:10:57,26,43,remote
2026-08-06 09:10:58,24,47,local
2026-08-06 09:10:59,26,43,remote
2026-08-06 09:11:00,24,47,local
2026-08-06 09:11:01,26,43,remote
2026-08-06 09:11:02,24,47,local
2026-08-06 09:11:03,26,43,remote
2026-08-06 09:11:04,24,47,local
2026-08-06 09:11:05,26,43,remote
2026-08-06 09:11:06,24,47,local
2026-08-06 09:11:07,26,44,remote
2026-08-06 09:11:08,24,47,local
2026-08-06 09:11:09,26,43,remote
2026-08-06 09:11:10,24,47,local
2026-08-06 09:11:11,26,43,remote
2026-08-06 09:11:12,24,47,local
2026-08-06 09:11:13,26,43,remote
2026-08-06 09:11:14,24,47,local
2026-08-06 09:11:15,26,43,remote
2026-08-06 09:11:16,24,47,local
2026-08-06 09:11:17,26,43,remote
2026-08-06 09:11:18,24,47,local
2026-08-06 09:11:19,26,43,remote
2026-08-06 09:11:20,24,47,local
2026-08-06 09:11:21,26,43,remote
2026-08-06 09:11:22,24,47,local
2026-08-06 09:11:23,26,43,remote
2026-08-06 09:11:24,24,47,local
2026-08-06 09:11:25,26,43,remote
2026-08-06 09:11:26,24,47,local
2026-08-06 09:11:27,26,43,remote
2026-08-06 09:11:28,24,47,local
2026-08-06 09:11:29,26,43,remote
2026-08-06 09:11:30,24,47,local
2026-08-06 09:11:31,26,43,remote
2026-08-06 09:11:32,24,47,local
2026-08-06 09:11:33,26,43,remote
2026-08-06 09:11:34,24,47,local
2026-08-06 09:11:35,26,43,remote
2026-08-06 09:11:36,24,47,local
2026-08-06 09:11:37,26,43,remote
2026-08-06 09:11:38,24,47,local
2026-08-06 09:11:39,26,43,remote
2026-08-06 09:11:40,24,47,local
2026-08-06 09:11:41,26,43,remote
2026-08-06 09:11:42,24,47,local
2026-08-06 09:11:43,26,43,remote
2026-08-06 09:11:44,24,47,local
2026-08-06 09:11:45,26,43,remote
2026-08-06 09:11:46,24,47,local
2026-08-06 09:11:47,26,43,remote
2026-08-06 09:11:48,24,47,local
2026-08-06 09:11:49,26,43,remote
2026-08-06 09:11:50,24,47,local
2026-08-06 09:11:51,26,43,remote
2026-08-06 09:11:52,24,47,local
2026-08-06 09:11:53,26,43,remote
2026-08-06 09:11:54,24,47,local
2026-08-06 09:11:55,26,43,remote
2026-08-06 09:11:56,24,47,local
2026-08-06 09:11:57,26,43,remote
2026-08-06 09:11:58,24,47,local
2026-08-06 09:12:00,26,43,remote
2026-08-06 09:12:00,24,47,local
2026-08-06 09:12:02,26,43,remote
2026-08-06 09:12:02,24,47,local
2026-08-06 09:12:04,26,43,remote
2026-08-06 09:12:04,24,47,local
2026-08-06 09:12:06,26,43,remote
2026-08-06 09:12:06,24,47,local
2026-08-06 09:12:08,26,43,remote
2026-08-06 09:12:08,24,47,local
2026-08-06 09:12:10,26,43,remote
2026-08-06 09:12:10,24,47,local
2026-08-06 09:12:12,26,43,remote
2026-08-06 09:12:12,24,47,local
2026-08-06 09:12:14,26,43,remote
2026-08-06 09:12:14,24,47,local
2026-08-06 09:12:16,26,43,remote
2026-08-06 09:12:16,24,47,local
2026-08-06 09:12:18,26,43,remote
2026-08-06 09:12:19,24,47,local
2026-08-06 09:12:20,26,43,remote
2026-08-06 09:12:21,24,47,local
2026-08-06 09:12:22,26,43,remote
2026-08-06 09:12:23,24,47,local
2026-08-06 09:12:24,26,43,remote
2026-08-06 09:12:25,24,47,local
2026-08-06 09:12:26,26,43,remote
2026-08-06 09:12:27,24,47,local
2026-08-06 09:12:28,26,43,remote
2026-08-06 09:12:29,24,47,local
2026-08-06 09:12:30,26,43,remote
2026-08-06 09:12:31,24,47,local
2026-08-06 09:12:32,26,43,remote
2026-08-06 09:12:33,24,47,local
2026-08-06 09:12:34,26,43,remote
2026-08-06 09:12:35,24,47,local
2026-08-06 09:12:36,26,43,remote
2026-08-06 09:12:37,24,47,local
2026-08-06 09:12:38,26,43,remote
2026-08-06 09:12:39,24,47,local
2026-08-06 09:12:40,26,43,remote
2026-08-06 09:12:41,24,47,local
2026-08-06 09:12:42,26,43,remote
2026-08-06 09:12:43,24,47,local
2026-08-06 09:12:44,26,43,remote
2026-08-06 09:12:45,24,47,local
2026-08-06 09:12:46,26,43,remote
2026-08-06 09:12:47,24,47,local
2026-08-06 09:12:48,26,43,remote
2026-08-06 09:12:49,24,47,local
2026-08-06 09:12:50,26,43,remote
2026-08-06 09:12:51,24,47,local
2026-08-06 09:12:52,26,43,remote
2026-08-06 09:12:53,24,47,local
2026-08-06 09:12:54,26,43,remote
2026-08-06 09:12:55,24,47,local
2026-08-06 09:12:56,26,43,remote
2026-08-06 09:12:57,24,47,local
2026-08-06 09:12:58,26,43,remote
2026-08-06 09:12:59,24,47,local
2026-08-06 09:13:00,26,43,remote
2026-08-06 09:13:01,24,47,local
2026-08-06 09:13:02,26,43,remote
2026-08-06 09:13:03,24,47,local
2026-08-06 09:13:05,26,43,remote
2026-08-06 09:13:05,24,47,local
2026-08-06 09:13:07,26,43,remote
2026-08-06 09:13:07,24,47,local
2026-08-06 09:13:09,26,43,remote
2026-08-06 09:13:09,24,47,local
2026-08-06 09:13:11,26,43,remote
2026-08-06 09:13:11,24,47,local
2026-08-06 09:13:13,26,43,remote
2026-08-06 09:13:13,24,47,local
2026-08-06 09:13:15,26,43,remote
2026-08-06 09:13:15,24,47,local
2026-08-06 09:13:17,26,43,remote
2026-08-06 09:13:17,24,47,local
2026-08-06 09:13:19,26,43,remote
2026-08-06 09:13:19,24,47,local
2026-08-06 09:13:21,26,43,remote
2026-08-06 09:13:21,24,47,local
2026-08-06 09:13:23,26,43,remote
2026-08-06 09:13:23,24,47,local
2026-08-06 09:13:25,26,43,remote
2026-08-06 09:13:25,24,47,local
2026-08-06 09:13:27,26,43,remote
2026-08-06 09:13:27,24,47,local
2026-08-06 09:13:29,26,43,remote
2026-08-06 09:13:29,24,47,local
2026-08-06 09:13:31,26,43,remote
2026-08-06 09:13:31,24,47,local
2026-08-06 09:13:33,26,43,remote
2026-08-06 09:13:33,24,47,local
2026-08-06 09:13:35,26,43,remote
2026-08-06 09:13:35,24,47,local
2026-08-06 09:13:37,26,43,remote
2026-08-06 09:13:37,24,47,local
2026-08-06 09:13:39,26,43,remote
2026-08-06 09:13:39,24,47,local
2026-08-06 09:13:41,26,43,remote
2026-08-06 09:13:41,24,47,local
2026-08-06 09:13:43,26,43,remote
2026-08-06 09:13:43,24,47,local
2026-08-06 09:13:45,26,43,remote
2026-08-06 09:13:46,24,47,local
2026-08-06 09:13:47,26,42,remote
2026-08-06 09:13:48,24,47,local
2026-08-06 09:13:49,26,42,remote
2026-08-06 09:13:50,24,47,local
2026-08-06 09:13:51,26,42,remote
2026-08-06 09:13:52,24,47,local
2026-08-06 09:13:53,26,42,remote
2026-08-06 09:13:54,24,47,local
2026-08-06 09:13:55,26,42,remote
2026-08-06 09:13:56,24,47,local
2026-08-06 09:13:57,26,42,remote
2026-08-06 09:13:58,24,47,local
2026-08-06 09:13:59,26,42,remote
2026-08-06 09:14:00,24,47,local
2026-08-06 09:14:01,26,42,remote
2026-08-06 09:14:02,24,47,local
2026-08-06 09:14:03,26,42,remote
2026-08-06 09:14:04,24,47,local
2026-08-06 09:14:05,26,42,remote
2026-08-06 09:14:06,24,47,local
2026-08-06 09:14:07,26,43,remote
2026-08-06 09:14:08,24,47,local
2026-08-06 09:14:09,26,43,remote
2026-08-06 09:14:10,24,47,local
2026-08-06 09:14:12,26,43,remote
2026-08-06 09:14:12,24,47,local
2026-08-06 09:14:14,26,42,remote
2026-08-06 09:14:14,24,47,local
2026-08-06 09:14:16,26,42,remote
2026-08-06 09:14:16,24,47,local
2026-08-06 09:14:18,26,42,remote
2026-08-06 09:14:18,24,47,local
2026-08-06 09:14:20,26,42,remote
2026-08-06 09:14:20,24,47,local
2026-08-06 09:14:22,26,42,remote
2026-08-06 09:14:22,24,47,local
2026-08-06 09:14:24,26,42,remote
2026-08-06 09:14:24,24,47,local
2026-08-06 09:14:26,26,42,remote
2026-08-06 09:14:26,24,47,local
2026-08-06 09:14:28,26,42,remote
2026-08-06 09:14:28,24,47,local
2026-08-06 09:14:30,26,42,remote
2026-08-06 09:14:30,24,47,local
2026-08-06 09:14:32,26,42,remote
2026-08-06 09:14:32,24,47,local
2026-08-06 09:14:34,26,42,remote
2026-08-06 09:14:34,24,47,local
2026-08-06 09:14:36,26,42,remote
2026-08-06 09:14:36,24,47,local
2026-08-06 09:14:38,26,42,remote
2026-08-06 09:14:38,24,47,local
2026-08-06 09:14:40,26,42,remote
2026-08-06 09:14:40,24,47,local
2026-08-06 09:14:42,26,42,remote
2026-08-06 09:14:42,24,47,local
2026-08-06 09:14:44,26,42,remote
2026-08-06 09:14:44,24,47,local
2026-08-06 09:14:46,26,42,remote
2026-08-06 09:14:46,24,47,local
2026-08-06 09:14:48,26,42,remote
2026-08-06 09:14:48,24,47,local
2026-08-06 09:14:50,26,42,remote
2026-08-06 09:14:50,24,47,local
2026-08-06 09:14:52,26,42,remote
2026-08-06 09:14:52,24,47,local
2026-08-06 09:14:54,26,42,remote
2026-08-06 09:14:54,24,47,local
2026-08-06 09:14:56,26,42,remote
2026-08-06 09:14:56,24,47,local
2026-08-06 09:14:58,26,42,remote
2026-08-06 09:14:58,24,47,local
2026-08-06 09:15:00,26,42,remote
2026-08-06 09:15:00,24,47,local
2026-08-06 09:15:02,26,43,remote
2026-08-06 09:15:02,24,47,local
2026-08-06 09:15:04,26,43,remote
2026-08-06 09:15:04,24,47,local
2026-08-06 09:15:06,26,44,remote
2026-08-06 09:15:06,24,47,local
2026-08-06 09:15:08,26,44,remote
2026-08-06 09:15:08,24,47,local
2026-08-06 09:15:10,26,44,remote
2026-08-06 09:15:11,24,47,local
2026-08-06 09:15:12,26,44,remote
2026-08-06 09:15:13,24,47,local
2026-08-06 09:15:14,26,44,remote
2026-08-06 09:15:15,24,47,local
2026-08-06 09:15:16,26,44,remote
2026-08-06 09:15:17,24,47,local
2026-08-06 09:15:19,26,44,remote
2026-08-06 09:15:19,24,47,local
2026-08-06 09:15:21,26,44,remote
2026-08-06 09:15:21,24,47,local
2026-08-06 09:15:23,26,44,remote
2026-08-06 09:15:23,24,47,local
2026-08-06 09:15:25,26,44,remote
2026-08-06 09:15:25,24,47,local
2026-08-06 09:15:27,26,45,remote
2026-08-06 09:15:27,24,47,local
2026-08-06 09:15:29,26,44,remote
2026-08-06 09:15:29,24,47,local
2026-08-06 09:15:31,26,44,remote
2026-08-06 09:15:31,24,47,local
2026-08-06 09:15:33,26,44,remote
2026-08-06 09:15:33,24,47,local
2026-08-06 09:15:35,26,44,remote
2026-08-06 09:15:35,24,47,local
2026-08-06 09:15:37,26,44,remote
2026-08-06 09:15:37,24,47,local
2026-08-06 09:15:39,24,47,local
2026-08-06 09:15:39,26,44,remote
2026-08-06 09:15:41,24,47,local
2026-08-06 09:15:41,26,43,remote
2026-08-06 09:15:43,26,43,remote
2026-08-06 09:15:45,24,47,local
2026-08-06 09:15:45,26,43,remote
2026-08-06 09:15:47,24,47,local
2026-08-06 09:15:47,26,43,remote
2026-08-06 09:15:49,24,47,local
2026-08-06 09:15:49,26,44,remote
2026-08-06 09:15:51,24,47,local
2026-08-06 09:15:51,26,44,remote
2026-08-06 09:15:53,24,47,local
2026-08-06 09:15:53,26,44,remote
2026-08-06 09:15:55,24,47,local
2026-08-06 09:15:55,26,44,remote
2026-08-06 09:15:57,24,47,local
2026-08-06 09:15:57,26,44,remote
2026-08-06 09:15:59,24,47,local
2026-08-06 09:15:59,26,43,remote
2026-08-06 09:16:01,24,47,local
2026-08-06 09:16:01,26,43,remote
2026-08-06 09:16:03,24,47,local
2026-08-06 09:16:03,26,43,remote
2026-08-06 09:16:05,24,47,local
2026-08-06 09:16:05,26,43,remote
2026-08-06 09:16:07,24,47,local
2026-08-06 09:16:07,26,43,remote
2026-08-06 09:16:09,24,47,local
2026-08-06 09:16:09,26,43,remote
2026-08-06 09:16:11,24,47,local
2026-08-06 09:16:11,26,43,remote
2026-08-06 09:16:13,24,47,local
2026-08-06 09:16:13,26,43,remote
2026-08-06 09:16:15,24,47,local
2026-08-06 09:16:15,26,43,remote
2026-08-06 09:16:17,24,47,local
2026-08-06 09:16:17,26,43,remote
2026-08-06 09:16:19,24,47,local
2026-08-06 09:16:19,26,43,remote
2026-08-06 09:16:21,24,47,local
2026-08-06 09:16:21,26,42,remote
2026-08-06 09:16:23,24,47,local
2026-08-06 09:16:23,26,42,remote
2026-08-06 09:16:25,24,47,local
2026-08-06 09:16:26,26,42,remote
2026-08-06 09:16:27,24,47,local
2026-08-06 09:16:28,26,42,remote
2026-08-06 09:16:29,24,47,local
2026-08-06 09:16:30,26,42,remote
2026-08-06 09:16:31,24,47,local
2026-08-06 09:16:32,26,42,remote
2026-08-06 09:16:33,24,47,local
2026-08-06 09:16:34,26,42,remote
2026-08-06 09:16:35,24,47,local
2026-08-06 09:16:36,26,42,remote
2026-08-06 09:16:38,24,47,local
2026-08-06 09:16:38,26,42,remote
2026-08-06 09:16:40,24,47,local
2026-08-06 09:16:40,26,42,remote
2026-08-06 09:16:42,24,47,local
2026-08-06 09:16:42,26,42,remote
2026-08-06 09:16:44,24,47,local
2026-08-06 09:16:44,26,42,remote
2026-08-06 09:16:46,24,47,local
2026-08-06 09:16:46,26,42,remote
2026-08-06 09:16:48,24,47,local
2026-08-06 09:16:48,26,42,remote
2026-08-06 09:16:50,24,47,local
2026-08-06 09:16:50,26,42,remote
2026-08-06 09:16:52,24,47,local
2026-08-06 09:16:52,26,42,remote
2026-08-06 09:16:54,24,47,local
2026-08-06 09:16:54,26,42,remote
2026-08-06 09:16:56,24,47,local
2026-08-06 09:16:56,26,42,remote
2026-08-06 09:16:58,24,47,local
2026-08-06 09:16:58,26,42,remote
2026-08-06 09:17:00,24,47,local
2026-08-06 09:17:00,26,42,remote
2026-08-06 09:17:02,24,47,local
2026-08-06 09:17:02,26,42,remote
2026-08-06 09:17:04,24,47,local
2026-08-06 09:17:04,26,42,remote
2026-08-06 09:17:06,24,47,local
2026-08-06 09:17:06,26,42,remote
2026-08-06 09:17:08,24,47,local
2026-08-06 09:17:08,26,42,remote
2026-08-06 09:17:10,24,47,local
2026-08-06 09:17:10,26,42,remote
2026-08-06 09:17:12,24,47,local
2026-08-06 09:17:12,26,42,remote
2026-08-06 09:17:14,24,47,local
2026-08-06 09:17:14,26,42,remote
2026-08-06 09:17:16,24,47,local
2026-08-06 09:17:16,26,42,remote
2026-08-06 09:17:18,24,47,local
2026-08-06 09:17:18,26,42,remote
2026-08-06 09:17:20,24,47,local
2026-08-06 09:17:20,26,42,remote
2026-08-06 09:17:22,24,47,local
2026-08-06 09:17:22,26,42,remote
2026-08-06 09:17:24,24,47,local
2026-08-06 09:17:24,26,42,remote
2026-08-06 09:17:26,24,47,local
2026-08-06 09:17:26,26,42,remote
2026-08-06 09:17:28,24,47,local
2026-08-06 09:17:28,26,42,remote
2026-08-06 09:17:30,24,47,local
2026-08-06 09:17:30,26,42,remote
2026-08-06 09:17:32,24,47,local
2026-08-06 09:17:33,26,43,remote
2026-08-06 09:17:34,24,47,local
2026-08-06 09:17:35,26,43,remote
2026-08-06 09:17:36,24,47,local
2026-08-06 09:17:37,26,43,remote
2026-08-06 09:17:38,24,47,local
2026-08-06 09:17:39,26,43,remote
2026-08-06 09:17:40,24,47,local
2026-08-06 09:17:41,26,43,remote
2026-08-06 09:17:42,24,47,local
2026-08-06 09:17:43,26,43,remote
2026-08-06 09:17:44,24,47,local
2026-08-06 09:17:45,26,43,remote
2026-08-06 09:17:46,24,47,local
2026-08-06 09:17:47,26,43,remote
2026-08-06 09:17:48,24,47,local
2026-08-06 09:17:49,26,43,remote
2026-08-06 09:17:50,24,47,local
2026-08-06 09:17:51,26,43,remote
2026-08-06 09:17:52,24,47,local
2026-08-06 09:17:53,26,43,remote
2026-08-06 09:17:54,24,47,local
2026-08-06 09:17:55,26,43,remote
2026-08-06 09:17:56,24,47,local
2026-08-06 09:17:57,26,43,remote
2026-08-06 09:17:58,24,47,local
2026-08-06 09:17:59,26,43,remote
2026-08-06 09:18:00,24,47,local
2026-08-06 09:18:01,26,43,remote
2026-08-06 09:18:02,24,47,local
2026-08-06 09:18:03,26,43,remote
2026-08-06 09:18:05,24,47,local
2026-08-06 09:18:05,26,43,remote
2026-08-06 09:18:07,24,47,local
2026-08-06 09:18:07,26,43,remote
2026-08-06 09:18:09,24,47,local
2026-08-06 09:18:09,26,43,remote
2026-08-06 09:18:11,24,47,local
2026-08-06 09:18:11,26,43,remote
2026-08-06 09:18:13,24,47,local
2026-08-06 09:18:13,26,43,remote
2026-08-06 09:18:15,24,47,local
2026-08-06 09:18:15,26,43,remote
2026-08-06 09:18:17,24,47,local
2026-08-06 09:18:17,26,43,remote
2026-08-06 09:18:19,24,47,local
2026-08-06 09:18:19,26,43,remote
2026-08-06 09:18:21,24,47,local
2026-08-06 09:18:21,26,43,remote
2026-08-06 09:18:23,24,47,local
2026-08-06 09:18:23,26,43,remote
2026-08-06 09:18:25,24,47,local
2026-08-06 09:18:25,26,43,remote
2026-08-06 09:18:27,24,47,local
2026-08-06 09:18:27,26,43,remote
2026-08-06 09:18:29,24,47,local
2026-08-06 09:18:29,26,43,remote
2026-08-06 09:18:31,24,47,local
2026-08-06 09:18:31,26,43,remote
2026-08-06 09:18:33,24,47,local
2026-08-06 09:18:33,26,43,remote
2026-08-06 09:18:35,24,47,local
2026-08-06 09:18:35,26,43,remote
2026-08-06 09:18:37,24,47,local
2026-08-06 09:18:37,26,43,remote
2026-08-06 09:18:39,24,47,local
2026-08-06 09:18:40,26,43,remote
2026-08-06 09:18:41,24,47,local
2026-08-06 09:18:42,26,43,remote
2026-08-06 09:18:43,24,47,local
2026-08-06 09:18:44,26,43,remote
2026-08-06 09:18:45,24,47,local
2026-08-06 09:18:46,26,43,remote
2026-08-06 09:18:47,24,47,local
2026-08-06 09:18:48,26,43,remote
2026-08-06 09:18:49,24,47,local
2026-08-06 09:18:50,26,43,remote
2026-08-06 09:18:51,24,47,local
2026-08-06 09:18:52,26,43,remote
2026-08-06 09:18:53,24,47,local
2026-08-06 09:18:54,26,43,remote
2026-08-06 09:18:55,24,47,local
2026-08-06 09:18:56,26,43,remote
2026-08-06 09:18:57,24,47,local
2026-08-06 09:18:58,26,43,remote
2026-08-06 09:18:59,24,47,local
2026-08-06 09:19:00,26,43,remote
2026-08-06 09:19:01,24,47,local
2026-08-06 09:19:02,26,43,remote
2026-08-06 09:19:03,24,47,local
2026-08-06 09:19:04,26,43,remote
2026-08-06 09:19:05,24,47,local
2026-08-06 09:19:06,26,44,remote
2026-08-06 09:19:07,24,47,local
2026-08-06 09:19:08,26,44,remote
2026-08-06 09:19:09,24,47,local
2026-08-06 09:19:10,26,44,remote
2026-08-06 09:19:11,24,47,local
2026-08-06 09:19:12,26,44,remote
2026-08-06 09:19:13,24,47,local
2026-08-06 09:19:14,26,44,remote
2026-08-06 09:19:15,24,47,local
2026-08-06 09:19:16,26,44,remote
2026-08-06 09:19:17,24,47,local
2026-08-06 09:19:18,26,44,remote
2026-08-06 09:19:19,24,47,local
2026-08-06 09:19:20,26,44,remote
2026-08-06 09:19:21,24,47,local
2026-08-06 09:19:22,26,44,remote
2026-08-06 09:19:23,24,47,local
2026-08-06 09:19:24,26,44,remote
2026-08-06 09:19:25,24,47,local
2026-08-06 09:19:26,26,44,remote
2026-08-06 09:19:27,24,47,local
2026-08-06 09:19:28,26,44,remote
2026-08-06 09:19:29,24,47,local
2026-08-06 09:19:30,26,44,remote
2026-08-06 09:19:32,24,47,local
2026-08-06 09:19:32,26,44,remote
2026-08-06 09:19:34,24,47,local
2026-08-06 09:19:34,26,44,remote
2026-08-06 09:19:36,24,47,local
2026-08-06 09:19:36,26,44,remote
2026-08-06 09:19:38,24,47,local
2026-08-06 09:19:38,26,44,remote
2026-08-06 09:19:40,24,47,local
2026-08-06 09:19:40,26,43,remote
2026-08-06 09:19:42,24,47,local
2026-08-06 09:19:42,26,43,remote
2026-08-06 09:19:44,24,47,local
2026-08-06 09:19:44,26,43,remote
2026-08-06 09:19:46,24,47,local
2026-08-06 09:19:47,26,43,remote
2026-08-06 09:19:48,24,47,local
2026-08-06 09:19:49,26,43,remote
2026-08-06 09:19:50,24,47,local
2026-08-06 09:19:51,26,44,remote
2026-08-06 09:19:52,24,47,local
2026-08-06 09:19:53,26,44,remote
2026-08-06 09:19:54,24,47,local
2026-08-06 09:19:55,26,44,remote
2026-08-06 09:19:56,24,47,local
2026-08-06 09:19:57,26,44,remote
2026-08-06 09:19:58,24,47,local
2026-08-06 09:19:59,26,44,remote
2026-08-06 09:20:00,24,47,local
2026-08-06 09:20:01,26,44,remote
2026-08-06 09:20:02,24,47,local
2026-08-06 09:20:03,26,43,remote
2026-08-06 09:20:04,24,47,local
2026-08-06 09:20:05,26,43,remote
2026-08-06 09:20:06,24,47,local
2026-08-06 09:20:07,26,43,remote
2026-08-06 09:20:08,24,47,local
2026-08-06 09:20:09,26,43,remote
2026-08-06 09:20:10,24,47,local
2026-08-06 09:20:11,26,43,remote
2026-08-06 09:20:12,24,47,local
2026-08-06 09:20:13,26,43,remote
2026-08-06 09:20:14,24,47,local
2026-08-06 09:20:15,26,43,remote
2026-08-06 09:20:16,24,47,local
2026-08-06 09:20:17,26,43,remote
2026-08-06 09:20:18,24,47,local
2026-08-06 09:20:19,26,43,remote
2026-08-06 09:20:20,24,47,local
2026-08-06 09:20:21,26,43,remote
2026-08-06 09:20:22,24,47,local
2026-08-06 09:20:23,26,43,remote
2026-08-06 09:20:24,24,47,local
2026-08-06 09:20:25,26,43,remote
2026-08-06 09:20:26,24,47,local
2026-08-06 09:20:27,26,43,remote
2026-08-06 09:20:28,24,47,local
2026-08-06 09:20:29,26,43,remote
2026-08-06 09:20:30,24,47,local
2026-08-06 09:20:31,26,43,remote
2026-08-06 09:20:32,24,47,local
2026-08-06 09:20:33,26,43,remote
2026-08-06 09:20:34,24,47,local
2026-08-06 09:20:35,26,43,remote
2026-08-06 09:20:36,24,47,local
2026-08-06 09:20:37,26,43,remote
2026-08-06 09:20:38,24,47,local
2026-08-06 09:20:39,26,43,remote
2026-08-06 09:20:40,24,47,local
2026-08-06 09:20:41,26,43,remote
2026-08-06 09:20:42,24,47,local
2026-08-06 09:20:43,26,43,remote
2026-08-06 09:20:44,24,47,local
2026-08-06 09:20:45,26,43,remote
2026-08-06 09:20:46,24,47,local
2026-08-06 09:20:47,26,43,remote
2026-08-06 09:20:48,24,47,local
2026-08-06 09:20:49,26,43,remote
2026-08-06 09:20:50,24,47,local
2026-08-06 09:20:51,26,43,remote
2026-08-06 09:20:52,24,47,local
2026-08-06 09:20:54,26,43,remote
2026-08-06 09:20:54,24,47,local
2026-08-06 09:20:56,26,43,remote
2026-08-06 09:20:57,24,47,local
2026-08-06 09:20:58,26,43,remote
2026-08-06 09:20:59,24,47,local
2026-08-06 09:21:00,26,43,remote
2026-08-06 09:21:01,24,47,local
2026-08-06 09:21:02,26,43,remote
2026-08-06 09:21:03,24,47,local
2026-08-06 09:21:04,26,43,remote
2026-08-06 09:21:05,24,47,local
2026-08-06 09:21:06,26,43,remote
2026-08-06 09:21:07,24,47,local
2026-08-06 09:21:08,26,43,remote
2026-08-06 09:21:09,24,47,local
2026-08-06 09:21:10,26,43,remote
2026-08-06 09:21:11,24,47,local
2026-08-06 09:21:12,26,43,remote
2026-08-06 09:21:13,24,47,local
2026-08-06 09:21:14,26,43,remote
2026-08-06 09:21:15,24,47,local
2026-08-06 09:21:16,26,43,remote
2026-08-06 09:21:17,24,47,local
2026-08-06 09:21:18,26,43,remote
2026-08-06 09:21:19,24,47,local
2026-08-06 09:21:20,26,43,remote
2026-08-06 09:21:21,24,47,local
2026-08-06 09:21:22,26,43,remote
2026-08-06 09:21:23,24,47,local
2026-08-06 09:21:24,26,43,remote
2026-08-06 09:21:25,24,47,local
2026-08-06 09:21:26,26,43,remote
2026-08-06 09:21:27,24,47,local
2026-08-06 09:21:28,26,43,remote
2026-08-06 09:21:29,24,47,local
2026-08-06 09:21:30,26,43,remote
2026-08-06 09:21:31,24,47,local
2026-08-06 09:21:32,26,43,remote
2026-08-06 09:21:33,24,47,local
2026-08-06 09:21:34,26,43,remote
2026-08-06 09:21:35,24,47,local
2026-08-06 09:21:36,26,43,remote
2026-08-06 09:21:37,24,47,local
2026-08-06 09:21:38,26,43,remote
2026-08-06 09:21:39,24,47,local
2026-08-06 09:21:40,26,43,remote
2026-08-06 09:21:41,24,47,local
2026-08-06 09:21:42,26,43,remote
2026-08-06 09:21:43,24,47,local
2026-08-06 09:21:44,26,43,remote
2026-08-06 09:21:45,24,47,local
2026-08-06 09:21:46,26,43,remote
2026-08-06 09:21:47,24,47,local
2026-08-06 09:21:48,26,43,remote
2026-08-06 09:21:49,24,47,local
2026-08-06 09:21:50,26,43,remote
2026-08-06 09:21:51,24,47,local
2026-08-06 09:21:52,26,43,remote
2026-08-06 09:21:53,24,47,local
2026-08-06 09:21:54,26,43,remote
2026-08-06 09:21:55,24,47,local
2026-08-06 09:21:56,26,43,remote
2026-08-06 09:21:57,24,47,local
2026-08-06 09:21:58,26,43,remote
2026-08-06 09:21:59,24,47,local
2026-08-06 09:22:01,26,43,remote
2026-08-06 09:22:01,24,47,local
2026-08-06 09:22:03,26,43,remote
2026-08-06 09:22:03,24,47,local
2026-08-06 09:22:05,26,43,remote
2026-08-06 09:22:05,24,47,local
2026-08-06 09:22:07,26,43,remote
2026-08-06 09:22:07,24,47,local
2026-08-06 09:22:09,26,43,remote
2026-08-06 09:22:09,24,47,local
2026-08-06 09:22:11,26,43,remote
2026-08-06 09:22:11,24,47,local
2026-08-06 09:22:13,26,43,remote
2026-08-06 09:22:13,24,47,local
2026-08-06 09:22:15,26,43,remote
2026-08-06 09:22:15,24,47,local
2026-08-06 09:22:17,26,43,remote
2026-08-06 09:22:17,24,47,local
2026-08-06 09:22:19,26,43,remote
2026-08-06 09:22:19,24,47,local
2026-08-06 09:22:21,26,43,remote
2026-08-06 09:22:21,24,47,local
2026-08-06 09:22:23,26,43,remote
2026-08-06 09:22:24,24,47,local
2026-08-06 09:22:25,26,43,remote
2026-08-06 09:22:26,24,47,local
2026-08-06 09:22:27,26,43,remote
2026-08-06 09:22:28,24,47,local
2026-08-06 09:22:29,26,43,remote
2026-08-06 09:22:30,24,47,local
2026-08-06 09:22:31,26,43,remote
2026-08-06 09:22:32,24,47,local
2026-08-06 09:22:33,26,43,remote
2026-08-06 09:22:34,24,47,local
2026-08-06 09:22:35,26,43,remote
2026-08-06 09:22:36,24,47,local
2026-08-06 09:22:37,26,43,remote
2026-08-06 09:22:38,24,47,local
2026-08-06 09:22:39,26,43,remote
2026-08-06 09:22:40,24,47,local
2026-08-06 09:22:41,26,43,remote
2026-08-06 09:22:42,24,47,local
2026-08-06 09:22:43,26,43,remote
2026-08-06 09:22:44,24,47,local
2026-08-06 09:22:45,26,43,remote
2026-08-06 09:22:46,24,47,local
2026-08-06 09:22:47,26,43,remote
2026-08-06 09:22:48,24,47,local
2026-08-06 09:22:49,26,43,remote
2026-08-06 09:22:50,24,47,local
2026-08-06 09:22:51,26,43,remote
2026-08-06 09:22:52,24,47,local
2026-08-06 09:22:53,26,43,remote
2026-08-06 09:22:54,24,47,local
2026-08-06 09:22:55,26,43,remote
2026-08-06 09:22:56,24,47,local
2026-08-06 09:22:57,26,43,remote
2026-08-06 09:22:58,24,47,local
2026-08-06 09:22:59,26,43,remote
2026-08-06 09:23:00,24,47,local
2026-08-06 09:23:01,26,43,remote
2026-08-06 09:23:02,24,47,local
2026-08-06 09:23:03,26,43,remote
2026-08-06 09:23:04,24,47,local
2026-08-06 09:23:06,26,43,remote
2026-08-06 09:23:06,24,47,local
2026-08-06 09:23:08,26,43,remote
2026-08-06 09:23:08,24,47,local
2026-08-06 09:23:10,26,42,remote
2026-08-06 09:23:10,24,47,local
2026-08-06 09:23:12,26,42,remote
2026-08-06 09:23:12,24,47,local
2026-08-06 09:23:14,26,42,remote
2026-08-06 09:23:14,24,47,local
2026-08-06 09:23:16,26,42,remote
2026-08-06 09:23:16,24,47,local
2026-08-06 09:23:18,26,42,remote
2026-08-06 09:23:18,24,47,local
2026-08-06 09:23:20,26,42,remote
2026-08-06 09:23:20,24,47,local
2026-08-06 09:23:22,26,42,remote
2026-08-06 09:23:22,24,47,local
2026-08-06 09:23:24,26,42,remote
2026-08-06 09:23:24,24,47,local
2026-08-06 09:23:26,26,42,remote
2026-08-06 09:23:26,24,47,local
2026-08-06 09:23:28,26,42,remote
2026-08-06 09:23:28,24,47,local
2026-08-06 09:23:30,26,42,remote
2026-08-06 09:23:30,24,47,local
2026-08-06 09:23:32,26,42,remote
2026-08-06 09:23:32,24,47,local
2026-08-06 09:23:34,26,42,remote
2026-08-06 09:23:34,24,47,local
2026-08-06 09:23:36,26,42,remote
2026-08-06 09:23:36,24,47,local
2026-08-06 09:23:38,26,42,remote
2026-08-06 09:23:38,24,47,local
2026-08-06 09:23:40,26,42,remote
2026-08-06 09:23:40,24,47,local
2026-08-06 09:23:42,26,42,remote
2026-08-06 09:23:42,24,47,local
2026-08-06 09:23:44,26,42,remote
2026-08-06 09:23:44,24,47,local
2026-08-06 09:23:46,26,42,remote
2026-08-06 09:23:46,24,47,local
2026-08-06 09:23:48,26,42,remote
2026-08-06 09:23:48,24,47,local
2026-08-06 09:23:50,26,42,remote
2026-08-06 09:23:51,24,47,local
2026-08-06 09:23:52,26,42,remote
2026-08-06 09:23:53,24,47,local
2026-08-06 09:23:54,26,42,remote
2026-08-06 09:23:55,24,47,local
2026-08-06 09:23:56,26,42,remote
2026-08-06 09:23:57,24,47,local
2026-08-06 09:23:58,26,42,remote
2026-08-06 09:23:59,24,47,local
2026-08-06 09:24:00,26,42,remote
2026-08-06 09:24:01,24,47,local
2026-08-06 09:24:02,26,42,remote
2026-08-06 09:24:03,24,47,local
2026-08-06 09:24:04,26,42,remote
2026-08-06 09:24:05,24,47,local
2026-08-06 09:24:06,26,42,remote
2026-08-06 09:24:07,24,47,local
2026-08-06 09:24:08,26,42,remote
2026-08-06 09:24:09,24,47,local
2026-08-06 09:24:10,26,42,remote
2026-08-06 09:24:11,24,47,local
2026-08-06 09:24:13,26,42,remote
2026-08-06 09:24:13,24,47,local
2026-08-06 09:24:15,26,42,remote
2026-08-06 09:24:15,24,47,local
2026-08-06 09:24:17,26,42,remote
2026-08-06 09:24:17,24,47,local
2026-08-06 09:24:19,26,42,remote
2026-08-06 09:24:19,24,47,local
2026-08-06 09:24:21,26,42,remote
2026-08-06 09:24:21,24,47,local
2026-08-06 09:24:23,26,42,remote
2026-08-06 09:24:23,24,47,local
2026-08-06 09:24:25,26,42,remote
2026-08-06 09:24:25,24,47,local
2026-08-06 09:24:27,26,42,remote
2026-08-06 09:24:27,24,47,local
2026-08-06 09:24:29,26,42,remote
2026-08-06 09:24:29,24,47,local
2026-08-06 09:24:31,26,42,remote
2026-08-06 09:24:31,24,47,local
2026-08-06 09:24:33,26,42,remote
2026-08-06 09:24:33,24,47,local
2026-08-06 09:24:35,26,42,remote
2026-08-06 09:24:35,24,47,local
2026-08-06 09:24:37,26,42,remote
2026-08-06 09:24:37,24,47,local
2026-08-06 09:24:39,26,42,remote
2026-08-06 09:24:39,24,47,local
2026-08-06 09:24:41,26,42,remote
2026-08-06 09:24:41,24,47,local
2026-08-06 09:24:43,26,42,remote
2026-08-06 09:24:43,24,47,local
2026-08-06 09:24:45,26,42,remote
2026-08-06 09:24:45,24,47,local
2026-08-06 09:24:47,26,42,remote
2026-08-06 09:24:47,24,47,local
2026-08-06 09:24:49,26,42,remote
2026-08-06 09:24:49,24,47,local
2026-08-06 09:24:51,26,42,remote
2026-08-06 09:24:51,24,47,local
2026-08-06 09:24:53,26,42,remote
2026-08-06 09:24:53,24,47,local
2026-08-06 09:24:55,26,42,remote
2026-08-06 09:24:55,24,47,local
2026-08-06 09:24:57,26,42,remote
2026-08-06 09:24:57,24,47,local
2026-08-06 09:24:59,26,42,remote
2026-08-06 09:24:59,24,47,local
2026-08-06 09:25:01,26,42,remote
2026-08-06 09:25:01,24,47,local
2026-08-06 09:25:03,26,42,remote
2026-08-06 09:25:03,24,47,local
2026-08-06 09:25:05,26,42,remote
2026-08-06 09:25:05,24,47,local
2026-08-06 09:25:07,26,42,remote
2026-08-06 09:25:07,24,47,local
2026-08-06 09:25:09,26,42,remote
2026-08-06 09:25:09,24,47,local
2026-08-06 09:25:11,26,42,remote
2026-08-06 09:25:11,24,47,local
2026-08-06 09:25:13,26,42,remote
2026-08-06 09:25:13,24,47,local
2026-08-06 09:25:15,26,42,remote
2026-08-06 09:25:15,24,47,local
2026-08-06 09:25:17,26,42,remote
2026-08-06 09:25:18,24,47,local
2026-08-06 09:25:20,26,42,remote
2026-08-06 09:25:20,24,47,local
2026-08-06 09:25:22,26,43,remote
2026-08-06 09:25:22,24,47,local
2026-08-06 09:25:24,26,43,remote
2026-08-06 09:25:24,24,47,local
2026-08-06 09:25:26,24,47,local
2026-08-06 09:25:26,26,43,remote
2026-08-06 09:25:28,24,47,local
2026-08-06 09:25:28,26,43,remote
2026-08-06 09:25:30,24,47,local
2026-08-06 09:25:30,26,43,remote
2026-08-06 09:25:32,24,47,local
2026-08-06 09:25:32,26,43,remote
2026-08-06 09:25:34,24,47,local
2026-08-06 09:25:34,26,43,remote
2026-08-06 09:25:36,24,47,local
2026-08-06 09:25:36,26,43,remote
2026-08-06 09:25:38,24,47,local
2026-08-06 09:25:38,26,43,remote
2026-08-06 09:25:40,24,47,local
2026-08-06 09:25:40,26,43,remote
2026-08-06 09:25:42,24,47,local
2026-08-06 09:25:42,26,43,remote
2026-08-06 09:25:44,24,47,local
2026-08-06 09:25:44,26,43,remote
2026-08-06 09:25:46,24,47,local
2026-08-06 09:25:46,26,43,remote
2026-08-06 09:25:48,24,47,local
2026-08-06 09:25:48,26,43,remote
2026-08-06 09:25:50,24,47,local
2026-08-06 09:25:50,26,43,remote
2026-08-06 09:25:52,24,47,local
2026-08-06 09:25:52,26,43,remote
2026-08-06 09:25:54,24,47,local
2026-08-06 09:25:54,26,43,remote
2026-08-06 09:25:56,24,47,local
2026-08-06 09:25:56,26,43,remote
2026-08-06 09:25:58,24,47,local
2026-08-06 09:25:58,26,43,remote
2026-08-06 09:26:00,24,47,local
2026-08-06 09:26:00,26,43,remote
2026-08-06 09:26:02,24,47,local
2026-08-06 09:26:02,26,43,remote
2026-08-06 09:26:04,24,47,local
2026-08-06 09:26:04,26,43,remote
2026-08-06 09:26:06,24,47,local
2026-08-06 09:26:06,26,43,remote
2026-08-06 09:26:08,24,47,local
2026-08-06 09:26:08,26,43,remote
2026-08-06 09:26:10,24,47,local
2026-08-06 09:26:10,26,43,remote
2026-08-06 09:26:12,24,47,local
2026-08-06 09:26:12,26,43,remote
2026-08-06 09:26:14,24,47,local
2026-08-06 09:26:14,26,43,remote
2026-08-06 09:26:16,24,47,local
2026-08-06 09:26:16,26,44,remote
2026-08-06 09:26:18,24,47,local
2026-08-06 09:26:18,26,44,remote
2026-08-06 09:26:20,24,47,local
2026-08-06 09:26:20,26,44,remote
2026-08-06 09:26:22,24,47,local
2026-08-06 09:26:22,26,44,remote
2026-08-06 09:26:24,24,47,local
2026-08-06 09:26:24,26,45,remote
2026-08-06 09:26:26,24,47,local
2026-08-06 09:26:27,26,44,remote
2026-08-06 09:26:28,24,47,local
2026-08-06 09:26:29,26,44,remote
2026-08-06 09:26:30,24,47,local
2026-08-06 09:26:31,26,44,remote
2026-08-06 09:26:32,24,47,local
2026-08-06 09:26:33,26,44,remote
2026-08-06 09:26:34,24,47,local
2026-08-06 09:26:35,26,44,remote
2026-08-06 09:26:36,24,47,local
2026-08-06 09:26:37,26,44,remote
2026-08-06 09:26:38,24,47,local
2026-08-06 09:26:39,26,44,remote
2026-08-06 09:26:40,24,47,local
2026-08-06 09:26:41,26,44,remote
2026-08-06 09:26:43,24,47,local
2026-08-06 09:26:43,26,44,remote
2026-08-06 09:26:45,24,47,local
2026-08-06 09:26:45,26,44,remote
2026-08-06 09:26:47,24,47,local
2026-08-06 09:26:47,26,44,remote
2026-08-06 09:26:49,24,47,local
2026-08-06 09:26:49,26,44,remote
2026-08-06 09:26:51,24,47,local
2026-08-06 09:26:51,26,44,remote
2026-08-06 09:26:53,24,47,local
2026-08-06 09:26:53,26,44,remote
2026-08-06 09:26:55,24,47,local
2026-08-06 09:26:55,26,44,remote
2026-08-06 09:26:57,24,47,local
2026-08-06 09:26:57,26,44,remote
2026-08-06 09:26:59,24,47,local
2026-08-06 09:26:59,26,44,remote
2026-08-06 09:27:01,24,47,local
2026-08-06 09:27:01,26,44,remote
2026-08-06 09:27:03,24,47,local
2026-08-06 09:27:03,26,44,remote
2026-08-06 09:27:05,24,47,local
2026-08-06 09:27:05,26,44,remote
2026-08-06 09:27:07,24,47,local
2026-08-06 09:27:07,26,44,remote
2026-08-06 09:27:09,24,47,local
2026-08-06 09:27:09,26,44,remote
2026-08-06 09:27:11,24,47,local
2026-08-06 09:27:11,26,44,remote
2026-08-06 09:27:13,24,47,local
2026-08-06 09:27:13,26,44,remote
2026-08-06 09:27:15,24,47,local
2026-08-06 09:27:15,26,43,remote
2026-08-06 09:27:17,24,47,local
2026-08-06 09:27:17,26,43,remote
2026-08-06 09:27:19,24,47,local
2026-08-06 09:27:19,26,43,remote
2026-08-06 09:27:21,24,47,local
2026-08-06 09:27:21,26,43,remote
2026-08-06 09:27:23,24,47,local
2026-08-06 09:27:23,26,43,remote
2026-08-06 09:27:25,24,47,local
2026-08-06 09:27:25,26,43,remote
2026-08-06 09:27:27,24,47,local
2026-08-06 09:27:27,26,43,remote
2026-08-06 09:27:29,24,47,local
2026-08-06 09:27:29,26,43,remote
2026-08-06 09:27:31,24,47,local
2026-08-06 09:27:31,26,43,remote
2026-08-06 09:27:33,24,47,local
2026-08-06 09:27:34,26,43,remote
2026-08-06 09:27:35,24,47,local
2026-08-06 09:27:36,26,43,remote
2026-08-06 09:27:37,24,47,local
2026-08-06 09:27:38,26,43,remote
2026-08-06 09:27:39,24,47,local
2026-08-06 09:27:40,26,43,remote
2026-08-06 09:27:41,24,47,local
2026-08-06 09:27:42,26,43,remote
2026-08-06 09:27:43,24,47,local
2026-08-06 09:27:44,26,43,remote
2026-08-06 09:27:45,24,47,local
2026-08-06 09:27:46,26,43,remote
2026-08-06 09:27:47,24,47,local
2026-08-06 09:27:48,26,43,remote
2026-08-06 09:27:49,24,47,local
2026-08-06 09:27:50,26,43,remote
2026-08-06 09:27:51,24,47,local
2026-08-06 09:27:52,26,43,remote
2026-08-06 09:27:53,24,47,local
2026-08-06 09:27:54,26,43,remote
2026-08-06 09:27:55,24,47,local
2026-08-06 09:27:56,26,43,remote
2026-08-06 09:27:57,24,47,local
2026-08-06 09:27:58,26,43,remote
2026-08-06 09:27:59,24,47,local
2026-08-06 09:28:00,26,43,remote
2026-08-06 09:28:01,24,47,local
2026-08-06 09:28:02,26,43,remote
2026-08-06 09:28:03,24,47,local
2026-08-06 09:28:04,26,43,remote
2026-08-06 09:28:05,24,47,local
2026-08-06 09:28:06,26,43,remote
2026-08-06 09:28:07,24,47,local
2026-08-06 09:28:08,26,43,remote
2026-08-06 09:28:10,24,47,local
2026-08-06 09:28:10,26,43,remote
2026-08-06 09:28:12,24,47,local
2026-08-06 09:28:12,26,43,remote
2026-08-06 09:28:14,24,47,local
2026-08-06 09:28:14,26,43,remote
2026-08-06 09:28:16,24,47,local
2026-08-06 09:28:16,26,43,remote
2026-08-06 09:28:18,24,47,local
2026-08-06 09:28:18,26,43,remote
2026-08-06 09:28:20,24,47,local
2026-08-06 09:28:20,26,43,remote
2026-08-06 09:28:22,24,47,local
2026-08-06 09:28:22,26,42,remote
2026-08-06 09:28:24,24,47,local
2026-08-06 09:28:24,26,42,remote
2026-08-06 09:28:26,24,47,local
2026-08-06 09:28:26,26,42,remote
2026-08-06 09:28:28,24,47,local
2026-08-06 09:28:28,26,42,remote
2026-08-06 09:28:30,24,47,local
2026-08-06 09:28:30,26,42,remote
2026-08-06 09:28:32,24,47,local
2026-08-06 09:28:32,26,42,remote
2026-08-06 09:28:34,24,47,local
2026-08-06 09:28:34,26,42,remote
2026-08-06 09:28:36,24,47,local
2026-08-06 09:28:36,26,42,remote
2026-08-06 09:28:38,24,47,local
2026-08-06 09:28:38,26,42,remote
2026-08-06 09:28:40,24,47,local
2026-08-06 09:28:41,26,42,remote
2026-08-06 09:28:42,24,47,local
2026-08-06 09:28:43,26,42,remote
2026-08-06 09:28:44,24,47,local
2026-08-06 09:28:45,26,42,remote
2026-08-06 09:28:46,24,47,local
2026-08-06 09:28:47,26,42,remote
2026-08-06 09:28:48,24,47,local
2026-08-06 09:28:49,26,42,remote
2026-08-06 09:28:50,24,47,local
2026-08-06 09:28:51,26,43,remote
2026-08-06 09:28:52,24,47,local
2026-08-06 09:28:53,26,43,remote
2026-08-06 09:28:54,24,47,local
2026-08-06 09:28:55,26,42,remote
2026-08-06 09:28:56,24,47,local
2026-08-06 09:28:57,26,42,remote
2026-08-06 09:28:58,24,47,local
2026-08-06 09:28:59,26,42,remote
2026-08-06 09:29:00,24,47,local
2026-08-06 09:29:01,26,42,remote
2026-08-06 09:29:02,24,47,local
2026-08-06 09:29:03,26,42,remote
2026-08-06 09:29:04,24,47,local
2026-08-06 09:29:05,26,42,remote
2026-08-06 09:29:06,24,47,local
2026-08-06 09:29:07,26,42,remote
2026-08-06 09:29:08,24,47,local
2026-08-06 09:29:09,26,42,remote
2026-08-06 09:29:10,24,47,local
2026-08-06 09:29:11,26,42,remote
2026-08-06 09:29:12,24,47,local
2026-08-06 09:29:13,26,42,remote
2026-08-06 09:29:14,24,47,local
2026-08-06 09:29:15,26,42,remote
2026-08-06 09:29:16,24,47,local
2026-08-06 09:29:17,26,42,remote
2026-08-06 09:29:18,24,47,local
2026-08-06 09:29:19,26,42,remote
2026-08-06 09:29:20,24,47,local
2026-08-06 09:29:21,26,42,remote
2026-08-06 09:29:22,24,47,local
2026-08-06 09:29:23,26,42,remote
2026-08-06 09:29:24,24,47,local
2026-08-06 09:29:25,26,42,remote
2026-08-06 09:29:26,24,47,local
2026-08-06 09:29:27,26,43,remote
2026-08-06 09:29:28,24,47,local
2026-08-06 09:29:29,26,43,remote
2026-08-06 09:29:30,24,47,local
2026-08-06 09:29:31,26,43,remote
2026-08-06 09:29:32,24,47,local
2026-08-06 09:29:33,26,43,remote
2026-08-06 09:29:34,24,47,local
2026-08-06 09:29:35,26,43,remote
2026-08-06 09:29:37,24,47,local
2026-08-06 09:29:37,26,43,remote
2026-08-06 09:29:39,24,47,local
2026-08-06 09:29:39,26,43,remote
2026-08-06 09:29:41,24,47,local
2026-08-06 09:29:41,26,43,remote
2026-08-06 09:29:43,24,47,local
2026-08-06 09:29:43,26,43,remote
2026-08-06 09:29:45,24,47,local
2026-08-06 09:29:45,26,43,remote
2026-08-06 09:29:47,24,47,local
2026-08-06 09:29:48,26,43,remote
2026-08-06 09:29:49,24,47,local
2026-08-06 09:29:50,26,43,remote
2026-08-06 09:29:51,24,47,local
2026-08-06 09:29:52,26,43,remote
2026-08-06 09:29:53,24,47,local
2026-08-06 09:29:54,26,43,remote
2026-08-06 09:29:55,24,47,local
2026-08-06 09:29:56,26,43,remote
2026-08-06 09:29:57,24,47,local
2026-08-06 09:29:58,26,43,remote
2026-08-06 09:29:59,24,47,local
2026-08-06 09:30:00,26,43,remote
2026-08-06 09:30:01,24,47,local
2026-08-06 09:30:02,26,43,remote
2026-08-06 09:30:03,24,47,local
2026-08-06 09:30:04,26,43,remote
2026-08-06 09:30:05,24,47,local
2026-08-06 09:30:06,26,43,remote
2026-08-06 09:30:07,24,47,local
2026-08-06 09:30:08,26,43,remote
2026-08-06 09:30:09,24,47,local
2026-08-06 09:30:10,26,43,remote
2026-08-06 09:30:11,24,47,local
2026-08-06 09:30:12,26,43,remote
2026-08-06 09:30:13,24,47,local
2026-08-06 09:30:14,26,43,remote
2026-08-06 09:30:15,24,47,local
2026-08-06 09:30:16,26,43,remote
2026-08-06 09:30:17,24,47,local
2026-08-06 09:30:18,26,43,remote
2026-08-06 09:30:19,24,47,local
2026-08-06 09:30:20,26,43,remote
2026-08-06 09:30:21,24,47,local
2026-08-06 09:30:22,26,43,remote
2026-08-06 09:30:23,24,47,local
2026-08-06 09:30:24,26,43,remote
2026-08-06 09:30:25,24,47,local
2026-08-06 09:30:26,26,43,remote
2026-08-06 09:30:27,24,47,local
2026-08-06 09:30:28,26,43,remote
2026-08-06 09:30:29,24,47,local
2026-08-06 09:30:30,26,43,remote
2026-08-06 09:30:31,24,47,local
2026-08-06 09:30:32,26,43,remote
2026-08-06 09:30:33,24,47,local
2026-08-06 09:30:34,26,43,remote
2026-08-06 09:30:35,24,47,local
2026-08-06 09:30:36,26,43,remote
2026-08-06 09:30:37,24,47,local
2026-08-06 09:30:38,26,43,remote
2026-08-06 09:30:39,24,47,local
2026-08-06 09:30:40,26,43,remote
2026-08-06 09:30:41,24,47,local
2026-08-06 09:30:42,26,43,remote
2026-08-06 09:30:43,24,47,local
2026-08-06 09:30:44,26,43,remote
2026-08-06 09:30:45,24,47,local
2026-08-06 09:30:46,26,43,remote
2026-08-06 09:30:47,24,47,local
2026-08-06 09:30:48,26,43,remote
2026-08-06 09:30:49,24,47,local
2026-08-06 09:30:50,26,43,remote
2026-08-06 09:30:51,24,47,local
2026-08-06 09:30:52,26,43,remote
2026-08-06 09:30:53,24,47,local
2026-08-06 09:30:55,26,43,remote
2026-08-06 09:30:55,24,47,local
2026-08-06 09:30:57,26,43,remote
2026-08-06 09:30:57,24,47,local
2026-08-06 09:30:59,26,43,remote
2026-08-06 09:30:59,24,47,local
2026-08-06 09:31:01,26,43,remote
2026-08-06 09:31:02,24,47,local
2026-08-06 09:31:03,26,43,remote
2026-08-06 09:31:04,24,47,local
2026-08-06 09:31:05,26,43,remote
2026-08-06 09:31:06,24,47,local
2026-08-06 09:31:07,26,43,remote
2026-08-06 09:31:08,24,47,local
2026-08-06 09:31:09,26,43,remote
2026-08-06 09:31:10,24,47,local
2026-08-06 09:31:11,26,43,remote
2026-08-06 09:31:12,24,47,local
2026-08-06 09:31:13,26,43,remote
2026-08-06 09:31:14,24,47,local
2026-08-06 09:31:15,26,43,remote
2026-08-06 09:31:16,24,47,local
2026-08-06 09:31:17,26,43,remote
2026-08-06 09:31:18,24,47,local
2026-08-06 09:31:19,26,43,remote
2026-08-06 09:31:20,24,47,local
2026-08-06 09:31:21,26,43,remote
2026-08-06 09:31:22,24,47,local
2026-08-06 09:31:23,25,43,remote
2026-08-06 09:31:24,24,47,local
2026-08-06 09:31:25,25,43,remote
2026-08-06 09:31:26,24,47,local
2026-08-06 09:31:27,25,43,remote
2026-08-06 09:31:28,24,47,local
2026-08-06 09:31:29,25,43,remote
2026-08-06 09:31:30,24,47,local
2026-08-06 09:31:31,25,43,remote
2026-08-06 09:31:32,24,47,local
2026-08-06 09:31:33,25,43,remote
2026-08-06 09:31:34,24,47,local
2026-08-06 09:31:35,25,43,remote
2026-08-06 09:31:36,24,47,local
2026-08-06 09:31:37,25,43,remote
2026-08-06 09:31:38,24,47,local
2026-08-06 09:31:39,25,43,remote
2026-08-06 09:31:40,24,47,local
2026-08-06 09:31:41,25,43,remote
2026-08-06 09:31:42,24,47,local
2026-08-06 09:31:43,25,43,remote
2026-08-06 09:31:44,24,47,local
2026-08-06 09:31:45,25,43,remote
2026-08-06 09:31:46,24,47,local
2026-08-06 09:31:47,25,43,remote
2026-08-06 09:31:48,24,47,local
2026-08-06 09:31:49,25,43,remote
2026-08-06 09:31:50,24,47,local
2026-08-06 09:31:51,25,43,remote
2026-08-06 09:31:52,24,47,local
2026-08-06 09:31:53,25,44,remote
2026-08-06 09:31:54,24,47,local
2026-08-06 09:31:55,25,44,remote
2026-08-06 09:31:56,24,47,local
2026-08-06 09:31:57,25,44,remote
2026-08-06 09:31:58,24,47,local
2026-08-06 09:31:59,25,44,remote
2026-08-06 09:32:00,24,47,local
2026-08-06 09:32:02,25,44,remote
2026-08-06 09:32:02,24,47,local
2026-08-06 09:32:04,25,44,remote
2026-08-06 09:32:04,24,47,local
2026-08-06 09:32:06,25,44,remote
2026-08-06 09:32:06,24,47,local
2026-08-06 09:32:08,25,44,remote
2026-08-06 09:32:08,24,47,local
2026-08-06 09:32:10,25,45,remote
2026-08-06 09:32:10,24,47,local
2026-08-06 09:32:12,25,45,remote
2026-08-06 09:32:12,24,47,local
2026-08-06 09:32:14,25,45,remote
2026-08-06 09:32:14,24,47,local
2026-08-06 09:32:16,25,45,remote
2026-08-06 09:32:16,24,47,local
2026-08-06 09:32:18,25,45,remote
2026-08-06 09:32:18,24,47,local
2026-08-06 09:32:20,25,45,remote
2026-08-06 09:32:20,24,47,local
2026-08-06 09:32:22,25,45,remote
2026-08-06 09:32:22,24,47,local
2026-08-06 09:32:24,25,45,remote
2026-08-06 09:32:24,24,47,local
2026-08-06 09:32:26,25,45,remote
2026-08-06 09:32:26,24,47,local
2026-08-06 09:32:28,25,45,remote
2026-08-06 09:32:29,24,47,local
2026-08-06 09:32:30,25,45,remote
2026-08-06 09:32:31,24,47,local
2026-08-06 09:32:32,25,44,remote
2026-08-06 09:32:33,24,47,local
2026-08-06 09:32:34,25,44,remote
2026-08-06 09:32:35,24,47,local
2026-08-06 09:32:36,25,44,remote
2026-08-06 09:32:37,24,47,local
2026-08-06 09:32:38,25,44,remote
2026-08-06 09:32:39,24,47,local
2026-08-06 09:32:40,25,44,remote
2026-08-06 09:32:41,24,47,local
2026-08-06 09:32:42,25,44,remote
2026-08-06 09:32:43,24,47,local
2026-08-06 09:32:44,25,44,remote
2026-08-06 09:32:45,24,47,local
2026-08-06 09:32:46,25,44,remote
2026-08-06 09:32:47,24,47,local
2026-08-06 09:32:48,25,44,remote
2026-08-06 09:32:49,24,47,local
2026-08-06 09:32:50,25,44,remote
2026-08-06 09:32:51,24,47,local
2026-08-06 09:32:52,25,44,remote
2026-08-06 09:32:53,24,47,local
2026-08-06 09:32:54,25,44,remote
2026-08-06 09:32:55,24,47,local
2026-08-06 09:32:56,25,44,remote
2026-08-06 09:32:57,24,47,local
2026-08-06 09:32:58,25,44,remote
2026-08-06 09:32:59,24,47,local
2026-08-06 09:33:00,25,44,remote
2026-08-06 09:33:01,24,47,local
2026-08-06 09:33:02,25,44,remote
2026-08-06 09:33:03,24,47,local
2026-08-06 09:33:04,25,44,remote
2026-08-06 09:33:05,24,47,local
2026-08-06 09:33:06,25,44,remote
2026-08-06 09:33:07,24,47,local
2026-08-06 09:33:09,25,44,remote
2026-08-06 09:33:09,24,47,local
2026-08-06 09:33:11,25,44,remote
2026-08-06 09:33:11,24,47,local
2026-08-06 09:33:13,25,44,remote
2026-08-06 09:33:13,24,47,local
2026-08-06 09:33:15,25,44,remote
2026-08-06 09:33:15,24,47,local
2026-08-06 09:33:17,25,44,remote
2026-08-06 09:33:17,24,47,local
2026-08-06 09:33:19,25,44,remote
2026-08-06 09:33:19,24,47,local
2026-08-06 09:33:21,25,44,remote
2026-08-06 09:33:21,24,47,local
2026-08-06 09:33:23,25,44,remote
2026-08-06 09:33:23,24,47,local
2026-08-06 09:33:25,25,44,remote
2026-08-06 09:33:25,24,47,local
2026-08-06 09:33:27,25,45,remote
2026-08-06 09:33:27,24,47,local
2026-08-06 09:33:29,25,45,remote
2026-08-06 09:33:29,24,47,local
2026-08-06 09:33:31,25,45,remote
2026-08-06 09:33:31,24,47,local
2026-08-06 09:33:33,25,45,remote
2026-08-06 09:33:33,24,47,local
2026-08-06 09:33:35,25,45,remote
2026-08-06 09:33:35,24,47,local
2026-08-06 09:33:37,25,45,remote
2026-08-06 09:33:37,24,47,local
2026-08-06 09:33:39,25,45,remote
2026-08-06 09:33:39,24,47,local
2026-08-06 09:33:41,25,45,remote
2026-08-06 09:33:41,24,47,local
2026-08-06 09:33:43,25,45,remote
2026-08-06 09:33:43,24,47,local
2026-08-06 09:33:45,25,45,remote
2026-08-06 09:33:45,24,47,local
2026-08-06 09:33:47,25,45,remote
2026-08-06 09:33:47,24,47,local
2026-08-06 09:33:49,25,45,remote
2026-08-06 09:33:49,24,47,local
2026-08-06 09:33:51,25,45,remote
2026-08-06 09:33:51,24,47,local
2026-08-06 09:33:53,25,45,remote
2026-08-06 09:33:53,24,47,local
2026-08-06 09:33:55,25,45,remote
2026-08-06 09:33:56,24,47,local
2026-08-06 09:33:57,25,45,remote
2026-08-06 09:33:58,24,47,local
2026-08-06 09:33:59,25,45,remote
2026-08-06 09:34:00,24,47,local
2026-08-06 09:34:01,25,45,remote
2026-08-06 09:34:02,24,47,local
2026-08-06 09:34:03,25,45,remote
2026-08-06 09:34:04,24,47,local
2026-08-06 09:34:05,25,45,remote
2026-08-06 09:34:06,24,47,local
2026-08-06 09:34:07,25,45,remote
2026-08-06 09:34:08,24,47,local
2026-08-06 09:34:09,25,45,remote
2026-08-06 09:34:10,24,47,local
2026-08-06 09:34:11,25,45,remote
2026-08-06 09:34:12,24,47,local
2026-08-06 09:34:13,25,45,remote
2026-08-06 09:34:14,24,47,local
2026-08-06 09:34:16,25,45,remote
2026-08-06 09:34:16,24,47,local
2026-08-06 09:34:18,25,45,remote
2026-08-06 09:34:18,24,47,local
2026-08-06 09:34:20,25,45,remote
2026-08-06 09:34:20,24,47,local
2026-08-06 09:34:22,25,45,remote
2026-08-06 09:34:22,24,47,local
2026-08-06 09:34:24,25,45,remote
2026-08-06 09:34:24,24,47,local
2026-08-06 09:34:26,25,45,remote
2026-08-06 09:34:26,24,47,local
2026-08-06 09:34:28,25,45,remote
2026-08-06 09:34:28,24,47,local
2026-08-06 09:34:30,25,45,remote
2026-08-06 09:34:30,24,47,local
2026-08-06 09:34:32,25,45,remote
2026-08-06 09:34:32,24,47,local
2026-08-06 09:34:34,25,45,remote
2026-08-06 09:34:34,24,47,local
2026-08-06 09:34:36,25,45,remote
2026-08-06 09:34:36,24,47,local
2026-08-06 09:34:38,25,45,remote
2026-08-06 09:34:38,24,47,local
2026-08-06 09:34:40,25,45,remote
2026-08-06 09:34:40,24,47,local
2026-08-06 09:34:42,25,45,remote
2026-08-06 09:34:42,24,47,local
2026-08-06 09:34:44,25,45,remote
2026-08-06 09:34:44,24,47,local
2026-08-06 09:34:46,25,45,remote
2026-08-06 09:34:46,24,47,local
2026-08-06 09:34:48,25,45,remote
2026-08-06 09:34:48,24,47,local
2026-08-06 09:34:50,25,45,remote
2026-08-06 09:34:50,24,47,local
2026-08-06 09:34:52,25,45,remote
2026-08-06 09:34:52,24,47,local
2026-08-06 09:34:54,25,45,remote
2026-08-06 09:34:54,24,47,local
2026-08-06 09:34:56,25,45,remote
2026-08-06 09:34:56,24,47,local
2026-08-06 09:34:58,25,45,remote
2026-08-06 09:34:58,24,47,local
2026-08-06 09:35:00,25,45,remote
2026-08-06 09:35:00,24,47,local
2026-08-06 09:35:02,25,45,remote
2026-08-06 09:35:02,24,47,local
2026-08-06 09:35:04,25,45,remote
2026-08-06 09:35:04,24,47,local
2026-08-06 09:35:06,25,45,remote
2026-08-06 09:35:06,24,47,local
2026-08-06 09:35:08,25,45,remote
2026-08-06 09:35:08,24,47,local
2026-08-06 09:35:10,25,45,remote
2026-08-06 09:35:10,24,47,local
2026-08-06 09:35:12,25,45,remote
2026-08-06 09:35:12,24,47,local
2026-08-06 09:35:14,25,45,remote
2026-08-06 09:35:14,24,47,local
2026-08-06 09:35:16,24,47,local
2026-08-06 09:35:16,25,45,remote
2026-08-06 09:35:18,24,46,local
2026-08-06 09:35:19,25,45,remote
2026-08-06 09:35:21,25,45,remote
2026-08-06 09:35:23,24,46,local
2026-08-06 09:35:23,25,45,remote
2026-08-06 09:35:25,24,46,local
2026-08-06 09:35:25,25,45,remote
2026-08-06 09:35:27,24,46,local
2026-08-06 09:35:27,25,44,remote
2026-08-06 09:35:29,24,46,local
2026-08-06 09:35:29,25,44,remote
2026-08-06 09:35:31,24,46,local
2026-08-06 09:35:31,25,44,remote
2026-08-06 09:35:33,24,46,local
2026-08-06 09:35:33,25,44,remote
2026-08-06 09:35:35,24,46,local
2026-08-06 09:35:35,25,44,remote
2026-08-06 09:35:37,24,46,local
2026-08-06 09:35:37,25,44,remote
2026-08-06 09:35:39,24,46,local
2026-08-06 09:35:39,25,44,remote
2026-08-06 09:35:41,24,46,local
2026-08-06 09:35:41,25,44,remote
2026-08-06 09:35:43,24,46,local
2026-08-06 09:35:43,25,44,remote
2026-08-06 09:35:45,24,46,local
2026-08-06 09:35:45,25,44,remote
2026-08-06 09:35:47,24,46,local
2026-08-06 09:35:47,25,44,remote
2026-08-06 09:35:49,24,46,local
2026-08-06 09:35:49,25,44,remote
2026-08-06 09:35:51,24,46,local
2026-08-06 09:35:51,25,44,remote
2026-08-06 09:35:53,24,46,local
2026-08-06 09:35:53,25,44,remote
2026-08-06 09:35:55,24,46,local
2026-08-06 09:35:55,25,44,remote
2026-08-06 09:35:57,24,46,local
2026-08-06 09:35:57,25,44,remote
2026-08-06 09:35:59,24,46,local
2026-08-06 09:35:59,25,44,remote
2026-08-06 09:36:01,24,46,local
2026-08-06 09:36:01,25,44,remote
2026-08-06 09:36:03,24,46,local
2026-08-06 09:36:03,25,44,remote
2026-08-06 09:36:05,24,46,local
2026-08-06 09:36:05,25,44,remote
2026-08-06 09:36:07,24,46,local
2026-08-06 09:36:07,25,44,remote
2026-08-06 09:36:09,24,46,local
2026-08-06 09:36:09,25,44,remote
2026-08-06 09:36:11,24,46,local
2026-08-06 09:36:11,25,44,remote
2026-08-06 09:36:13,24,46,local
2026-08-06 09:36:13,25,44,remote
2026-08-06 09:36:15,24,46,local
2026-08-06 09:36:15,25,44,remote
2026-08-06 09:36:17,24,46,local
2026-08-06 09:36:17,25,44,remote
2026-08-06 09:36:19,24,46,local
2026-08-06 09:36:19,25,44,remote
2026-08-06 09:36:21,24,46,local
2026-08-06 09:36:21,25,44,remote
2026-08-06 09:36:23,24,46,local
2026-08-06 09:36:23,25,44,remote
2026-08-06 09:36:25,24,46,local
2026-08-06 09:36:25,25,44,remote
2026-08-06 09:36:27,24,46,local
2026-08-06 09:36:27,25,44,remote
2026-08-06 09:36:29,24,46,local
2026-08-06 09:36:30,25,44,remote
2026-08-06 09:36:31,24,46,local
2026-08-06 09:36:32,25,44,remote
2026-08-06 09:36:33,24,46,local
2026-08-06 09:36:34,25,44,remote
2026-08-06 09:36:35,24,46,local
2026-08-06 09:36:36,25,44,remote
2026-08-06 09:36:37,24,46,local
2026-08-06 09:36:38,25,44,remote
2026-08-06 09:36:39,24,46,local
2026-08-06 09:36:40,25,44,remote
2026-08-06 09:36:41,24,46,local
2026-08-06 09:36:42,25,44,remote
2026-08-06 09:36:43,24,46,local
2026-08-06 09:36:44,25,44,remote
2026-08-06 09:36:45,24,46,local
2026-08-06 09:36:46,25,44,remote
2026-08-06 09:36:48,24,46,local
2026-08-06 09:36:48,25,44,remote
2026-08-06 09:36:50,24,46,local
2026-08-06 09:36:50,25,44,remote
2026-08-06 09:36:52,24,46,local
2026-08-06 09:36:52,25,44,remote
2026-08-06 09:36:54,24,46,local
2026-08-06 09:36:54,25,44,remote
2026-08-06 09:36:56,24,46,local
2026-08-06 09:36:56,25,44,remote
2026-08-06 09:36:58,24,46,local
2026-08-06 09:36:58,25,44,remote
2026-08-06 09:37:00,24,46,local
2026-08-06 09:37:00,25,44,remote
2026-08-06 09:37:02,24,46,local
2026-08-06 09:37:02,25,44,remote
2026-08-06 09:37:04,24,46,local
2026-08-06 09:37:04,25,44,remote
2026-08-06 09:37:06,24,46,local
2026-08-06 09:37:06,25,44,remote
2026-08-06 09:37:08,24,46,local
2026-08-06 09:37:08,25,44,remote
2026-08-06 09:37:10,24,46,local
2026-08-06 09:37:10,25,44,remote
2026-08-06 09:37:12,24,46,local
2026-08-06 09:37:12,25,44,remote
2026-08-06 09:37:14,24,46,local
2026-08-06 09:37:14,25,44,remote
2026-08-06 09:37:16,24,46,local
2026-08-06 09:37:16,25,44,remote
2026-08-06 09:37:18,24,46,local
2026-08-06 09:37:18,25,44,remote
2026-08-06 09:37:20,24,46,local
2026-08-06 09:37:20,25,44,remote
2026-08-06 09:37:22,24,46,local
2026-08-06 09:37:22,25,44,remote
2026-08-06 09:37:24,24,46,local
2026-08-06 09:37:24,25,44,remote
2026-08-06 09:37:26,24,46,local
2026-08-06 09:37:26,25,44,remote
2026-08-06 09:37:28,24,46,local
2026-08-06 09:37:28,25,45,remote
2026-08-06 09:37:30,24,46,local
2026-08-06 09:37:30,25,45,remote
2026-08-06 09:37:32,24,46,local
2026-08-06 09:37:32,25,44,remote
2026-08-06 09:37:34,24,46,local
2026-08-06 09:37:34,25,44,remote
2026-08-06 09:37:36,24,46,local
2026-08-06 09:37:37,25,44,remote
2026-08-06 09:37:38,24,46,local
2026-08-06 09:37:39,25,44,remote
2026-08-06 09:37:40,24,46,local
2026-08-06 09:37:41,25,44,remote
2026-08-06 09:37:42,24,46,local
2026-08-06 09:37:43,25,44,remote
2026-08-06 09:37:44,24,46,local
2026-08-06 09:37:45,25,45,remote
2026-08-06 09:37:46,24,46,local
2026-08-06 09:37:47,25,45,remote
2026-08-06 09:37:48,24,46,local
2026-08-06 09:37:49,25,45,remote
2026-08-06 09:37:50,24,46,local
2026-08-06 09:37:51,25,45,remote
2026-08-06 09:37:52,24,46,local
2026-08-06 09:37:53,25,45,remote
2026-08-06 09:37:54,24,46,local
2026-08-06 09:37:55,25,45,remote
2026-08-06 09:37:56,24,46,local
2026-08-06 09:37:57,25,45,remote
2026-08-06 09:37:58,24,46,local
2026-08-06 09:37:59,25,45,remote
2026-08-06 09:38:00,24,46,local
2026-08-06 09:38:01,25,45,remote
2026-08-06 09:38:02,24,46,local
2026-08-06 09:38:03,25,45,remote
2026-08-06 09:38:04,24,46,local
2026-08-06 09:38:05,25,45,remote
2026-08-06 09:38:06,24,46,local
2026-08-06 09:38:07,25,45,remote
2026-08-06 09:38:08,24,46,local
2026-08-06 09:38:09,25,45,remote
2026-08-06 09:38:10,24,46,local
2026-08-06 09:38:11,25,44,remote
2026-08-06 09:38:12,24,46,local
2026-08-06 09:38:13,25,44,remote
2026-08-06 09:38:15,24,46,local
2026-08-06 09:38:15,25,45,remote
2026-08-06 09:38:17,24,46,local
2026-08-06 09:38:17,25,45,remote
2026-08-06 09:38:19,24,46,local
2026-08-06 09:38:19,25,45,remote
2026-08-06 09:38:21,24,46,local
2026-08-06 09:38:21,25,45,remote
2026-08-06 09:38:23,24,46,local
2026-08-06 09:38:23,25,45,remote
2026-08-06 09:38:25,24,46,local
2026-08-06 09:38:25,25,45,remote
2026-08-06 09:38:27,24,46,local
2026-08-06 09:38:27,25,45,remote
2026-08-06 09:38:29,24,46,local
2026-08-06 09:38:29,25,45,remote
2026-08-06 09:38:31,24,47,local
2026-08-06 09:38:31,25,45,remote
2026-08-06 09:38:33,24,47,local
2026-08-06 09:38:33,25,45,remote
2026-08-06 09:38:35,24,47,local
2026-08-06 09:38:35,25,45,remote
2026-08-06 09:38:37,24,47,local
2026-08-06 09:38:37,25,45,remote
2026-08-06 09:38:39,24,47,local
2026-08-06 09:38:39,25,45,remote
2026-08-06 09:38:41,24,47,local
2026-08-06 09:38:42,25,45,remote
2026-08-06 09:38:43,24,47,local
2026-08-06 09:38:44,25,45,remote
2026-08-06 09:38:45,24,47,local
2026-08-06 09:38:46,25,45,remote
2026-08-06 09:38:47,24,47,local
2026-08-06 09:38:48,25,45,remote
2026-08-06 09:38:49,24,47,local
2026-08-06 09:38:50,25,44,remote
2026-08-06 09:38:51,24,47,local
2026-08-06 09:38:52,25,44,remote
2026-08-06 09:38:53,24,47,local
2026-08-06 09:38:54,25,44,remote
2026-08-06 09:38:55,24,47,local
2026-08-06 09:38:56,25,44,remote
2026-08-06 09:38:57,24,47,local
2026-08-06 09:38:58,25,44,remote
2026-08-06 09:38:59,24,47,local
2026-08-06 09:39:00,25,44,remote
2026-08-06 09:39:01,24,47,local
2026-08-06 09:39:02,25,44,remote
2026-08-06 09:39:03,24,47,local
2026-08-06 09:39:04,25,44,remote
2026-08-06 09:39:05,24,47,local
2026-08-06 09:39:06,25,44,remote
2026-08-06 09:39:07,24,47,local
2026-08-06 09:39:08,25,44,remote
2026-08-06 09:39:09,24,47,local
2026-08-06 09:39:10,25,44,remote
2026-08-06 09:39:11,24,46,local
2026-08-06 09:39:12,25,44,remote
2026-08-06 09:39:13,24,46,local
2026-08-06 09:39:14,25,44,remote
2026-08-06 09:39:15,24,46,local
2026-08-06 09:39:16,25,44,remote
2026-08-06 09:39:17,24,46,local
2026-08-06 09:39:18,25,44,remote
2026-08-06 09:39:19,24,46,local
2026-08-06 09:39:20,25,44,remote
2026-08-06 09:39:21,24,46,local
2026-08-06 09:39:22,25,44,remote
2026-08-06 09:39:23,24,46,local
2026-08-06 09:39:24,25,44,remote
2026-08-06 09:39:25,24,46,local
2026-08-06 09:39:26,25,44,remote
2026-08-06 09:39:27,24,46,local
2026-08-06 09:39:28,25,44,remote
2026-08-06 09:39:29,24,46,local
2026-08-06 09:39:30,25,44,remote
2026-08-06 09:39:31,24,46,local
2026-08-06 09:39:32,25,44,remote
2026-08-06 09:39:33,24,46,local
2026-08-06 09:39:34,25,44,remote
2026-08-06 09:39:35,24,46,local
2026-08-06 09:39:36,25,44,remote
2026-08-06 09:39:37,24,46,local
2026-08-06 09:39:38,25,44,remote
2026-08-06 09:39:39,24,46,local
2026-08-06 09:39:40,25,44,remote
2026-08-06 09:39:42,24,46,local
2026-08-06 09:39:42,25,44,remote
2026-08-06 09:39:44,24,46,local
2026-08-06 09:39:44,25,44,remote
2026-08-06 09:39:46,24,46,local
2026-08-06 09:39:46,25,44,remote
2026-08-06 09:39:48,24,46,local
2026-08-06 09:39:49,25,44,remote
2026-08-06 09:39:50,24,46,local
2026-08-06 09:39:51,25,44,remote
2026-08-06 09:39:52,24,46,local
2026-08-06 09:39:53,25,44,remote
2026-08-06 09:39:54,24,46,local
2026-08-06 09:39:55,25,44,remote
2026-08-06 09:39:56,24,46,local
2026-08-06 09:39:57,25,44,remote
2026-08-06 09:39:58,24,46,local
2026-08-06 09:39:59,25,44,remote
2026-08-06 09:40:00,24,46,local
2026-08-06 09:40:01,25,44,remote
2026-08-06 09:40:02,24,46,local
2026-08-06 09:40:03,25,44,remote
2026-08-06 09:40:04,24,46,local
2026-08-06 09:40:05,25,44,remote
2026-08-06 09:40:06,24,46,local
2026-08-06 09:40:07,25,44,remote
2026-08-06 09:40:08,24,46,local
2026-08-06 09:40:09,25,44,remote
2026-08-06 09:40:10,24,46,local
2026-08-06 09:40:11,25,44,remote
2026-08-06 09:40:12,24,46,local
2026-08-06 09:40:13,25,44,remote
2026-08-06 09:40:14,24,46,local
2026-08-06 09:40:15,25,44,remote
2026-08-06 09:40:16,24,46,local
2026-08-06 09:40:17,25,44,remote
2026-08-06 09:40:18,24,46,local
2026-08-06 09:40:19,25,45,remote
2026-08-06 09:40:20,24,46,local
2026-08-06 09:40:21,25,45,remote
2026-08-06 09:40:22,24,46,local
2026-08-06 09:40:23,25,45,remote
2026-08-06 09:40:24,24,46,local
2026-08-06 09:40:25,25,45,remote
2026-08-06 09:40:26,24,46,local
2026-08-06 09:40:27,25,45,remote
2026-08-06 09:40:28,24,46,local
2026-08-06 09:40:29,25,45,remote
2026-08-06 09:40:30,24,46,local
2026-08-06 09:40:31,25,45,remote
2026-08-06 09:40:32,24,46,local
2026-08-06 09:40:33,25,45,remote
2026-08-06 09:40:34,24,46,local
2026-08-06 09:40:35,25,45,remote
2026-08-06 09:40:36,24,46,local
2026-08-06 09:40:37,25,45,remote
2026-08-06 09:40:38,24,46,local
2026-08-06 09:40:39,25,45,remote
2026-08-06 09:40:40,24,46,local
2026-08-06 09:40:41,25,44,remote
2026-08-06 09:40:42,24,46,local
2026-08-06 09:40:43,25,44,remote
2026-08-06 09:40:44,24,46,local
2026-08-06 09:40:45,25,44,remote
2026-08-06 09:40:46,24,46,local
2026-08-06 09:40:47,25,44,remote
2026-08-06 09:40:48,24,46,local
2026-08-06 09:40:49,25,45,remote
2026-08-06 09:40:50,24,46,local
2026-08-06 09:40:51,25,45,remote
2026-08-06 09:40:52,24,46,local
2026-08-06 09:40:53,25,45,remote
2026-08-06 09:40:54,24,47,local
2026-08-06 09:40:56,25,45,remote
2026-08-06 09:40:56,24,47,local
2026-08-06 09:40:58,25,45,remote
2026-08-06 09:40:58,24,47,local
2026-08-06 09:41:00,25,45,remote
2026-08-06 09:41:00,24,47,local
2026-08-06 09:41:02,25,45,remote
2026-08-06 09:41:02,24,47,local
2026-08-06 09:41:04,25,45,remote
2026-08-06 09:41:04,24,47,local
2026-08-06 09:41:06,25,45,remote
2026-08-06 09:41:07,24,47,local
2026-08-06 09:41:08,25,45,remote
2026-08-06 09:41:09,24,47,local
2026-08-06 09:41:10,25,45,remote
2026-08-06 09:41:11,24,47,local
2026-08-06 09:41:12,25,45,remote
2026-08-06 09:41:13,24,47,local
2026-08-06 09:41:14,25,45,remote
2026-08-06 09:41:15,24,47,local
2026-08-06 09:41:16,25,45,remote
2026-08-06 09:41:17,24,47,local
2026-08-06 09:41:18,25,45,remote
2026-08-06 09:41:19,24,47,local
2026-08-06 09:41:20,25,45,remote
2026-08-06 09:41:21,24,46,local
2026-08-06 09:41:22,25,45,remote
2026-08-06 09:41:23,24,46,local
2026-08-06 09:41:24,25,45,remote
2026-08-06 09:41:25,24,46,local
2026-08-06 09:41:26,25,45,remote
2026-08-06 09:41:27,24,46,local
2026-08-06 09:41:28,25,45,remote
2026-08-06 09:41:29,24,46,local
2026-08-06 09:41:30,25,44,remote
2026-08-06 09:41:31,24,46,local
2026-08-06 09:41:32,25,44,remote
2026-08-06 09:41:33,24,46,local
2026-08-06 09:41:34,25,44,remote
2026-08-06 09:41:35,24,46,local
2026-08-06 09:41:36,25,44,remote
2026-08-06 09:41:37,24,46,local
2026-08-06 09:41:38,25,44,remote
2026-08-06 09:41:39,24,46,local
2026-08-06 09:41:40,25,44,remote
2026-08-06 09:41:41,24,46,local
2026-08-06 09:41:42,25,44,remote
2026-08-06 09:41:43,24,46,local
2026-08-06 09:41:44,25,44,remote
2026-08-06 09:41:45,24,46,local
2026-08-06 09:41:46,25,44,remote
2026-08-06 09:41:47,24,46,local
2026-08-06 09:41:48,25,44,remote
2026-08-06 09:41:49,24,46,local
2026-08-06 09:41:50,25,44,remote
2026-08-06 09:41:51,24,46,local
2026-08-06 09:41:52,25,44,remote
2026-08-06 09:41:53,24,46,local
2026-08-06 09:41:54,25,44,remote
2026-08-06 09:41:55,24,46,local
2026-08-06 09:41:56,25,44,remote
2026-08-06 09:41:57,24,46,local
2026-08-06 09:41:58,25,44,remote
2026-08-06 09:41:59,24,46,local
2026-08-06 09:42:00,25,44,remote
2026-08-06 09:42:01,24,46,local
2026-08-06 09:42:03,25,44,remote
2026-08-06 09:42:03,24,46,local
2026-08-06 09:42:05,25,45,remote
2026-08-06 09:42:05,24,46,local
2026-08-06 09:42:07,25,45,remote
2026-08-06 09:42:07,24,46,local
2026-08-06 09:42:09,25,45,remote
2026-08-06 09:42:09,24,46,local
2026-08-06 09:42:11,25,45,remote
2026-08-06 09:42:11,24,46,local
2026-08-06 09:42:13,25,45,remote
2026-08-06 09:42:13,24,46,local
2026-08-06 09:42:15,25,45,remote
2026-08-06 09:42:15,24,46,local
2026-08-06 09:42:17,25,45,remote
2026-08-06 09:42:17,24,46,local
2026-08-06 09:42:19,25,45,remote
2026-08-06 09:42:19,24,46,local
2026-08-06 09:42:21,25,45,remote
2026-08-06 09:42:21,24,46,local
2026-08-06 09:42:23,25,45,remote
2026-08-06 09:42:23,24,46,local
2026-08-06 09:42:25,25,45,remote
2026-08-06 09:42:25,24,46,local
2026-08-06 09:42:27,25,45,remote
2026-08-06 09:42:27,24,46,local
2026-08-06 09:42:29,25,45,remote
2026-08-06 09:42:29,24,46,local
2026-08-06 09:42:31,25,45,remote
2026-08-06 09:42:31,24,46,local
2026-08-06 09:42:33,25,45,remote
2026-08-06 09:42:34,24,46,local
2026-08-06 09:42:35,25,45,remote
2026-08-06 09:42:36,24,46,local
2026-08-06 09:42:37,25,45,remote
2026-08-06 09:42:38,24,46,local
2026-08-06 09:42:39,25,45,remote
2026-08-06 09:42:40,24,46,local
2026-08-06 09:42:41,25,44,remote
2026-08-06 09:42:42,24,46,local
2026-08-06 09:42:43,25,44,remote
2026-08-06 09:42:44,24,46,local
2026-08-06 09:42:45,25,44,remote
2026-08-06 09:42:46,24,46,local
2026-08-06 09:42:47,25,44,remote
2026-08-06 09:42:48,24,46,local
2026-08-06 09:42:49,25,44,remote
2026-08-06 09:42:50,24,46,local
2026-08-06 09:42:51,25,44,remote
2026-08-06 09:42:52,24,46,local
2026-08-06 09:42:53,25,44,remote
2026-08-06 09:42:54,24,46,local
2026-08-06 09:42:55,25,44,remote
2026-08-06 09:42:56,24,46,local
2026-08-06 09:42:57,25,44,remote
2026-08-06 09:42:58,24,46,local
2026-08-06 09:42:59,25,44,remote
2026-08-06 09:43:00,24,46,local
2026-08-06 09:43:01,25,44,remote
2026-08-06 09:43:02,24,46,local
2026-08-06 09:43:03,25,44,remote
2026-08-06 09:43:04,24,46,local
2026-08-06 09:43:05,25,44,remote
2026-08-06 09:43:06,24,46,local
2026-08-06 09:43:07,25,44,remote
2026-08-06 09:43:08,24,46,local
2026-08-06 09:43:10,25,44,remote
2026-08-06 09:43:10,24,46,local
2026-08-06 09:43:12,25,44,remote
2026-08-06 09:43:12,24,46,local
2026-08-06 09:43:14,25,44,remote
2026-08-06 09:43:14,24,46,local
2026-08-06 09:43:16,25,44,remote
2026-08-06 09:43:16,24,46,local
2026-08-06 09:43:18,25,44,remote
2026-08-06 09:43:18,24,46,local
2026-08-06 09:43:20,25,44,remote
2026-08-06 09:43:20,24,46,local
2026-08-06 09:43:22,25,44,remote
2026-08-06 09:43:22,24,46,local
2026-08-06 09:43:24,25,44,remote
2026-08-06 09:43:24,24,46,local
2026-08-06 09:43:26,25,44,remote
2026-08-06 09:43:26,24,46,local
2026-08-06 09:43:28,25,44,remote
2026-08-06 09:43:28,24,46,local
2026-08-06 09:43:30,25,44,remote
2026-08-06 09:43:30,24,46,local
2026-08-06 09:43:32,25,44,remote
2026-08-06 09:43:32,24,46,local
2026-08-06 09:43:34,25,44,remote
2026-08-06 09:43:34,24,46,local
2026-08-06 09:43:36,25,44,remote
2026-08-06 09:43:36,24,46,local
2026-08-06 09:43:38,25,44,remote
2026-08-06 09:43:38,24,46,local
2026-08-06 09:43:40,25,44,remote
2026-08-06 09:43:40,24,46,local
2026-08-06 09:43:42,25,44,remote
2026-08-06 09:43:42,24,46,local
2026-08-06 09:43:44,25,44,remote
2026-08-06 09:43:44,24,46,local
2026-08-06 09:43:46,25,44,remote
2026-08-06 09:43:46,24,46,local
2026-08-06 09:43:48,25,44,remote
2026-08-06 09:43:48,24,46,local
2026-08-06 09:43:50,25,44,remote
2026-08-06 09:43:50,24,46,local
2026-08-06 09:43:52,25,44,remote
2026-08-06 09:43:52,24,46,local
2026-08-06 09:43:54,25,44,remote
2026-08-06 09:43:54,24,46,local
2026-08-06 09:43:56,25,44,remote
2026-08-06 09:43:56,24,46,local
2026-08-06 09:43:58,25,44,remote
2026-08-06 09:43:59,24,46,local
2026-08-06 09:44:00,25,44,remote
2026-08-06 09:44:01,24,46,local
2026-08-06 09:44:02,25,44,remote
2026-08-06 09:44:03,24,46,local
2026-08-06 09:44:04,25,44,remote
2026-08-06 09:44:05,24,46,local
2026-08-06 09:44:06,25,44,remote
2026-08-06 09:44:07,24,46,local
2026-08-06 09:44:08,25,44,remote
2026-08-06 09:44:09,24,46,local
2026-08-06 09:44:10,25,44,remote
2026-08-06 09:44:11,24,46,local
2026-08-06 09:44:12,25,44,remote
2026-08-06 09:44:13,24,46,local
2026-08-06 09:44:14,25,44,remote
2026-08-06 09:44:15,24,46,local
2026-08-06 09:44:17,25,44,remote
2026-08-06 09:44:17,24,46,local
2026-08-06 09:44:19,25,44,remote
2026-08-06 09:44:19,24,46,local
2026-08-06 09:44:21,25,44,remote
2026-08-06 09:44:21,24,46,local
2026-08-06 09:44:23,25,44,remote
2026-08-06 09:44:23,24,46,local
2026-08-06 09:44:25,25,44,remote
2026-08-06 09:44:25,24,46,local
2026-08-06 09:44:27,25,44,remote
2026-08-06 09:44:27,24,46,local
2026-08-06 09:44:29,25,44,remote
2026-08-06 09:44:29,24,46,local
2026-08-06 09:44:31,25,44,remote
2026-08-06 09:44:31,24,46,local
2026-08-06 09:44:33,25,44,remote
2026-08-06 09:44:33,24,46,local
2026-08-06 09:44:35,25,44,remote
2026-08-06 09:44:35,24,46,local
2026-08-06 09:44:37,25,44,remote
2026-08-06 09:44:37,24,46,local
2026-08-06 09:44:39,25,44,remote
2026-08-06 09:44:39,24,46,local
2026-08-06 09:44:41,25,44,remote
2026-08-06 09:44:41,24,46,local
2026-08-06 09:44:43,25,44,remote
2026-08-06 09:44:43,24,46,local
2026-08-06 09:44:45,25,44,remote
2026-08-06 09:44:45,24,46,local
2026-08-06 09:44:47,25,44,remote
2026-08-06 09:44:47,24,46,local
2026-08-06 09:44:49,25,44,remote
2026-08-06 09:44:49,24,46,local
2026-08-06 09:44:51,25,44,remote
2026-08-06 09:44:51,24,46,local
2026-08-06 09:44:53,25,44,remote
2026-08-06 09:44:53,24,46,local
2026-08-06 09:44:55,25,44,remote
2026-08-06 09:44:55,24,46,local
2026-08-06 09:44:57,25,44,remote
2026-08-06 09:44:57,24,46,local
2026-08-06 09:44:59,25,44,remote
2026-08-06 09:44:59,24,46,local
2026-08-06 09:45:01,25,44,remote
2026-08-06 09:45:01,24,46,local
2026-08-06 09:45:03,25,44,remote
2026-08-06 09:45:03,24,46,local
2026-08-06 09:45:05,25,44,remote
2026-08-06 09:45:05,24,46,local
2026-08-06 09:45:07,24,46,local
2026-08-06 09:45:07,25,44,remote
2026-08-06 09:45:09,24,46,local
2026-08-06 09:45:09,25,44,remote
2026-08-06 09:45:11,25,44,remote
2026-08-06 09:45:13,24,46,local
2026-08-06 09:45:13,25,44,remote
2026-08-06 09:45:15,24,46,local
2026-08-06 09:45:15,25,44,remote
2026-08-06 09:45:17,24,46,local
2026-08-06 09:45:17,25,44,remote
2026-08-06 09:45:19,24,46,local
2026-08-06 09:45:19,25,44,remote
2026-08-06 09:45:21,24,46,local
2026-08-06 09:45:21,25,44,remote
2026-08-06 09:45:23,24,46,local
2026-08-06 09:45:24,25,44,remote
2026-08-06 09:45:26,24,46,local
2026-08-06 09:45:26,25,44,remote
2026-08-06 09:45:28,24,46,local
2026-08-06 09:45:28,25,44,remote
2026-08-06 09:45:30,24,46,local
2026-08-06 09:45:30,25,44,remote
2026-08-06 09:45:32,24,46,local
2026-08-06 09:45:32,25,44,remote
2026-08-06 09:45:34,24,46,local
2026-08-06 09:45:34,25,44,remote
2026-08-06 09:45:36,24,46,local
2026-08-06 09:45:36,25,44,remote
2026-08-06 09:45:38,24,46,local
2026-08-06 09:45:38,25,44,remote
2026-08-06 09:45:40,24,46,local
2026-08-06 09:45:40,25,44,remote
2026-08-06 09:45:42,24,46,local
2026-08-06 09:45:42,25,44,remote
2026-08-06 09:45:44,24,46,local
2026-08-06 09:45:44,25,44,remote
2026-08-06 09:45:46,24,46,local
2026-08-06 09:45:46,25,44,remote
2026-08-06 09:45:48,24,46,local
2026-08-06 09:45:48,25,44,remote
2026-08-06 09:45:50,24,46,local
2026-08-06 09:45:50,25,44,remote
2026-08-06 09:45:52,24,46,local
2026-08-06 09:45:52,25,44,remote
2026-08-06 09:45:54,24,46,local
2026-08-06 09:45:54,25,44,remote
2026-08-06 09:45:56,24,46,local
2026-08-06 09:45:56,25,44,remote
2026-08-06 09:45:58,24,46,local
2026-08-06 09:45:58,25,44,remote
2026-08-06 09:46:00,24,46,local
2026-08-06 09:46:00,25,44,remote
2026-08-06 09:46:02,24,46,local
2026-08-06 09:46:02,25,44,remote
2026-08-06 09:46:04,24,46,local
2026-08-06 09:46:04,25,44,remote
2026-08-06 09:46:06,24,46,local
2026-08-06 09:46:06,25,44,remote
2026-08-06 09:46:08,24,46,local
2026-08-06 09:46:08,25,44,remote
2026-08-06 09:46:10,24,46,local
2026-08-06 09:46:10,25,44,remote
2026-08-06 09:46:12,24,46,local
2026-08-06 09:46:12,25,44,remote
2026-08-06 09:46:14,24,46,local
2026-08-06 09:46:14,25,44,remote
2026-08-06 09:46:16,24,46,local
2026-08-06 09:46:16,25,44,remote
2026-08-06 09:46:18,24,46,local
2026-08-06 09:46:18,25,44,remote
2026-08-06 09:46:20,24,46,local
2026-08-06 09:46:20,25,44,remote
2026-08-06 09:46:22,24,46,local
2026-08-06 09:46:22,25,44,remote
2026-08-06 09:46:24,24,46,local
2026-08-06 09:46:24,25,44,remote
2026-08-06 09:46:26,24,46,local
2026-08-06 09:46:26,25,44,remote
2026-08-06 09:46:28,24,46,local
2026-08-06 09:46:28,25,44,remote
2026-08-06 09:46:30,24,46,local
2026-08-06 09:46:31,25,44,remote
2026-08-06 09:46:32,24,46,local
2026-08-06 09:46:33,25,44,remote
2026-08-06 09:46:34,24,46,local
2026-08-06 09:46:35,25,44,remote
2026-08-06 09:46:36,24,46,local
2026-08-06 09:46:37,25,44,remote
2026-08-06 09:46:38,24,46,local
2026-08-06 09:46:39,25,44,remote
2026-08-06 09:46:40,24,46,local
2026-08-06 09:46:41,25,44,remote
2026-08-06 09:46:42,24,46,local
2026-08-06 09:46:43,25,44,remote
2026-08-06 09:46:44,24,46,local
2026-08-06 09:46:45,25,44,remote
2026-08-06 09:46:46,24,46,local
2026-08-06 09:46:47,25,44,remote
2026-08-06 09:46:48,24,46,local
2026-08-06 09:46:49,25,43,remote
2026-08-06 09:46:50,24,46,local
2026-08-06 09:46:51,25,43,remote
2026-08-06 09:46:53,24,46,local
2026-08-06 09:46:53,25,43,remote
2026-08-06 09:46:55,24,46,local
2026-08-06 09:46:55,25,43,remote
2026-08-06 09:46:57,24,46,local
2026-08-06 09:46:57,25,43,remote
2026-08-06 09:46:59,24,46,local
2026-08-06 09:46:59,25,43,remote
2026-08-06 09:47:01,24,46,local
2026-08-06 09:47:01,25,43,remote
2026-08-06 09:47:03,24,46,local
2026-08-06 09:47:03,25,43,remote
2026-08-06 09:47:05,24,46,local
2026-08-06 09:47:05,25,43,remote
2026-08-06 09:47:07,24,46,local
2026-08-06 09:47:07,25,43,remote
2026-08-06 09:47:09,24,46,local
2026-08-06 09:47:09,25,44,remote
2026-08-06 09:47:11,24,46,local
2026-08-06 09:47:11,25,44,remote
2026-08-06 09:47:13,24,46,local
2026-08-06 09:47:13,25,44,remote
2026-08-06 09:47:15,24,46,local
2026-08-06 09:47:15,25,44,remote
2026-08-06 09:47:17,24,46,local
2026-08-06 09:47:17,25,44,remote
2026-08-06 09:47:19,24,46,local
2026-08-06 09:47:19,25,44,remote
2026-08-06 09:47:21,24,46,local
2026-08-06 09:47:21,25,44,remote
2026-08-06 09:47:23,24,46,local
2026-08-06 09:47:23,25,44,remote
2026-08-06 09:47:25,24,46,local
2026-08-06 09:47:25,25,44,remote
2026-08-06 09:47:27,24,46,local
2026-08-06 09:47:27,25,44,remote
2026-08-06 09:47:29,24,46,local
2026-08-06 09:47:29,25,44,remote
2026-08-06 09:47:31,24,46,local
2026-08-06 09:47:31,25,44,remote
2026-08-06 09:47:33,24,46,local
2026-08-06 09:47:33,25,44,remote
2026-08-06 09:47:35,24,46,local
2026-08-06 09:47:35,25,44,remote
2026-08-06 09:47:37,24,46,local
2026-08-06 09:47:38,25,44,remote
2026-08-06 09:47:39,24,46,local
2026-08-06 09:47:40,25,44,remote
2026-08-06 09:47:41,24,46,local
2026-08-06 09:47:42,25,44,remote
2026-08-06 09:47:43,24,46,local
2026-08-06 09:47:44,25,44,remote
2026-08-06 09:47:45,24,46,local
2026-08-06 09:47:46,25,44,remote
2026-08-06 09:47:47,24,46,local
2026-08-06 09:47:48,25,44,remote
2026-08-06 09:47:49,24,46,local
2026-08-06 09:47:50,25,44,remote
2026-08-06 09:47:51,24,46,local
2026-08-06 09:47:52,25,44,remote
2026-08-06 09:47:53,24,46,local
2026-08-06 09:47:54,25,44,remote
2026-08-06 09:47:55,24,46,local
2026-08-06 09:47:56,25,44,remote
2026-08-06 09:47:57,24,46,local
2026-08-06 09:47:58,25,44,remote
2026-08-06 09:47:59,24,46,local
2026-08-06 09:48:00,25,44,remote
2026-08-06 09:48:01,24,46,local
2026-08-06 09:48:02,25,44,remote
2026-08-06 09:48:03,24,46,local
2026-08-06 09:48:04,25,44,remote
2026-08-06 09:48:05,24,46,local
2026-08-06 09:48:06,25,44,remote
2026-08-06 09:48:07,24,46,local
2026-08-06 09:48:08,25,44,remote
2026-08-06 09:48:09,24,46,local
2026-08-06 09:48:10,25,44,remote
2026-08-06 09:48:11,24,46,local
2026-08-06 09:48:12,25,44,remote
2026-08-06 09:48:13,24,46,local
2026-08-06 09:48:14,25,44,remote
2026-08-06 09:48:15,24,46,local
2026-08-06 09:48:16,25,44,remote
2026-08-06 09:48:18,24,46,local
2026-08-06 09:48:18,25,44,remote
2026-08-06 09:48:20,24,46,local
2026-08-06 09:48:20,25,44,remote
2026-08-06 09:48:22,24,46,local
2026-08-06 09:48:22,25,44,remote
2026-08-06 09:48:24,24,46,local
2026-08-06 09:48:24,25,44,remote
2026-08-06 09:48:26,24,46,local
2026-08-06 09:48:26,25,44,remote
2026-08-06 09:48:28,24,46,local
2026-08-06 09:48:28,25,44,remote
2026-08-06 09:48:30,24,46,local
2026-08-06 09:48:30,25,44,remote
2026-08-06 09:48:32,24,46,local
2026-08-06 09:48:32,25,44,remote
2026-08-06 09:48:34,24,46,local
2026-08-06 09:48:34,25,44,remote
2026-08-06 09:48:36,24,46,local
2026-08-06 09:48:36,25,44,remote
2026-08-06 09:48:38,24,46,local
2026-08-06 09:48:38,25,44,remote
2026-08-06 09:48:40,24,46,local
2026-08-06 09:48:40,25,44,remote
2026-08-06 09:48:42,24,46,local
2026-08-06 09:48:42,25,44,remote
2026-08-06 09:48:44,24,46,local
2026-08-06 09:48:45,25,44,remote
2026-08-06 09:48:46,24,46,local
2026-08-06 09:48:47,25,44,remote
2026-08-06 09:48:48,24,46,local
2026-08-06 09:48:49,25,44,remote
2026-08-06 09:48:50,24,46,local
2026-08-06 09:48:51,25,44,remote
2026-08-06 09:48:52,24,46,local
2026-08-06 09:48:53,25,44,remote
2026-08-06 09:48:54,24,46,local
2026-08-06 09:48:55,25,44,remote
2026-08-06 09:48:56,24,46,local
2026-08-06 09:48:57,25,44,remote
2026-08-06 09:48:58,24,46,local
2026-08-06 09:48:59,25,44,remote
2026-08-06 09:49:00,24,46,local
2026-08-06 09:49:01,25,44,remote
2026-08-06 09:49:02,24,46,local
2026-08-06 09:49:03,25,44,remote
2026-08-06 09:49:04,24,46,local
2026-08-06 09:49:05,25,44,remote
2026-08-06 09:49:06,24,46,local
2026-08-06 09:49:07,25,44,remote
2026-08-06 09:49:08,24,46,local
2026-08-06 09:49:09,25,44,remote
2026-08-06 09:49:10,24,46,local
2026-08-06 09:49:11,25,44,remote
2026-08-06 09:49:12,24,46,local
2026-08-06 09:49:13,25,44,remote
2026-08-06 09:49:14,24,46,local
2026-08-06 09:49:15,25,44,remote
2026-08-06 09:49:16,24,46,local
2026-08-06 09:49:17,25,44,remote
2026-08-06 09:49:18,24,46,local
2026-08-06 09:49:19,25,44,remote
2026-08-06 09:49:20,24,46,local
2026-08-06 09:49:21,25,44,remote
2026-08-06 09:49:22,24,46,local
2026-08-06 09:49:23,25,44,remote
2026-08-06 09:49:24,24,46,local
2026-08-06 09:49:25,25,44,remote
2026-08-06 09:49:26,24,46,local
2026-08-06 09:49:27,25,44,remote
2026-08-06 09:49:28,24,46,local
2026-08-06 09:49:29,25,44,remote
2026-08-06 09:49:30,24,46,local
2026-08-06 09:49:31,25,44,remote
2026-08-06 09:49:32,24,46,local
2026-08-06 09:49:33,25,44,remote
2026-08-06 09:49:34,24,46,local
2026-08-06 09:49:35,25,44,remote
2026-08-06 09:49:36,24,46,local
2026-08-06 09:49:37,25,44,remote
2026-08-06 09:49:38,24,46,local
2026-08-06 09:49:39,25,44,remote
2026-08-06 09:49:40,24,46,local
2026-08-06 09:49:41,25,44,remote
2026-08-06 09:49:42,24,46,local
2026-08-06 09:49:43,25,44,remote
2026-08-06 09:49:45,24,46,local
2026-08-06 09:49:45,25,44,remote
2026-08-06 09:49:47,24,46,local
2026-08-06 09:49:47,25,44,remote
2026-08-06 09:49:49,24,46,local
2026-08-06 09:49:49,25,44,remote
2026-08-06 09:49:51,24,46,local
2026-08-06 09:49:52,25,44,remote
2026-08-06 09:49:53,24,46,local
2026-08-06 09:49:54,25,44,remote
2026-08-06 09:49:55,24,46,local
2026-08-06 09:49:56,25,44,remote
2026-08-06 09:49:57,24,46,local
2026-08-06 09:49:58,25,44,remote
2026-08-06 09:49:59,24,46,local
2026-08-06 09:50:00,25,44,remote
2026-08-06 09:50:01,24,46,local
2026-08-06 09:50:02,25,44,remote
2026-08-06 09:50:03,24,46,local
2026-08-06 09:50:04,25,44,remote
2026-08-06 09:50:05,24,46,local
2026-08-06 09:50:06,25,44,remote
2026-08-06 09:50:07,24,46,local
2026-08-06 09:50:08,26,44,remote
2026-08-06 09:50:09,24,46,local
2026-08-06 09:50:10,26,44,remote
2026-08-06 09:50:11,24,46,local
2026-08-06 09:50:12,26,44,remote
2026-08-06 09:50:13,24,46,local
2026-08-06 09:50:14,26,44,remote
2026-08-06 09:50:15,24,46,local
2026-08-06 09:50:16,26,44,remote
2026-08-06 09:50:17,24,46,local
2026-08-06 09:50:18,26,43,remote
2026-08-06 09:50:19,24,46,local
2026-08-06 09:50:20,26,43,remote
2026-08-06 09:50:21,24,46,local
2026-08-06 09:50:22,26,43,remote
2026-08-06 09:50:23,24,46,local
2026-08-06 09:50:24,26,43,remote
2026-08-06 09:50:25,24,46,local
2026-08-06 09:50:26,26,43,remote
2026-08-06 09:50:27,24,46,local
2026-08-06 09:50:28,26,43,remote
2026-08-06 09:50:29,24,46,local
2026-08-06 09:50:30,26,43,remote
2026-08-06 09:50:31,24,46,local
2026-08-06 09:50:32,26,43,remote
2026-08-06 09:50:33,24,46,local
2026-08-06 09:50:34,26,43,remote
2026-08-06 09:50:35,24,46,local
2026-08-06 09:50:36,26,43,remote
2026-08-06 09:50:37,24,46,local
2026-08-06 09:50:38,26,43,remote
2026-08-06 09:50:39,24,46,local
2026-08-06 09:50:40,26,43,remote
2026-08-06 09:50:41,24,46,local
2026-08-06 09:50:42,26,43,remote
2026-08-06 09:50:43,24,46,local
2026-08-06 09:50:44,26,43,remote
2026-08-06 09:50:45,24,46,local
2026-08-06 09:50:46,26,43,remote
2026-08-06 09:50:47,24,46,local
2026-08-06 09:50:48,26,43,remote
2026-08-06 09:50:49,24,46,local
2026-08-06 09:50:50,26,43,remote
2026-08-06 09:50:51,24,46,local
2026-08-06 09:50:52,26,43,remote
2026-08-06 09:50:53,24,46,local
2026-08-06 09:50:54,26,43,remote
2026-08-06 09:50:55,24,46,local
2026-08-06 09:50:56,26,43,remote
2026-08-06 09:50:57,24,46,local
2026-08-06 09:50:59,26,43,remote
2026-08-06 09:50:59,24,46,local
2026-08-06 09:51:01,26,43,remote
2026-08-06 09:51:01,24,46,local
2026-08-06 09:51:03,26,43,remote
2026-08-06 09:51:03,24,46,local
2026-08-06 09:51:05,26,43,remote
2026-08-06 09:51:05,24,46,local
2026-08-06 09:51:07,26,43,remote
2026-08-06 09:51:07,24,46,local
2026-08-06 09:51:09,26,43,remote
2026-08-06 09:51:09,24,46,local
2026-08-06 09:51:11,26,43,remote
2026-08-06 09:51:12,24,46,local
2026-08-06 09:51:13,26,43,remote
2026-08-06 09:51:14,24,46,local
2026-08-06 09:51:15,26,43,remote
2026-08-06 09:51:16,24,46,local
2026-08-06 09:51:17,26,43,remote
2026-08-06 09:51:18,24,46,local
2026-08-06 09:51:19,26,43,remote
2026-08-06 09:51:20,24,46,local
2026-08-06 09:51:21,26,43,remote
2026-08-06 09:51:22,24,46,local
2026-08-06 09:51:23,26,43,remote
2026-08-06 09:51:24,24,46,local
2026-08-06 09:51:25,26,43,remote
2026-08-06 09:51:26,24,46,local
2026-08-06 09:51:27,26,43,remote
2026-08-06 09:51:28,24,47,local
2026-08-06 09:51:29,26,43,remote
2026-08-06 09:51:30,24,47,local
2026-08-06 09:51:31,26,43,remote
2026-08-06 09:51:32,24,47,local
2026-08-06 09:51:33,26,43,remote
2026-08-06 09:51:34,24,47,local
2026-08-06 09:51:35,26,43,remote
2026-08-06 09:51:36,24,47,local
2026-08-06 09:51:37,26,43,remote
2026-08-06 09:51:38,24,47,local
2026-08-06 09:51:39,26,43,remote
2026-08-06 09:51:40,24,47,local
2026-08-06 09:51:41,26,43,remote
2026-08-06 09:51:42,24,47,local
2026-08-06 09:51:43,26,43,remote
2026-08-06 09:51:44,24,47,local
2026-08-06 09:51:45,26,43,remote
2026-08-06 09:51:46,24,47,local
2026-08-06 09:51:47,26,43,remote
2026-08-06 09:51:48,24,46,local
2026-08-06 09:51:49,26,43,remote
2026-08-06 09:51:50,24,46,local
2026-08-06 09:51:51,26,43,remote
2026-08-06 09:51:52,24,46,local
2026-08-06 09:51:53,26,43,remote
2026-08-06 09:51:54,24,46,local
2026-08-06 09:51:55,26,43,remote
2026-08-06 09:51:56,24,46,local
2026-08-06 09:51:57,26,43,remote
2026-08-06 09:51:58,24,46,local
2026-08-06 09:51:59,26,43,remote
2026-08-06 09:52:00,24,46,local
2026-08-06 09:52:01,26,43,remote
2026-08-06 09:52:02,24,46,local
2026-08-06 09:52:04,26,43,remote
2026-08-06 09:52:04,24,46,local
2026-08-06 09:52:06,26,43,remote
2026-08-06 09:52:06,24,46,local
2026-08-06 09:52:08,26,43,remote
2026-08-06 09:52:08,24,46,local
2026-08-06 09:52:10,26,43,remote
2026-08-06 09:52:10,24,46,local
2026-08-06 09:52:12,26,43,remote
2026-08-06 09:52:12,24,46,local
2026-08-06 09:52:14,26,43,remote
2026-08-06 09:52:14,24,46,local
2026-08-06 09:52:16,26,43,remote
2026-08-06 09:52:16,24,46,local
2026-08-06 09:52:18,26,43,remote
2026-08-06 09:52:18,24,46,local
2026-08-06 09:52:20,26,43,remote
2026-08-06 09:52:20,24,47,local
2026-08-06 09:52:22,26,43,remote
2026-08-06 09:52:22,24,47,local
2026-08-06 09:52:24,26,43,remote
2026-08-06 09:52:24,24,47,local
2026-08-06 09:52:26,26,43,remote
2026-08-06 09:52:26,24,47,local
2026-08-06 09:52:28,26,43,remote
2026-08-06 09:52:28,24,47,local
2026-08-06 09:52:30,26,43,remote
2026-08-06 09:52:30,24,47,local
2026-08-06 09:52:32,26,43,remote
2026-08-06 09:52:32,24,47,local
2026-08-06 09:52:34,26,43,remote
2026-08-06 09:52:34,24,47,local
2026-08-06 09:52:36,26,43,remote
2026-08-06 09:52:36,24,47,local
2026-08-06 09:52:38,26,44,remote
2026-08-06 09:52:39,24,47,local
2026-08-06 09:52:40,26,44,remote
2026-08-06 09:52:41,24,47,local
2026-08-06 09:52:42,26,44,remote
2026-08-06 09:52:43,24,47,local
2026-08-06 09:52:44,26,44,remote
2026-08-06 09:52:45,24,47,local
2026-08-06 09:52:46,26,44,remote
2026-08-06 09:52:47,24,47,local
2026-08-06 09:52:48,26,44,remote
2026-08-06 09:52:49,24,47,local
2026-08-06 09:52:50,26,44,remote
2026-08-06 09:52:51,24,47,local
2026-08-06 09:52:52,26,43,remote
2026-08-06 09:52:53,24,47,local
2026-08-06 09:52:54,26,43,remote
2026-08-06 09:52:55,24,47,local
2026-08-06 09:52:56,26,43,remote
2026-08-06 09:52:57,24,47,local
2026-08-06 09:52:58,26,43,remote
2026-08-06 09:52:59,24,47,local
2026-08-06 09:53:00,26,43,remote
2026-08-06 09:53:01,24,47,local
2026-08-06 09:53:02,26,43,remote
2026-08-06 09:53:03,24,47,local
2026-08-06 09:53:04,26,43,remote
2026-08-06 09:53:05,24,47,local
2026-08-06 09:53:06,26,43,remote
2026-08-06 09:53:07,24,47,local
2026-08-06 09:53:08,26,43,remote
2026-08-06 09:53:09,24,47,local
2026-08-06 09:53:11,26,43,remote
2026-08-06 09:53:11,24,47,local
2026-08-06 09:53:13,26,43,remote
2026-08-06 09:53:13,24,47,local
2026-08-06 09:53:15,26,43,remote
2026-08-06 09:53:15,24,47,local
2026-08-06 09:53:17,26,43,remote
2026-08-06 09:53:17,24,47,local
2026-08-06 09:53:19,26,43,remote
2026-08-06 09:53:19,24,47,local
2026-08-06 09:53:21,26,43,remote
2026-08-06 09:53:21,24,47,local
2026-08-06 09:53:23,26,43,remote
2026-08-06 09:53:23,24,47,local
2026-08-06 09:53:25,26,43,remote
2026-08-06 09:53:25,24,47,local
2026-08-06 09:53:27,26,44,remote
2026-08-06 09:53:27,24,47,local
2026-08-06 09:53:29,26,44,remote
2026-08-06 09:53:29,24,47,local
2026-08-06 09:53:31,26,44,remote
2026-08-06 09:53:31,24,47,local
2026-08-06 09:53:33,26,44,remote
2026-08-06 09:53:33,24,47,local
2026-08-06 09:53:35,26,44,remote
2026-08-06 09:53:35,24,47,local
2026-08-06 09:53:37,26,44,remote
2026-08-06 09:53:37,24,47,local
2026-08-06 09:53:39,26,44,remote
2026-08-06 09:53:39,24,47,local
2026-08-06 09:53:41,26,43,remote
2026-08-06 09:53:41,24,47,local
2026-08-06 09:53:43,26,43,remote
2026-08-06 09:53:43,24,47,local
2026-08-06 09:53:45,26,43,remote
2026-08-06 09:53:45,24,47,local
2026-08-06 09:53:47,26,43,remote
2026-08-06 09:53:47,24,47,local
2026-08-06 09:53:49,26,44,remote
2026-08-06 09:53:49,24,47,local
2026-08-06 09:53:51,26,44,remote
2026-08-06 09:53:51,24,47,local
2026-08-06 09:53:53,26,43,remote
2026-08-06 09:53:53,24,47,local
2026-08-06 09:53:55,26,43,remote
2026-08-06 09:53:55,24,47,local
2026-08-06 09:53:57,26,43,remote
2026-08-06 09:53:57,24,47,local
2026-08-06 09:53:59,26,44,remote
2026-08-06 09:53:59,24,47,local
2026-08-06 09:54:01,26,44,remote
2026-08-06 09:54:01,24,47,local
2026-08-06 09:54:03,26,44,remote
2026-08-06 09:54:03,24,47,local
2026-08-06 09:54:05,26,44,remote
2026-08-06 09:54:06,24,47,local
2026-08-06 09:54:07,26,44,remote
2026-08-06 09:54:08,24,47,local
2026-08-06 09:54:09,26,44,remote
2026-08-06 09:54:10,24,47,local
2026-08-06 09:54:11,26,44,remote
2026-08-06 09:54:12,24,47,local
2026-08-06 09:54:13,26,44,remote
2026-08-06 09:54:14,24,47,local
2026-08-06 09:54:15,26,44,remote
2026-08-06 09:54:16,24,47,local
2026-08-06 09:54:18,26,44,remote
2026-08-06 09:54:18,24,47,local
2026-08-06 09:54:20,26,44,remote
2026-08-06 09:54:20,24,47,local
2026-08-06 09:54:22,26,44,remote
2026-08-06 09:54:22,24,47,local
2026-08-06 09:54:24,26,44,remote
2026-08-06 09:54:24,24,47,local
2026-08-06 09:54:26,26,44,remote
2026-08-06 09:54:26,24,47,local
2026-08-06 09:54:28,26,44,remote
2026-08-06 09:54:28,24,47,local
2026-08-06 09:54:30,26,44,remote
2026-08-06 09:54:30,24,47,local
2026-08-06 09:54:32,26,44,remote
2026-08-06 09:54:32,24,46,local
2026-08-06 09:54:34,26,43,remote
2026-08-06 09:54:34,24,46,local
2026-08-06 09:54:36,26,43,remote
2026-08-06 09:54:36,24,47,local
2026-08-06 09:54:38,26,43,remote
2026-08-06 09:54:38,24,46,local
2026-08-06 09:54:40,26,43,remote
2026-08-06 09:54:40,24,46,local
2026-08-06 09:54:42,26,43,remote
2026-08-06 09:54:42,24,47,local
2026-08-06 09:54:44,26,43,remote
2026-08-06 09:54:44,24,47,local
2026-08-06 09:54:46,26,43,remote
2026-08-06 09:54:46,24,47,local
2026-08-06 09:54:48,26,43,remote
2026-08-06 09:54:48,24,47,local
2026-08-06 09:54:50,26,43,remote
2026-08-06 09:54:50,24,47,local
2026-08-06 09:54:52,26,43,remote
2026-08-06 09:54:52,24,47,local
2026-08-06 09:54:54,26,43,remote
2026-08-06 09:54:54,24,47,local
2026-08-06 09:54:56,26,43,remote
2026-08-06 09:54:56,24,47,local
2026-08-06 09:54:58,24,48,local
2026-08-06 09:54:58,26,43,remote
2026-08-06 09:55:00,24,47,local
2026-08-06 09:55:00,26,43,remote
2026-08-06 09:55:02,26,43,remote
2026-08-06 09:55:04,24,48,local
2026-08-06 09:55:04,26,43,remote
2026-08-06 09:55:06,24,49,local
2026-08-06 09:55:06,26,43,remote
2026-08-06 09:55:08,24,49,local
2026-08-06 09:55:08,26,43,remote
2026-08-06 09:55:10,24,49,local
2026-08-06 09:55:10,26,43,remote
2026-08-06 09:55:12,25,50,local
2026-08-06 09:55:12,26,43,remote
2026-08-06 09:55:14,25,50,local
2026-08-06 09:55:14,26,43,remote
2026-08-06 09:55:16,25,50,local
2026-08-06 09:55:16,26,43,remote
2026-08-06 09:55:18,25,50,local
2026-08-06 09:55:18,26,43,remote
2026-08-06 09:55:20,25,50,local
2026-08-06 09:55:20,26,43,remote
2026-08-06 09:55:22,25,49,local
2026-08-06 09:55:22,26,43,remote
2026-08-06 09:55:24,25,48,local
2026-08-06 09:55:25,26,43,remote
2026-08-06 09:55:26,25,48,local
2026-08-06 09:55:27,26,43,remote
2026-08-06 09:55:28,25,48,local
2026-08-06 09:55:29,26,43,remote
2026-08-06 09:55:31,25,47,local
2026-08-06 09:55:31,26,43,remote
2026-08-06 09:55:33,25,47,local
2026-08-06 09:55:33,26,43,remote
2026-08-06 09:55:35,25,47,local
2026-08-06 09:55:35,26,43,remote
2026-08-06 09:55:37,25,47,local
2026-08-06 09:55:37,26,43,remote
2026-08-06 09:55:39,25,46,local
2026-08-06 09:55:39,26,43,remote
2026-08-06 09:55:41,25,46,local
2026-08-06 09:55:41,26,43,remote
2026-08-06 09:55:43,25,46,local
2026-08-06 09:55:43,26,43,remote
2026-08-06 09:55:45,25,46,local
2026-08-06 09:55:45,26,43,remote
2026-08-06 09:55:47,25,46,local
2026-08-06 09:55:47,26,43,remote
2026-08-06 09:55:49,25,46,local
2026-08-06 09:55:49,26,43,remote
2026-08-06 09:55:51,25,46,local
2026-08-06 09:55:51,26,43,remote
2026-08-06 09:55:53,25,45,local
2026-08-06 09:55:53,26,43,remote
2026-08-06 09:55:55,25,45,local
2026-08-06 09:55:55,25,43,remote
2026-08-06 09:55:57,25,45,local
2026-08-06 09:55:57,25,43,remote
2026-08-06 09:55:59,25,45,local
2026-08-06 09:55:59,25,43,remote
2026-08-06 09:56:01,25,45,local
2026-08-06 09:56:01,25,43,remote
2026-08-06 09:56:03,25,45,local
2026-08-06 09:56:03,25,43,remote
2026-08-06 09:56:05,25,45,local
2026-08-06 09:56:05,25,43,remote
2026-08-06 09:56:07,25,45,local
2026-08-06 09:56:07,25,43,remote
2026-08-06 09:56:09,25,45,local
2026-08-06 09:56:09,25,43,remote
2026-08-06 09:56:11,25,45,local
2026-08-06 09:56:11,25,43,remote
2026-08-06 09:56:13,25,45,local
2026-08-06 09:56:13,25,43,remote
2026-08-06 09:56:15,25,45,local
2026-08-06 09:56:15,25,43,remote
2026-08-06 09:56:17,25,45,local
2026-08-06 09:56:17,25,43,remote
2026-08-06 09:56:19,25,45,local
2026-08-06 09:56:19,25,43,remote
2026-08-06 09:56:21,25,45,local
2026-08-06 09:56:21,25,43,remote
2026-08-06 09:56:23,25,45,local
2026-08-06 09:56:23,25,43,remote
2026-08-06 09:56:25,25,45,local
2026-08-06 09:56:25,25,43,remote
2026-08-06 09:56:27,25,45,local
2026-08-06 09:56:27,25,43,remote
2026-08-06 09:56:29,25,45,local
2026-08-06 09:56:29,25,43,remote
2026-08-06 09:56:31,25,45,local
2026-08-06 09:56:32,25,43,remote
2026-08-06 09:56:33,25,45,local
2026-08-06 09:56:34,25,43,remote
2026-08-06 09:56:35,25,45,local
2026-08-06 09:56:36,25,43,remote
2026-08-06 09:56:37,25,45,local
2026-08-06 09:56:38,25,43,remote
2026-08-06 09:56:39,25,45,local
2026-08-06 09:56:40,25,43,remote
2026-08-06 09:56:41,25,45,local
2026-08-06 09:56:42,25,43,remote
2026-08-06 09:56:43,25,45,local
2026-08-06 09:56:44,25,43,remote
2026-08-06 09:56:45,25,45,local
2026-08-06 09:56:46,25,43,remote
2026-08-06 09:56:47,25,45,local
2026-08-06 09:56:48,25,43,remote
2026-08-06 09:56:49,25,45,local
2026-08-06 09:56:50,25,43,remote
2026-08-06 09:56:51,25,45,local
2026-08-06 09:56:52,25,43,remote
2026-08-06 09:56:53,25,45,local
2026-08-06 09:56:54,25,43,remote
2026-08-06 09:56:55,25,45,local
2026-08-06 09:56:56,25,43,remote
2026-08-06 09:56:58,25,45,local
2026-08-06 09:56:58,25,43,remote
2026-08-06 09:57:00,25,45,local
2026-08-06 09:57:00,25,43,remote
2026-08-06 09:57:02,25,45,local
2026-08-06 09:57:02,25,43,remote
2026-08-06 09:57:04,25,45,local
2026-08-06 09:57:04,25,43,remote
2026-08-06 09:57:06,25,45,local
2026-08-06 09:57:06,25,43,remote
2026-08-06 09:57:08,25,45,local
2026-08-06 09:57:08,25,43,remote
2026-08-06 09:57:10,25,45,local
2026-08-06 09:57:10,25,43,remote
2026-08-06 09:57:12,25,45,local
2026-08-06 09:57:12,25,43,remote
2026-08-06 09:57:14,25,45,local
2026-08-06 09:57:14,25,43,remote
2026-08-06 09:57:16,25,45,local
2026-08-06 09:57:16,25,43,remote
2026-08-06 09:57:18,25,45,local
2026-08-06 09:57:18,25,43,remote
2026-08-06 09:57:20,25,45,local
2026-08-06 09:57:20,25,43,remote
2026-08-06 09:57:22,24,45,local
2026-08-06 09:57:22,25,43,remote
2026-08-06 09:57:24,24,45,local
2026-08-06 09:57:24,25,43,remote
2026-08-06 09:57:26,24,45,local
2026-08-06 09:57:26,25,43,remote
2026-08-06 09:57:28,24,45,local
2026-08-06 09:57:28,25,43,remote
2026-08-06 09:57:30,24,45,local
2026-08-06 09:57:30,25,43,remote
2026-08-06 09:57:32,24,45,local
2026-08-06 09:57:32,25,43,remote
2026-08-06 09:57:34,24,45,local
2026-08-06 09:57:34,25,43,remote
2026-08-06 09:57:36,24,46,local
2026-08-06 09:57:36,25,43,remote
2026-08-06 09:57:38,24,46,local
2026-08-06 09:57:39,25,43,remote
2026-08-06 09:57:40,24,46,local
2026-08-06 09:57:41,25,43,remote
2026-08-06 09:57:42,24,46,local
2026-08-06 09:57:43,25,43,remote
2026-08-06 09:57:44,24,46,local
2026-08-06 09:57:45,25,43,remote
2026-08-06 09:57:46,24,46,local
2026-08-06 09:57:47,25,43,remote
2026-08-06 09:57:48,24,46,local
2026-08-06 09:57:49,25,43,remote
2026-08-06 09:57:50,24,46,local
2026-08-06 09:57:51,25,43,remote
2026-08-06 09:57:52,24,46,local
2026-08-06 09:57:53,25,43,remote
2026-08-06 09:57:54,24,46,local
2026-08-06 09:57:55,25,43,remote
2026-08-06 09:57:56,24,46,local
2026-08-06 09:57:57,25,43,remote
2026-08-06 09:57:58,24,46,local
2026-08-06 09:57:59,25,43,remote
2026-08-06 09:58:00,24,46,local
2026-08-06 09:58:01,25,43,remote
2026-08-06 09:58:02,24,46,local
2026-08-06 09:58:03,25,43,remote
2026-08-06 09:58:04,24,46,local
2026-08-06 09:58:05,25,43,remote
2026-08-06 09:58:06,24,46,local
2026-08-06 09:58:07,25,43,remote
2026-08-06 09:58:08,24,46,local
2026-08-06 09:58:09,25,43,remote
2026-08-06 09:58:10,24,46,local
2026-08-06 09:58:11,25,43,remote
2026-08-06 09:58:12,24,46,local
2026-08-06 09:58:13,25,43,remote
2026-08-06 09:58:14,24,46,local
2026-08-06 09:58:15,25,43,remote
2026-08-06 09:58:16,24,46,local
2026-08-06 09:58:17,25,43,remote
2026-08-06 09:58:18,24,46,local
2026-08-06 09:58:19,25,43,remote
2026-08-06 09:58:20,24,46,local
2026-08-06 09:58:21,25,43,remote
2026-08-06 09:58:22,24,46,local
2026-08-06 09:58:23,25,43,remote
2026-08-06 09:58:25,24,46,local
2026-08-06 09:58:25,25,43,remote
2026-08-06 09:58:27,24,46,local
2026-08-06 09:58:27,25,43,remote
2026-08-06 09:58:29,24,46,local
2026-08-06 09:58:29,25,43,remote
2026-08-06 09:58:31,24,46,local
2026-08-06 09:58:31,25,43,remote
2026-08-06 09:58:33,24,46,local
2026-08-06 09:58:33,25,43,remote
2026-08-06 09:58:35,24,46,local
2026-08-06 09:58:35,25,43,remote
2026-08-06 09:58:37,24,46,local
2026-08-06 09:58:37,25,43,remote
2026-08-06 09:58:39,24,46,local
2026-08-06 09:58:39,25,43,remote
2026-08-06 09:58:41,24,46,local
2026-08-06 09:58:41,25,43,remote
2026-08-06 09:58:43,24,46,local
2026-08-06 09:58:43,25,43,remote
2026-08-06 09:58:45,24,46,local
2026-08-06 09:58:46,25,43,remote
2026-08-06 09:58:47,24,46,local
2026-08-06 09:58:48,25,43,remote
2026-08-06 09:58:49,24,46,local
2026-08-06 09:58:50,25,43,remote
2026-08-06 09:58:51,24,46,local
2026-08-06 09:58:52,25,43,remote
2026-08-06 09:58:53,24,46,local
2026-08-06 09:58:54,25,43,remote
2026-08-06 09:58:55,24,46,local
2026-08-06 09:58:56,25,43,remote
2026-08-06 09:58:57,24,46,local
2026-08-06 09:58:58,25,43,remote
2026-08-06 09:58:59,24,46,local
2026-08-06 09:59:00,25,43,remote
2026-08-06 09:59:01,24,46,local
2026-08-06 09:59:02,25,43,remote
2026-08-06 09:59:03,24,46,local
2026-08-06 09:59:04,25,43,remote
2026-08-06 09:59:05,24,46,local
2026-08-06 09:59:06,25,43,remote
2026-08-06 09:59:07,24,46,local
2026-08-06 09:59:08,25,43,remote
2026-08-06 09:59:09,24,46,local
2026-08-06 09:59:10,25,43,remote
2026-08-06 09:59:11,24,46,local
2026-08-06 09:59:12,25,43,remote
2026-08-06 09:59:13,24,46,local
2026-08-06 09:59:14,25,43,remote
2026-08-06 09:59:15,24,46,local
2026-08-06 09:59:16,25,43,remote
2026-08-06 09:59:17,24,46,local
2026-08-06 09:59:18,25,43,remote
2026-08-06 09:59:19,24,46,local
2026-08-06 09:59:20,25,43,remote
2026-08-06 09:59:21,24,46,local
2026-08-06 09:59:22,25,43,remote
2026-08-06 09:59:23,24,46,local
2026-08-06 09:59:24,25,43,remote
2026-08-06 09:59:25,24,46,local
2026-08-06 09:59:26,25,43,remote
2026-08-06 09:59:27,24,46,local
2026-08-06 09:59:28,25,43,remote
2026-08-06 09:59:29,24,46,local
2026-08-06 09:59:30,25,43,remote
2026-08-06 09:59:31,24,46,local
2026-08-06 09:59:32,25,43,remote
2026-08-06 09:59:33,24,46,local
2026-08-06 09:59:34,25,43,remote
2026-08-06 09:59:35,24,46,local
2026-08-06 09:59:36,25,43,remote
2026-08-06 09:59:37,24,46,local
2026-08-06 09:59:38,25,43,remote
2026-08-06 09:59:39,24,46,local
2026-08-06 09:59:40,25,43,remote
2026-08-06 09:59:41,24,46,local
2026-08-06 09:59:42,25,43,remote
2026-08-06 09:59:43,24,46,local
2026-08-06 09:59:44,25,43,remote
2026-08-06 09:59:45,24,47,local
2026-08-06 09:59:46,25,43,remote
2026-08-06 09:59:47,24,47,local
2026-08-06 09:59:48,25,43,remote
2026-08-06 09:59:49,24,47,local
2026-08-06 09:59:50,25,43,remote
2026-08-06 09:59:52,24,47,local
2026-08-06 09:59:53,25,43,remote
2026-08-06 09:59:54,24,47,local
2026-08-06 09:59:55,25,43,remote
2026-08-06 09:59:56,24,47,local
2026-08-06 09:59:57,25,43,remote
2026-08-06 09:59:58,24,47,local
2026-08-06 09:59:59,25,43,remote
2026-08-06 10:00:00,24,47,local
2026-08-06 10:00:01,25,44,remote
2026-08-06 10:00:02,24,47,local
2026-08-06 10:00:03,25,44,remote
2026-08-06 10:00:04,24,47,local
2026-08-06 10:00:05,25,44,remote
2026-08-06 10:00:06,24,47,local
2026-08-06 10:00:07,25,44,remote
2026-08-06 10:00:08,24,47,local
2026-08-06 10:00:09,25,44,remote
2026-08-06 10:00:10,24,47,local
2026-08-06 10:00:11,25,44,remote
2026-08-06 10:00:12,24,47,local
2026-08-06 10:00:13,25,44,remote
2026-08-06 10:00:14,24,47,local
2026-08-06 10:00:15,25,44,remote
2026-08-06 10:00:16,24,47,local
2026-08-06 10:00:17,25,44,remote
2026-08-06 10:00:18,24,47,local
2026-08-06 10:00:19,25,44,remote
2026-08-06 10:00:20,24,47,local
2026-08-06 10:00:21,25,44,remote
2026-08-06 10:00:22,24,47,local
2026-08-06 10:00:23,25,44,remote
2026-08-06 10:00:24,24,47,local
2026-08-06 10:00:25,25,44,remote
2026-08-06 10:00:26,24,47,local
2026-08-06 10:00:27,25,44,remote
2026-08-06 10:00:28,24,47,local
2026-08-06 10:00:29,25,44,remote
2026-08-06 10:00:30,24,47,local
2026-08-06 10:00:31,25,44,remote
2026-08-06 10:00:32,24,47,local
2026-08-06 10:00:33,25,44,remote
2026-08-06 10:00:34,24,47,local
2026-08-06 10:00:35,25,44,remote
2026-08-06 10:00:36,24,47,local
2026-08-06 10:00:37,25,44,remote
2026-08-06 10:00:38,24,47,local
2026-08-06 10:00:39,25,44,remote
2026-08-06 10:00:40,24,47,local
2026-08-06 10:00:41,25,44,remote
2026-08-06 10:00:42,24,47,local
2026-08-06 10:00:43,25,45,remote
2026-08-06 10:00:44,24,47,local
2026-08-06 10:00:45,25,46,remote
2026-08-06 10:00:46,24,47,local
2026-08-06 10:00:47,25,46,remote
2026-08-06 10:00:48,24,47,local
2026-08-06 10:00:49,25,46,remote
2026-08-06 10:00:50,24,47,local
2026-08-06 10:00:51,25,46,remote
2026-08-06 10:00:52,24,47,local
2026-08-06 10:00:53,25,45,remote
2026-08-06 10:00:54,24,47,local
2026-08-06 10:00:55,25,45,remote
2026-08-06 10:00:56,24,47,local
2026-08-06 10:00:57,25,45,remote
2026-08-06 10:00:58,24,47,local
2026-08-06 10:01:00,25,45,remote
2026-08-06 10:01:00,24,47,local
2026-08-06 10:01:02,25,45,remote
2026-08-06 10:01:02,24,47,local
2026-08-06 10:01:04,25,45,remote
2026-08-06 10:01:04,24,47,local
2026-08-06 10:01:06,25,44,remote
2026-08-06 10:01:06,24,47,local
2026-08-06 10:01:08,25,44,remote
2026-08-06 10:01:08,24,47,local
2026-08-06 10:01:10,25,44,remote
2026-08-06 10:01:10,24,47,local
2026-08-06 10:01:12,25,44,remote
2026-08-06 10:01:12,24,47,local
2026-08-06 10:01:14,25,44,remote
2026-08-06 10:01:14,24,47,local
2026-08-06 10:01:16,25,44,remote
2026-08-06 10:01:16,24,47,local
2026-08-06 10:01:18,25,44,remote
2026-08-06 10:01:19,24,47,local
2026-08-06 10:01:20,25,44,remote
2026-08-06 10:01:21,24,47,local
2026-08-06 10:01:22,25,44,remote
2026-08-06 10:01:23,24,47,local
2026-08-06 10:01:24,25,44,remote
2026-08-06 10:01:25,24,47,local
2026-08-06 10:01:26,25,44,remote
2026-08-06 10:01:27,24,47,local
2026-08-06 10:01:28,25,44,remote
2026-08-06 10:01:29,24,47,local
2026-08-06 10:01:30,25,44,remote
2026-08-06 10:01:31,24,47,local
2026-08-06 10:01:32,25,44,remote
2026-08-06 10:01:33,24,47,local
2026-08-06 10:01:34,25,44,remote
2026-08-06 10:01:35,24,47,local
2026-08-06 10:01:36,25,44,remote
2026-08-06 10:01:37,24,47,local
2026-08-06 10:01:38,25,44,remote
2026-08-06 10:01:39,24,47,local
2026-08-06 10:01:40,25,44,remote
2026-08-06 10:01:41,24,47,local
2026-08-06 10:01:42,25,44,remote
2026-08-06 10:01:43,24,47,local
2026-08-06 10:01:44,25,44,remote
2026-08-06 10:01:45,24,47,local
2026-08-06 10:01:46,25,44,remote
2026-08-06 10:01:47,24,47,local
2026-08-06 10:01:48,25,44,remote
2026-08-06 10:01:49,24,47,local
2026-08-06 10:01:50,25,44,remote
2026-08-06 10:01:51,24,47,local
2026-08-06 10:01:52,25,44,remote
2026-08-06 10:01:53,24,47,local
2026-08-06 10:01:54,25,44,remote
2026-08-06 10:01:55,24,47,local
2026-08-06 10:01:56,25,44,remote
2026-08-06 10:01:57,24,47,local
2026-08-06 10:01:58,25,44,remote
2026-08-06 10:01:59,24,47,local
2026-08-06 10:02:00,25,44,remote
2026-08-06 10:02:01,24,47,local
2026-08-06 10:02:02,25,44,remote
2026-08-06 10:02:03,24,47,local
2026-08-06 10:02:04,25,44,remote
2026-08-06 10:02:05,24,47,local
2026-08-06 10:02:07,25,44,remote
2026-08-06 10:02:07,24,47,local
2026-08-06 10:02:09,25,44,remote
2026-08-06 10:02:09,24,47,local
2026-08-06 10:02:11,25,44,remote
2026-08-06 10:02:11,24,47,local
2026-08-06 10:02:13,25,44,remote
2026-08-06 10:02:13,24,47,local
2026-08-06 10:02:15,25,44,remote
2026-08-06 10:02:15,24,47,local
2026-08-06 10:02:17,25,44,remote
2026-08-06 10:02:17,24,47,local
2026-08-06 10:02:19,25,44,remote
2026-08-06 10:02:19,24,47,local
2026-08-06 10:02:21,25,44,remote
2026-08-06 10:02:21,24,47,local
2026-08-06 10:02:23,25,44,remote
2026-08-06 10:02:23,24,47,local
2026-08-06 10:02:25,25,44,remote
2026-08-06 10:02:25,24,47,local
2026-08-06 10:02:27,25,44,remote
2026-08-06 10:02:27,24,47,local
2026-08-06 10:02:29,25,44,remote
2026-08-06 10:02:29,24,47,local
2026-08-06 10:02:31,25,44,remote
2026-08-06 10:02:31,24,47,local
2026-08-06 10:02:33,25,44,remote
2026-08-06 10:02:33,24,47,local
2026-08-06 10:02:35,25,44,remote
2026-08-06 10:02:35,24,47,local
2026-08-06 10:02:37,25,44,remote
2026-08-06 10:02:37,24,47,local
2026-08-06 10:02:39,25,44,remote
2026-08-06 10:02:39,24,47,local
2026-08-06 10:02:41,25,44,remote
2026-08-06 10:02:41,24,47,local
2026-08-06 10:02:43,25,44,remote
2026-08-06 10:02:44,24,47,local
2026-08-06 10:02:45,25,44,remote
2026-08-06 10:02:46,24,48,local
2026-08-06 10:02:47,25,44,remote
2026-08-06 10:02:48,24,48,local
2026-08-06 10:02:49,25,44,remote
2026-08-06 10:02:50,24,48,local
2026-08-06 10:02:51,25,44,remote
2026-08-06 10:02:52,24,48,local
2026-08-06 10:02:53,25,44,remote
2026-08-06 10:02:54,24,48,local
2026-08-06 10:02:55,25,44,remote
2026-08-06 10:02:56,24,48,local
2026-08-06 10:02:57,25,44,remote
2026-08-06 10:02:58,24,47,local
2026-08-06 10:02:59,25,44,remote
2026-08-06 10:03:00,24,47,local
2026-08-06 10:03:01,25,44,remote
2026-08-06 10:03:02,24,47,local
2026-08-06 10:03:03,25,44,remote
2026-08-06 10:03:04,24,47,local
2026-08-06 10:03:05,25,44,remote
2026-08-06 10:03:06,24,47,local
2026-08-06 10:03:07,25,44,remote
2026-08-06 10:03:08,24,47,local
2026-08-06 10:03:09,25,44,remote
2026-08-06 10:03:10,24,47,local
2026-08-06 10:03:11,25,44,remote
2026-08-06 10:03:12,24,47,local
2026-08-06 10:03:14,25,44,remote
2026-08-06 10:03:14,24,47,local
2026-08-06 10:03:16,25,44,remote
2026-08-06 10:03:16,24,47,local
2026-08-06 10:03:18,25,44,remote
2026-08-06 10:03:18,24,47,local
2026-08-06 10:03:20,25,44,remote
2026-08-06 10:03:20,24,47,local
2026-08-06 10:03:22,25,44,remote
2026-08-06 10:03:22,24,47,local
2026-08-06 10:03:24,25,44,remote
2026-08-06 10:03:24,24,47,local
2026-08-06 10:03:26,25,44,remote
2026-08-06 10:03:26,24,47,local
2026-08-06 10:03:28,25,44,remote
2026-08-06 10:03:28,24,47,local
2026-08-06 10:03:30,25,44,remote
2026-08-06 10:03:30,24,47,local
2026-08-06 10:03:32,25,44,remote
2026-08-06 10:03:32,24,47,local
2026-08-06 10:03:34,25,44,remote
2026-08-06 10:03:34,24,47,local
2026-08-06 10:03:36,25,44,remote
2026-08-06 10:03:36,24,47,local
2026-08-06 10:03:38,25,44,remote
2026-08-06 10:03:38,24,47,local
2026-08-06 10:03:40,25,44,remote
2026-08-06 10:03:40,24,47,local
2026-08-06 10:03:42,25,44,remote
2026-08-06 10:03:42,23,48,local
2026-08-06 10:03:44,25,44,remote
2026-08-06 10:03:44,24,48,local
2026-08-06 10:03:46,25,44,remote
2026-08-06 10:03:46,24,48,local
2026-08-06 10:03:48,25,44,remote
2026-08-06 10:03:48,23,48,local
2026-08-06 10:03:50,25,44,remote
2026-08-06 10:03:50,23,48,local
2026-08-06 10:03:52,25,44,remote
2026-08-06 10:03:52,23,48,local
2026-08-06 10:03:54,25,44,remote
2026-08-06 10:03:54,23,48,local
2026-08-06 10:03:56,25,44,remote
2026-08-06 10:03:56,24,48,local
2026-08-06 10:03:58,25,44,remote
2026-08-06 10:03:58,24,48,local
2026-08-06 10:04:00,25,44,remote
2026-08-06 10:04:00,23,48,local
2026-08-06 10:04:02,25,44,remote
2026-08-06 10:04:02,23,48,local
2026-08-06 10:04:04,25,44,remote
2026-08-06 10:04:04,24,48,local
2026-08-06 10:04:06,25,44,remote
2026-08-06 10:04:06,24,48,local
2026-08-06 10:04:08,25,44,remote
2026-08-06 10:04:08,23,48,local
2026-08-06 10:04:10,25,44,remote
2026-08-06 10:04:11,23,48,local
2026-08-06 10:04:12,25,44,remote
2026-08-06 10:04:13,24,48,local
2026-08-06 10:04:14,25,44,remote
2026-08-06 10:04:15,24,47,local
2026-08-06 10:04:16,25,44,remote
2026-08-06 10:04:17,24,47,local
2026-08-06 10:04:18,25,44,remote
2026-08-06 10:04:19,23,47,local
2026-08-06 10:04:21,25,44,remote
2026-08-06 10:04:21,24,47,local
2026-08-06 10:04:23,25,44,remote
2026-08-06 10:04:23,23,48,local
2026-08-06 10:04:25,25,44,remote
2026-08-06 10:04:25,23,48,local
2026-08-06 10:04:27,25,44,remote
2026-08-06 10:04:27,23,48,local
2026-08-06 10:04:29,25,44,remote
2026-08-06 10:04:29,23,48,local
2026-08-06 10:04:31,25,44,remote
2026-08-06 10:04:31,23,48,local
2026-08-06 10:04:33,25,44,remote
2026-08-06 10:04:33,23,48,local
2026-08-06 10:04:35,25,45,remote
2026-08-06 10:04:35,23,48,local
2026-08-06 10:04:37,25,45,remote
2026-08-06 10:04:37,23,48,local
2026-08-06 10:04:39,25,45,remote
2026-08-06 10:04:39,23,48,local
2026-08-06 10:04:41,23,48,local
2026-08-06 10:04:41,25,45,remote
2026-08-06 10:04:43,23,48,local
2026-08-06 10:04:43,25,45,remote
2026-08-06 10:04:45,25,45,remote
2026-08-06 10:04:47,23,48,local
2026-08-06 10:04:47,25,44,remote
2026-08-06 10:04:49,23,48,local
2026-08-06 10:04:49,25,44,remote
2026-08-06 10:04:51,23,48,local
2026-08-06 10:04:51,25,44,remote
2026-08-06 10:04:53,23,48,local
2026-08-06 10:04:53,25,44,remote
2026-08-06 10:04:55,23,48,local
2026-08-06 10:04:55,25,44,remote
2026-08-06 10:04:57,23,48,local
2026-08-06 10:04:57,25,44,remote
2026-08-06 10:04:59,23,48,local
2026-08-06 10:04:59,25,44,remote
2026-08-06 10:05:01,23,48,local
2026-08-06 10:05:01,25,44,remote
2026-08-06 10:05:03,23,48,local
2026-08-06 10:05:03,25,44,remote
2026-08-06 10:05:05,23,48,local
2026-08-06 10:05:05,25,44,remote
2026-08-06 10:05:07,23,48,local
2026-08-06 10:05:07,25,44,remote
2026-08-06 10:05:09,23,48,local
2026-08-06 10:05:09,25,44,remote
2026-08-06 10:05:11,23,48,local
2026-08-06 10:05:11,25,44,remote
2026-08-06 10:05:13,23,48,local
2026-08-06 10:05:13,25,44,remote
2026-08-06 10:05:15,23,48,local
2026-08-06 10:05:15,25,44,remote
2026-08-06 10:05:17,23,48,local
2026-08-06 10:05:17,25,44,remote
2026-08-06 10:05:19,23,48,local
2026-08-06 10:05:19,25,44,remote
2026-08-06 10:05:21,23,48,local
2026-08-06 10:05:21,25,44,remote
2026-08-06 10:05:23,23,48,local
2026-08-06 10:05:23,25,44,remote
2026-08-06 10:05:25,23,48,local
2026-08-06 10:05:25,25,44,remote
2026-08-06 10:05:27,23,48,local
2026-08-06 10:05:28,25,44,remote
2026-08-06 10:05:29,23,48,local
2026-08-06 10:05:30,25,44,remote
2026-08-06 10:05:31,23,48,local
2026-08-06 10:05:32,25,44,remote
2026-08-06 10:05:33,23,48,local
2026-08-06 10:05:34,25,43,remote
2026-08-06 10:05:35,23,48,local
2026-08-06 10:05:36,25,43,remote
2026-08-06 10:05:38,23,48,local
2026-08-06 10:05:38,25,44,remote
2026-08-06 10:05:40,23,48,local
2026-08-06 10:05:40,25,44,remote
2026-08-06 10:05:42,23,48,local
2026-08-06 10:05:42,25,44,remote
2026-08-06 10:05:44,23,48,local
2026-08-06 10:05:44,25,44,remote
2026-08-06 10:05:46,23,48,local
2026-08-06 10:05:46,25,44,remote
2026-08-06 10:05:48,23,48,local
2026-08-06 10:05:48,25,43,remote
2026-08-06 10:05:50,23,48,local
2026-08-06 10:05:50,25,43,remote
2026-08-06 10:05:52,23,48,local
2026-08-06 10:05:52,25,43,remote
2026-08-06 10:05:54,23,48,local
2026-08-06 10:05:54,25,43,remote
2026-08-06 10:05:56,23,48,local
2026-08-06 10:05:56,25,43,remote
2026-08-06 10:05:58,23,48,local
2026-08-06 10:05:58,25,43,remote
2026-08-06 10:06:00,23,48,local
2026-08-06 10:06:00,25,43,remote
2026-08-06 10:06:02,23,48,local
2026-08-06 10:06:02,25,44,remote
2026-08-06 10:06:04,23,48,local
2026-08-06 10:06:04,25,44,remote
2026-08-06 10:06:06,23,48,local
2026-08-06 10:06:06,25,44,remote
2026-08-06 10:06:08,23,48,local
2026-08-06 10:06:08,25,44,remote
2026-08-06 10:06:10,23,48,local
2026-08-06 10:06:10,25,44,remote
2026-08-06 10:06:12,23,48,local
2026-08-06 10:06:12,25,44,remote
2026-08-06 10:06:14,23,48,local
2026-08-06 10:06:14,25,44,remote
2026-08-06 10:06:16,23,48,local
2026-08-06 10:06:16,25,44,remote
2026-08-06 10:06:18,23,48,local
2026-08-06 10:06:18,25,44,remote
2026-08-06 10:06:20,23,48,local
2026-08-06 10:06:20,25,44,remote
2026-08-06 10:06:22,23,48,local
2026-08-06 10:06:22,25,44,remote
2026-08-06 10:06:24,23,48,local
2026-08-06 10:06:24,25,44,remote
2026-08-06 10:06:26,23,48,local
2026-08-06 10:06:26,25,44,remote
2026-08-06 10:06:28,23,48,local
2026-08-06 10:06:28,25,44,remote
2026-08-06 10:06:30,23,48,local
2026-08-06 10:06:30,25,44,remote
2026-08-06 10:06:32,23,48,local
2026-08-06 10:06:33,25,44,remote
2026-08-06 10:06:34,23,48,local
2026-08-06 10:06:35,25,44,remote
2026-08-06 10:06:36,23,48,local
2026-08-06 10:06:37,25,44,remote
2026-08-06 10:06:38,23,48,local
2026-08-06 10:06:39,25,44,remote
2026-08-06 10:06:40,23,48,local
2026-08-06 10:06:41,25,44,remote
2026-08-06 10:06:42,23,48,local
2026-08-06 10:06:43,25,44,remote
2026-08-06 10:06:44,23,48,local
2026-08-06 10:06:45,25,44,remote
2026-08-06 10:06:46,23,48,local
2026-08-06 10:06:47,25,44,remote
2026-08-06 10:06:48,23,48,local
2026-08-06 10:06:49,25,44,remote
2026-08-06 10:06:50,23,48,local
2026-08-06 10:06:51,25,44,remote
2026-08-06 10:06:52,23,48,local
2026-08-06 10:06:53,25,43,remote
2026-08-06 10:06:54,23,48,local
2026-08-06 10:06:55,25,44,remote
2026-08-06 10:06:56,23,48,local
2026-08-06 10:06:57,25,44,remote
2026-08-06 10:06:58,23,48,local
2026-08-06 10:06:59,25,44,remote
2026-08-06 10:07:00,23,48,local
2026-08-06 10:07:01,25,44,remote
2026-08-06 10:07:02,23,48,local
2026-08-06 10:07:03,25,44,remote
2026-08-06 10:07:05,23,48,local
2026-08-06 10:07:05,25,44,remote
2026-08-06 10:07:07,23,48,local
2026-08-06 10:07:07,25,44,remote
2026-08-06 10:07:09,23,48,local
2026-08-06 10:07:09,25,44,remote
2026-08-06 10:07:11,23,48,local
2026-08-06 10:07:11,25,44,remote
2026-08-06 10:07:13,23,48,local
2026-08-06 10:07:13,25,44,remote
2026-08-06 10:07:15,23,48,local
2026-08-06 10:07:15,25,44,remote
2026-08-06 10:07:17,23,48,local
2026-08-06 10:07:17,25,44,remote
2026-08-06 10:07:19,23,48,local
2026-08-06 10:07:19,25,44,remote
2026-08-06 10:07:21,23,48,local
2026-08-06 10:07:21,25,44,remote
2026-08-06 10:07:23,23,48,local
2026-08-06 10:07:23,25,44,remote
2026-08-06 10:07:25,23,48,local
2026-08-06 10:07:25,25,44,remote
2026-08-06 10:07:27,23,48,local
2026-08-06 10:07:27,25,44,remote
2026-08-06 10:07:29,23,48,local
2026-08-06 10:07:29,25,44,remote
2026-08-06 10:07:31,23,48,local
2026-08-06 10:07:31,25,44,remote
2026-08-06 10:07:33,23,48,local
2026-08-06 10:07:33,25,44,remote
2026-08-06 10:07:35,23,48,local
2026-08-06 10:07:35,25,44,remote
2026-08-06 10:07:37,23,48,local
2026-08-06 10:07:37,25,44,remote
2026-08-06 10:07:39,23,48,local
2026-08-06 10:07:40,25,44,remote
2026-08-06 10:07:41,23,48,local
2026-08-06 10:07:42,25,44,remote
2026-08-06 10:07:43,23,48,local
2026-08-06 10:07:44,25,44,remote
2026-08-06 10:07:45,23,48,local
2026-08-06 10:07:46,25,44,remote
2026-08-06 10:07:47,23,48,local
2026-08-06 10:07:48,25,44,remote
2026-08-06 10:07:49,23,48,local
2026-08-06 10:07:50,25,44,remote
2026-08-06 10:07:51,23,48,local
2026-08-06 10:07:52,25,44,remote
2026-08-06 10:07:53,23,48,local
2026-08-06 10:07:54,25,44,remote
2026-08-06 10:07:55,23,48,local
2026-08-06 10:07:56,25,44,remote
2026-08-06 10:07:57,23,48,local
2026-08-06 10:07:58,25,44,remote
2026-08-06 10:07:59,23,48,local
2026-08-06 10:08:00,25,44,remote
2026-08-06 10:08:01,23,48,local
2026-08-06 10:08:02,25,44,remote
2026-08-06 10:08:03,23,48,local
2026-08-06 10:08:04,25,44,remote
2026-08-06 10:08:05,23,48,local
2026-08-06 10:08:06,25,44,remote
2026-08-06 10:08:07,23,48,local
2026-08-06 10:08:08,25,44,remote
2026-08-06 10:08:09,23,48,local
2026-08-06 10:08:10,25,44,remote
2026-08-06 10:08:11,23,48,local
2026-08-06 10:08:12,25,44,remote
2026-08-06 10:08:13,23,48,local
2026-08-06 10:08:14,25,44,remote
2026-08-06 10:08:15,23,48,local
2026-08-06 10:08:16,25,44,remote
2026-08-06 10:08:17,23,48,local
2026-08-06 10:08:18,25,44,remote
2026-08-06 10:08:19,23,48,local
2026-08-06 10:08:20,25,44,remote
2026-08-06 10:08:21,23,48,local
2026-08-06 10:08:22,25,44,remote
2026-08-06 10:08:23,23,48,local
2026-08-06 10:08:24,25,44,remote
2026-08-06 10:08:25,23,48,local
2026-08-06 10:08:26,25,44,remote
2026-08-06 10:08:27,23,48,local
2026-08-06 10:08:28,25,44,remote
2026-08-06 10:08:29,23,48,local
2026-08-06 10:08:30,25,44,remote
2026-08-06 10:08:32,23,48,local
2026-08-06 10:08:32,25,44,remote
2026-08-06 10:08:34,23,48,local
2026-08-06 10:08:34,25,44,remote
2026-08-06 10:08:36,23,48,local
2026-08-06 10:08:36,25,44,remote
2026-08-06 10:08:38,23,48,local
2026-08-06 10:08:38,25,44,remote
2026-08-06 10:08:40,23,48,local
2026-08-06 10:08:40,25,44,remote
2026-08-06 10:08:42,23,48,local
2026-08-06 10:08:42,25,44,remote
2026-08-06 10:08:44,23,48,local
2026-08-06 10:08:44,25,44,remote
2026-08-06 10:08:46,23,48,local
2026-08-06 10:08:47,25,44,remote
2026-08-06 10:08:48,23,48,local
2026-08-06 10:08:49,25,44,remote
2026-08-06 10:08:50,23,48,local
2026-08-06 10:08:51,25,45,remote
2026-08-06 10:08:52,23,48,local
2026-08-06 10:08:53,25,45,remote
2026-08-06 10:08:54,23,48,local
2026-08-06 10:08:55,25,45,remote
2026-08-06 10:08:56,23,48,local
2026-08-06 10:08:57,25,45,remote
2026-08-06 10:08:58,23,48,local
2026-08-06 10:08:59,25,45,remote
2026-08-06 10:09:00,23,48,local
2026-08-06 10:09:01,25,44,remote
2026-08-06 10:09:02,23,48,local
2026-08-06 10:09:03,25,44,remote
2026-08-06 10:09:04,23,48,local
2026-08-06 10:09:05,25,44,remote
2026-08-06 10:09:06,23,48,local
2026-08-06 10:09:07,25,44,remote
2026-08-06 10:09:08,23,48,local
2026-08-06 10:09:09,25,44,remote
2026-08-06 10:09:10,23,48,local
2026-08-06 10:09:11,25,44,remote
2026-08-06 10:09:12,23,48,local
2026-08-06 10:09:13,25,44,remote
2026-08-06 10:09:14,23,48,local
2026-08-06 10:09:15,25,44,remote
2026-08-06 10:09:16,23,48,local
2026-08-06 10:09:17,25,44,remote
2026-08-06 10:09:18,23,48,local
2026-08-06 10:09:19,25,44,remote
2026-08-06 10:09:20,23,48,local
2026-08-06 10:09:21,25,44,remote
2026-08-06 10:09:22,23,48,local
2026-08-06 10:09:23,25,44,remote
2026-08-06 10:09:24,23,48,local
2026-08-06 10:09:25,25,44,remote
2026-08-06 10:09:26,23,48,local
2026-08-06 10:09:27,25,44,remote
2026-08-06 10:09:28,23,48,local
2026-08-06 10:09:29,25,44,remote
2026-08-06 10:09:30,23,48,local
2026-08-06 10:09:31,25,44,remote
2026-08-06 10:09:32,23,48,local
2026-08-06 10:09:33,25,44,remote
2026-08-06 10:09:34,23,48,local
2026-08-06 10:09:35,25,44,remote
2026-08-06 10:09:36,23,48,local
2026-08-06 10:09:37,25,44,remote
2026-08-06 10:09:38,23,48,local
2026-08-06 10:09:39,25,44,remote
2026-08-06 10:09:40,23,48,local
2026-08-06 10:09:41,25,44,remote
2026-08-06 10:09:42,23,48,local
2026-08-06 10:09:43,25,44,remote
2026-08-06 10:09:44,23,48,local
2026-08-06 10:09:45,25,44,remote
2026-08-06 10:09:46,23,48,local
2026-08-06 10:09:47,25,44,remote
2026-08-06 10:09:48,23,48,local
2026-08-06 10:09:49,25,44,remote
2026-08-06 10:09:50,23,48,local
2026-08-06 10:09:51,25,44,remote
2026-08-06 10:09:52,23,48,local
2026-08-06 10:09:54,25,44,remote
2026-08-06 10:09:54,23,48,local
2026-08-06 10:09:56,25,44,remote
2026-08-06 10:09:56,23,48,local
2026-08-06 10:09:58,25,44,remote
2026-08-06 10:09:59,23,48,local
2026-08-06 10:10:00,25,44,remote
2026-08-06 10:10:01,23,48,local
2026-08-06 10:10:02,25,44,remote
2026-08-06 10:10:03,23,48,local
2026-08-06 10:10:04,25,44,remote
2026-08-06 10:10:05,23,48,local
2026-08-06 10:10:06,25,44,remote
2026-08-06 10:10:07,23,48,local
2026-08-06 10:10:08,25,44,remote
2026-08-06 10:10:09,23,48,local
2026-08-06 10:10:10,25,44,remote
2026-08-06 10:10:11,23,48,local
2026-08-06 10:10:12,25,44,remote
2026-08-06 10:10:13,23,48,local
2026-08-06 10:10:14,25,44,remote
2026-08-06 10:10:15,23,48,local
2026-08-06 10:10:16,25,44,remote
2026-08-06 10:10:17,23,48,local
2026-08-06 10:10:18,25,44,remote
2026-08-06 10:10:19,23,48,local
2026-08-06 10:10:20,25,44,remote
2026-08-06 10:10:21,23,48,local
2026-08-06 10:10:22,25,44,remote
2026-08-06 10:10:23,23,48,local
2026-08-06 10:10:24,25,44,remote
2026-08-06 10:10:25,23,48,local
2026-08-06 10:10:26,25,44,remote
2026-08-06 10:10:27,23,48,local
2026-08-06 10:10:28,25,44,remote
2026-08-06 10:10:29,23,48,local
2026-08-06 10:10:30,25,44,remote
2026-08-06 10:10:31,23,48,local
2026-08-06 10:10:32,25,44,remote
2026-08-06 10:10:33,24,48,local
2026-08-06 10:10:34,25,44,remote
2026-08-06 10:10:35,24,48,local
2026-08-06 10:10:36,25,44,remote
2026-08-06 10:10:37,24,48,local
2026-08-06 10:10:38,25,44,remote
2026-08-06 10:10:39,24,48,local
2026-08-06 10:10:40,25,44,remote
2026-08-06 10:10:41,24,48,local
2026-08-06 10:10:42,25,44,remote
2026-08-06 10:10:43,24,48,local
2026-08-06 10:10:44,25,44,remote
2026-08-06 10:10:45,24,48,local
2026-08-06 10:10:46,25,44,remote
2026-08-06 10:10:47,24,48,local
2026-08-06 10:10:48,25,44,remote
2026-08-06 10:10:49,24,48,local
2026-08-06 10:10:50,25,44,remote
2026-08-06 10:10:51,24,48,local
2026-08-06 10:10:52,25,44,remote
2026-08-06 10:10:53,24,48,local
2026-08-06 10:10:54,25,44,remote
2026-08-06 10:10:55,24,48,local
2026-08-06 10:10:56,25,44,remote
2026-08-06 10:10:57,24,48,local
2026-08-06 10:10:58,25,44,remote
2026-08-06 10:10:59,24,48,local
2026-08-06 10:11:01,25,44,remote
2026-08-06 10:11:01,24,48,local
2026-08-06 10:11:03,25,44,remote
2026-08-06 10:11:03,24,48,local
2026-08-06 10:11:05,25,44,remote
2026-08-06 10:11:05,24,48,local
2026-08-06 10:11:07,25,44,remote
2026-08-06 10:11:07,24,48,local
2026-08-06 10:11:09,25,44,remote
2026-08-06 10:11:09,24,48,local
2026-08-06 10:11:11,25,44,remote
2026-08-06 10:11:11,24,48,local
2026-08-06 10:11:13,25,44,remote
2026-08-06 10:11:13,24,48,local
2026-08-06 10:11:15,25,44,remote
2026-08-06 10:11:15,24,48,local
2026-08-06 10:11:17,25,44,remote
2026-08-06 10:11:17,24,48,local
2026-08-06 10:11:19,25,44,remote
2026-08-06 10:11:19,24,47,local
2026-08-06 10:11:21,25,44,remote
2026-08-06 10:11:21,24,47,local
2026-08-06 10:11:23,25,44,remote
2026-08-06 10:11:23,24,47,local
2026-08-06 10:11:25,25,44,remote
2026-08-06 10:11:26,24,47,local
2026-08-06 10:11:27,25,44,remote
2026-08-06 10:11:28,24,47,local
2026-08-06 10:11:29,25,44,remote
2026-08-06 10:11:30,24,47,local
2026-08-06 10:11:31,25,44,remote
2026-08-06 10:11:32,24,47,local
2026-08-06 10:11:33,25,44,remote
2026-08-06 10:11:34,24,47,local
2026-08-06 10:11:35,25,44,remote
2026-08-06 10:11:36,24,47,local
2026-08-06 10:11:37,25,44,remote
2026-08-06 10:11:38,24,47,local
2026-08-06 10:11:39,25,44,remote
2026-08-06 10:11:40,24,47,local
2026-08-06 10:11:41,25,44,remote
2026-08-06 10:11:42,24,48,local
2026-08-06 10:11:43,25,44,remote
2026-08-06 10:11:44,24,48,local
2026-08-06 10:11:45,25,44,remote
2026-08-06 10:11:46,24,48,local
2026-08-06 10:11:47,25,44,remote
2026-08-06 10:11:48,24,48,local
2026-08-06 10:11:49,25,44,remote
2026-08-06 10:11:50,24,47,local
2026-08-06 10:11:51,25,44,remote
2026-08-06 10:11:52,24,47,local
2026-08-06 10:11:53,25,44,remote
2026-08-06 10:11:54,24,47,local
2026-08-06 10:11:55,25,44,remote
2026-08-06 10:11:56,24,47,local
2026-08-06 10:11:57,25,44,remote
2026-08-06 10:11:58,24,47,local
2026-08-06 10:11:59,25,44,remote
2026-08-06 10:12:00,24,47,local
2026-08-06 10:12:01,25,44,remote
2026-08-06 10:12:02,24,47,local
2026-08-06 10:12:03,25,44,remote
2026-08-06 10:12:04,24,47,local
2026-08-06 10:12:05,25,44,remote
2026-08-06 10:12:06,24,47,local
2026-08-06 10:12:08,25,44,remote
2026-08-06 10:12:08,24,47,local
2026-08-06 10:12:10,25,44,remote
2026-08-06 10:12:10,24,47,local
2026-08-06 10:12:12,25,44,remote
2026-08-06 10:12:12,24,47,local
2026-08-06 10:12:14,25,44,remote
2026-08-06 10:12:14,24,47,local
2026-08-06 10:12:16,25,44,remote
2026-08-06 10:12:16,24,47,local
2026-08-06 10:12:18,25,44,remote
2026-08-06 10:12:18,24,47,local
2026-08-06 10:12:20,25,44,remote
2026-08-06 10:12:20,24,47,local
2026-08-06 10:12:22,25,44,remote
2026-08-06 10:12:22,24,47,local
2026-08-06 10:12:24,25,44,remote
2026-08-06 10:12:24,24,47,local
2026-08-06 10:12:26,25,44,remote
2026-08-06 10:12:26,24,47,local
2026-08-06 10:12:28,25,44,remote
2026-08-06 10:12:28,24,47,local
2026-08-06 10:12:30,25,44,remote
2026-08-06 10:12:30,24,47,local
2026-08-06 10:12:32,25,44,remote
2026-08-06 10:12:32,24,47,local
2026-08-06 10:12:34,25,44,remote
2026-08-06 10:12:34,24,47,local
2026-08-06 10:12:36,25,44,remote
2026-08-06 10:12:36,24,47,local
2026-08-06 10:12:38,25,44,remote
2026-08-06 10:12:38,24,47,local
2026-08-06 10:12:40,25,44,remote
2026-08-06 10:12:40,24,47,local
2026-08-06 10:12:42,25,44,remote
2026-08-06 10:12:42,24,47,local
2026-08-06 10:12:44,25,44,remote
2026-08-06 10:12:44,24,47,local
2026-08-06 10:12:46,25,44,remote
2026-08-06 10:12:46,24,47,local
2026-08-06 10:12:48,25,44,remote
2026-08-06 10:12:48,24,47,local
2026-08-06 10:12:50,25,44,remote
2026-08-06 10:12:50,24,47,local
2026-08-06 10:12:52,25,44,remote
2026-08-06 10:12:53,24,47,local
2026-08-06 10:12:54,25,44,remote
2026-08-06 10:12:55,24,47,local
2026-08-06 10:12:56,25,44,remote
2026-08-06 10:12:57,24,47,local
2026-08-06 10:12:58,25,44,remote
2026-08-06 10:12:59,24,47,local
2026-08-06 10:13:00,25,44,remote
2026-08-06 10:13:01,24,47,local
2026-08-06 10:13:02,25,44,remote
2026-08-06 10:13:03,24,47,local
2026-08-06 10:13:04,25,44,remote
2026-08-06 10:13:05,24,47,local
2026-08-06 10:13:06,25,44,remote
2026-08-06 10:13:07,24,47,local
2026-08-06 10:13:08,25,44,remote
2026-08-06 10:13:09,24,47,local
2026-08-06 10:13:10,25,44,remote
2026-08-06 10:13:11,24,47,local
2026-08-06 10:13:12,25,44,remote
2026-08-06 10:13:13,24,47,local
2026-08-06 10:13:15,25,44,remote
2026-08-06 10:13:15,24,47,local
2026-08-06 10:13:17,25,44,remote
2026-08-06 10:13:17,24,47,local
2026-08-06 10:13:19,25,44,remote
2026-08-06 10:13:19,24,47,local
2026-08-06 10:13:21,25,44,remote
2026-08-06 10:13:21,24,47,local
2026-08-06 10:13:23,25,44,remote
2026-08-06 10:13:23,24,47,local
2026-08-06 10:13:25,25,44,remote
2026-08-06 10:13:25,24,47,local
2026-08-06 10:13:27,25,44,remote
2026-08-06 10:13:27,24,47,local
2026-08-06 10:13:29,25,44,remote
2026-08-06 10:13:29,24,47,local
2026-08-06 10:13:31,25,44,remote
2026-08-06 10:13:31,24,47,local
2026-08-06 10:13:33,25,44,remote
2026-08-06 10:13:33,24,47,local
2026-08-06 10:13:35,25,44,remote
2026-08-06 10:13:35,24,47,local
2026-08-06 10:13:37,25,44,remote
2026-08-06 10:13:37,24,47,local
2026-08-06 10:13:39,25,44,remote
2026-08-06 10:13:39,24,47,local
2026-08-06 10:13:41,25,44,remote
2026-08-06 10:13:41,24,47,local
2026-08-06 10:13:43,25,44,remote
2026-08-06 10:13:43,24,47,local
2026-08-06 10:13:45,25,44,remote
2026-08-06 10:13:45,24,47,local
2026-08-06 10:13:47,25,44,remote
2026-08-06 10:13:47,24,47,local
2026-08-06 10:13:49,25,44,remote
2026-08-06 10:13:49,24,47,local
2026-08-06 10:13:51,25,44,remote
2026-08-06 10:13:51,24,47,local
2026-08-06 10:13:53,25,44,remote
2026-08-06 10:13:53,24,47,local
2026-08-06 10:13:55,25,44,remote
2026-08-06 10:13:55,24,47,local
2026-08-06 10:13:57,25,44,remote
2026-08-06 10:13:57,24,47,local
2026-08-06 10:13:59,25,44,remote
2026-08-06 10:13:59,24,47,local
2026-08-06 10:14:01,25,44,remote
2026-08-06 10:14:01,24,47,local
2026-08-06 10:14:03,25,44,remote
2026-08-06 10:14:03,24,47,local
2026-08-06 10:14:05,25,44,remote
2026-08-06 10:14:05,24,47,local
2026-08-06 10:14:07,25,44,remote
2026-08-06 10:14:07,24,47,local
2026-08-06 10:14:09,25,44,remote
2026-08-06 10:14:10,24,47,local
2026-08-06 10:14:11,25,44,remote
2026-08-06 10:14:12,24,47,local
2026-08-06 10:14:13,25,44,remote
2026-08-06 10:14:14,24,47,local
2026-08-06 10:14:15,25,44,remote
2026-08-06 10:14:15,24,47,local
2026-08-06 10:14:17,25,44,remote
2026-08-06 10:14:17,24,47,local
2026-08-06 10:14:20,24,47,local
2026-08-06 10:14:20,25,44,remote
2026-08-06 10:14:22,24,47,local
2026-08-06 10:14:22,25,44,remote
2026-08-06 10:14:24,25,44,remote
2026-08-06 10:14:26,24,47,local
2026-08-06 10:14:26,25,44,remote
2026-08-06 10:14:28,24,47,local
2026-08-06 10:14:28,25,44,remote
2026-08-06 10:14:30,24,47,local
2026-08-06 10:14:30,25,44,remote
2026-08-06 10:14:32,24,47,local
2026-08-06 10:14:32,25,44,remote
2026-08-06 10:14:34,24,47,local
2026-08-06 10:14:34,25,44,remote
2026-08-06 10:14:36,24,47,local
2026-08-06 10:14:36,25,44,remote
2026-08-06 10:14:38,24,47,local
2026-08-06 10:14:38,25,44,remote
2026-08-06 10:14:40,24,47,local
2026-08-06 10:14:40,25,44,remote
2026-08-06 10:14:42,24,47,local
2026-08-06 10:14:42,25,44,remote
2026-08-06 10:14:44,24,47,local
2026-08-06 10:14:44,25,44,remote
2026-08-06 10:14:46,24,47,local
2026-08-06 10:14:46,25,44,remote
2026-08-06 10:14:48,24,47,local
2026-08-06 10:14:48,25,44,remote
2026-08-06 10:14:50,24,47,local
2026-08-06 10:14:50,25,44,remote
2026-08-06 10:14:52,24,47,local
2026-08-06 10:14:52,25,44,remote
2026-08-06 10:14:54,24,47,local
2026-08-06 10:14:54,25,44,remote
2026-08-06 10:14:56,24,47,local
2026-08-06 10:14:56,25,44,remote
2026-08-06 10:14:58,24,47,local
2026-08-06 10:14:58,25,44,remote
2026-08-06 10:15:00,24,47,local
2026-08-06 10:15:00,25,44,remote
2026-08-06 10:15:02,24,47,local
2026-08-06 10:15:02,25,44,remote
2026-08-06 10:15:04,24,47,local
2026-08-06 10:15:04,25,44,remote
2026-08-06 10:15:06,24,47,local
2026-08-06 10:15:06,25,44,remote
2026-08-06 10:15:08,24,47,local
2026-08-06 10:15:08,25,44,remote
2026-08-06 10:15:10,24,47,local
2026-08-06 10:15:10,25,44,remote
2026-08-06 10:15:12,24,47,local
2026-08-06 10:15:12,25,44,remote
2026-08-06 10:15:14,24,47,local
2026-08-06 10:15:14,25,44,remote
2026-08-06 10:15:16,24,47,local
2026-08-06 10:15:16,25,44,remote
2026-08-06 10:15:18,24,47,local
2026-08-06 10:15:18,25,44,remote
2026-08-06 10:15:20,24,47,local
2026-08-06 10:15:20,25,44,remote
2026-08-06 10:15:22,24,47,local
2026-08-06 10:15:22,25,44,remote
2026-08-06 10:15:24,24,47,local
2026-08-06 10:15:24,25,44,remote
2026-08-06 10:15:26,24,47,local
2026-08-06 10:15:26,25,44,remote
2026-08-06 10:15:28,24,47,local
2026-08-06 10:15:29,25,44,remote
2026-08-06 10:15:30,24,47,local
2026-08-06 10:15:31,25,44,remote
2026-08-06 10:15:32,24,47,local
2026-08-06 10:15:33,25,44,remote
2026-08-06 10:15:34,24,47,local
2026-08-06 10:15:35,25,44,remote
2026-08-06 10:15:36,24,47,local
2026-08-06 10:15:37,25,44,remote
2026-08-06 10:15:38,24,47,local
2026-08-06 10:15:39,25,44,remote
2026-08-06 10:15:40,24,47,local
2026-08-06 10:15:41,25,44,remote
2026-08-06 10:15:42,24,47,local
2026-08-06 10:15:43,25,44,remote
2026-08-06 10:15:44,24,47,local
2026-08-06 10:15:45,25,44,remote
2026-08-06 10:15:47,24,47,local
2026-08-06 10:15:47,25,44,remote
2026-08-06 10:15:49,24,47,local
2026-08-06 10:15:49,25,44,remote
2026-08-06 10:15:51,24,47,local
2026-08-06 10:15:51,25,44,remote
2026-08-06 10:15:53,24,47,local
2026-08-06 10:15:53,25,44,remote
2026-08-06 10:15:55,24,47,local
2026-08-06 10:15:55,25,44,remote
2026-08-06 10:15:57,24,47,local
2026-08-06 10:15:57,25,44,remote
2026-08-06 10:15:59,24,47,local
2026-08-06 10:15:59,25,44,remote
2026-08-06 10:16:01,24,47,local
2026-08-06 10:16:01,25,44,remote
2026-08-06 10:16:03,24,47,local
2026-08-06 10:16:03,25,44,remote
2026-08-06 10:16:05,24,47,local
2026-08-06 10:16:05,25,44,remote
2026-08-06 10:16:07,24,47,local
2026-08-06 10:16:07,25,44,remote
2026-08-06 10:16:09,24,47,local
2026-08-06 10:16:09,25,44,remote
2026-08-06 10:16:11,24,47,local
2026-08-06 10:16:11,25,44,remote
2026-08-06 10:16:13,24,47,local
2026-08-06 10:16:13,25,44,remote
2026-08-06 10:16:15,24,47,local
2026-08-06 10:16:15,25,44,remote
2026-08-06 10:16:17,24,47,local
2026-08-06 10:16:17,25,44,remote
2026-08-06 10:16:19,24,47,local
2026-08-06 10:16:19,25,44,remote
2026-08-06 10:16:21,24,47,local
2026-08-06 10:16:21,25,44,remote
2026-08-06 10:16:23,24,47,local
2026-08-06 10:16:23,25,44,remote
2026-08-06 10:16:25,24,47,local
2026-08-06 10:16:25,25,44,remote
2026-08-06 10:16:27,24,47,local
2026-08-06 10:16:27,25,44,remote
2026-08-06 10:16:29,24,47,local
2026-08-06 10:16:29,25,44,remote
2026-08-06 10:16:31,24,47,local
2026-08-06 10:16:31,25,45,remote
2026-08-06 10:16:33,24,47,local
2026-08-06 10:16:33,25,45,remote
2026-08-06 10:16:35,24,47,local
2026-08-06 10:16:36,25,45,remote
2026-08-06 10:16:37,24,47,local
2026-08-06 10:16:38,25,45,remote
2026-08-06 10:16:39,24,47,local
2026-08-06 10:16:40,25,45,remote
2026-08-06 10:16:41,24,47,local
2026-08-06 10:16:42,25,45,remote
2026-08-06 10:16:43,24,47,local
2026-08-06 10:16:44,25,45,remote
2026-08-06 10:16:45,24,47,local
2026-08-06 10:16:46,25,45,remote
2026-08-06 10:16:47,24,47,local
2026-08-06 10:16:48,25,45,remote
2026-08-06 10:16:49,24,47,local
2026-08-06 10:16:50,25,45,remote
2026-08-06 10:16:51,24,47,local
2026-08-06 10:16:52,25,45,remote
2026-08-06 10:16:53,24,47,local
2026-08-06 10:16:54,25,45,remote
2026-08-06 10:16:55,24,47,local
2026-08-06 10:16:56,25,46,remote
2026-08-06 10:16:57,24,47,local
2026-08-06 10:16:58,25,46,remote
2026-08-06 10:16:59,24,47,local
2026-08-06 10:17:00,25,46,remote
2026-08-06 10:17:01,24,47,local
2026-08-06 10:17:02,25,46,remote
2026-08-06 10:17:03,24,47,local
2026-08-06 10:17:04,25,46,remote
2026-08-06 10:17:05,24,47,local
2026-08-06 10:17:06,25,46,remote
2026-08-06 10:17:07,24,47,local
2026-08-06 10:17:08,25,46,remote
2026-08-06 10:17:09,24,47,local
2026-08-06 10:17:10,25,45,remote
2026-08-06 10:17:12,24,47,local
2026-08-06 10:17:12,25,45,remote
2026-08-06 10:17:14,24,47,local
2026-08-06 10:17:14,25,45,remote
2026-08-06 10:17:16,24,47,local
2026-08-06 10:17:16,25,45,remote
2026-08-06 10:17:18,24,47,local
2026-08-06 10:17:18,25,45,remote
2026-08-06 10:17:20,24,47,local
2026-08-06 10:17:20,25,45,remote
2026-08-06 10:17:22,24,47,local
2026-08-06 10:17:22,25,45,remote
2026-08-06 10:17:24,24,47,local
2026-08-06 10:17:24,25,45,remote
2026-08-06 10:17:26,24,47,local
2026-08-06 10:17:26,25,45,remote
2026-08-06 10:17:28,24,47,local
2026-08-06 10:17:28,25,45,remote
2026-08-06 10:17:30,24,47,local
2026-08-06 10:17:30,25,45,remote
2026-08-06 10:17:32,24,47,local
2026-08-06 10:17:32,25,45,remote
2026-08-06 10:17:34,24,47,local
2026-08-06 10:17:34,25,45,remote
2026-08-06 10:17:36,24,47,local
2026-08-06 10:17:36,25,45,remote
2026-08-06 10:17:38,24,47,local
2026-08-06 10:17:38,25,45,remote
2026-08-06 10:17:40,24,47,local
2026-08-06 10:17:40,25,46,remote
2026-08-06 10:17:42,24,47,local
2026-08-06 10:17:43,25,45,remote
2026-08-06 10:17:44,24,47,local
2026-08-06 10:17:45,25,45,remote
2026-08-06 10:17:46,24,47,local
2026-08-06 10:17:47,25,45,remote
2026-08-06 10:17:48,24,47,local
2026-08-06 10:17:49,25,45,remote
2026-08-06 10:17:50,24,47,local
2026-08-06 10:17:51,25,45,remote
2026-08-06 10:17:52,24,47,local
2026-08-06 10:17:53,25,45,remote
2026-08-06 10:17:54,24,47,local
2026-08-06 10:17:55,25,45,remote
2026-08-06 10:17:56,24,47,local
2026-08-06 10:17:57,25,45,remote
2026-08-06 10:17:58,24,47,local
2026-08-06 10:17:59,25,45,remote
2026-08-06 10:18:00,24,47,local
2026-08-06 10:18:01,25,45,remote
2026-08-06 10:18:02,24,47,local
2026-08-06 10:18:03,25,45,remote
2026-08-06 10:18:04,24,47,local
2026-08-06 10:18:05,25,44,remote
2026-08-06 10:18:06,24,47,local
2026-08-06 10:18:07,25,44,remote
2026-08-06 10:18:08,24,47,local
2026-08-06 10:18:09,25,44,remote
2026-08-06 10:18:10,24,47,local
2026-08-06 10:18:11,25,44,remote
2026-08-06 10:18:12,24,47,local
2026-08-06 10:18:13,25,44,remote
2026-08-06 10:18:14,24,47,local
2026-08-06 10:18:15,25,44,remote
2026-08-06 10:18:16,24,47,local
2026-08-06 10:18:17,25,44,remote
2026-08-06 10:18:18,24,47,local
2026-08-06 10:18:19,25,44,remote
2026-08-06 10:18:20,24,47,local
2026-08-06 10:18:21,25,44,remote
2026-08-06 10:18:22,24,47,local
2026-08-06 10:18:23,25,44,remote
2026-08-06 10:18:24,24,47,local
2026-08-06 10:18:25,25,44,remote
2026-08-06 10:18:26,24,47,local
2026-08-06 10:18:27,25,44,remote
2026-08-06 10:18:28,24,47,local
2026-08-06 10:18:29,25,44,remote
2026-08-06 10:18:30,24,47,local
2026-08-06 10:18:31,25,44,remote
2026-08-06 10:18:32,24,47,local
2026-08-06 10:18:33,25,44,remote
2026-08-06 10:18:34,24,47,local
2026-08-06 10:18:35,25,44,remote
2026-08-06 10:18:36,24,47,local
2026-08-06 10:18:37,25,44,remote
2026-08-06 10:18:39,24,47,local
2026-08-06 10:18:39,25,44,remote
2026-08-06 10:18:41,24,47,local
2026-08-06 10:18:41,25,44,remote
2026-08-06 10:18:43,24,47,local
2026-08-06 10:18:43,25,44,remote
2026-08-06 10:18:45,24,47,local
2026-08-06 10:18:45,25,44,remote
2026-08-06 10:18:47,24,47,local
2026-08-06 10:18:48,25,44,remote
2026-08-06 10:18:49,24,47,local
2026-08-06 10:18:50,25,44,remote
2026-08-06 10:18:51,24,47,local
2026-08-06 10:18:52,25,44,remote
2026-08-06 10:18:53,24,47,local
2026-08-06 10:18:54,25,44,remote
2026-08-06 10:18:55,24,47,local
2026-08-06 10:18:56,25,44,remote
2026-08-06 10:18:57,24,47,local
2026-08-06 10:18:58,25,44,remote
2026-08-06 10:18:59,24,47,local
2026-08-06 10:19:00,25,44,remote
2026-08-06 10:19:01,24,47,local
2026-08-06 10:19:02,25,44,remote
2026-08-06 10:19:03,24,47,local
2026-08-06 10:19:04,25,44,remote
2026-08-06 10:19:05,24,47,local
2026-08-06 10:19:06,25,44,remote
2026-08-06 10:19:07,24,47,local
2026-08-06 10:19:08,25,44,remote
2026-08-06 10:19:09,24,47,local
2026-08-06 10:19:10,25,44,remote
2026-08-06 10:19:11,24,47,local
2026-08-06 10:19:12,25,44,remote
2026-08-06 10:19:13,24,47,local
2026-08-06 10:19:14,25,44,remote
2026-08-06 10:19:15,24,47,local
2026-08-06 10:19:16,25,44,remote
2026-08-06 10:19:17,24,47,local
2026-08-06 10:19:18,25,44,remote
2026-08-06 10:19:19,24,47,local
2026-08-06 10:19:20,25,44,remote
2026-08-06 10:19:21,24,47,local
2026-08-06 10:19:22,25,44,remote
2026-08-06 10:19:23,24,47,local
2026-08-06 10:19:24,25,44,remote
2026-08-06 10:19:25,24,47,local
2026-08-06 10:19:26,25,44,remote
2026-08-06 10:19:27,24,47,local
2026-08-06 10:19:28,25,44,remote
2026-08-06 10:19:29,24,47,local
2026-08-06 10:19:30,25,44,remote
2026-08-06 10:19:31,24,47,local
2026-08-06 10:19:32,25,44,remote
2026-08-06 10:19:33,24,47,local
2026-08-06 10:19:34,25,44,remote
2026-08-06 10:19:35,24,47,local
2026-08-06 10:19:36,25,44,remote
2026-08-06 10:19:37,24,47,local
2026-08-06 10:19:38,25,44,remote
2026-08-06 10:19:39,24,47,local
2026-08-06 10:19:40,25,44,remote
2026-08-06 10:19:41,24,47,local
2026-08-06 10:19:42,25,44,remote
2026-08-06 10:19:43,24,47,local
2026-08-06 10:19:44,25,44,remote
2026-08-06 10:19:45,24,47,local
2026-08-06 10:19:46,25,44,remote
2026-08-06 10:19:47,24,47,local
2026-08-06 10:19:48,25,44,remote
2026-08-06 10:19:49,24,47,local
2026-08-06 10:19:50,25,44,remote
2026-08-06 10:19:51,24,47,local
2026-08-06 10:19:52,25,44,remote
2026-08-06 10:19:53,24,47,local
2026-08-06 10:19:55,25,44,remote
2026-08-06 10:19:55,24,47,local
2026-08-06 10:19:57,25,44,remote
2026-08-06 10:19:57,24,47,local
2026-08-06 10:19:59,25,44,remote
2026-08-06 10:19:59,24,47,local
2026-08-06 10:20:01,25,44,remote
2026-08-06 10:20:01,24,47,local
2026-08-06 10:20:03,25,44,remote
2026-08-06 10:20:03,24,47,local
2026-08-06 10:20:05,25,44,remote
2026-08-06 10:20:06,24,47,local
2026-08-06 10:20:07,25,44,remote
2026-08-06 10:20:08,24,47,local
2026-08-06 10:20:09,25,44,remote
2026-08-06 10:20:10,24,47,local
2026-08-06 10:20:11,25,44,remote
2026-08-06 10:20:12,24,47,local
2026-08-06 10:20:13,25,44,remote
2026-08-06 10:20:14,24,47,local
2026-08-06 10:20:15,25,44,remote
2026-08-06 10:20:16,24,47,local
2026-08-06 10:20:17,25,44,remote
2026-08-06 10:20:18,24,47,local
2026-08-06 10:20:19,25,44,remote
2026-08-06 10:20:20,24,47,local
2026-08-06 10:20:21,25,44,remote
2026-08-06 10:20:22,24,47,local
2026-08-06 10:20:23,25,44,remote
2026-08-06 10:20:24,24,47,local
2026-08-06 10:20:25,25,44,remote
2026-08-06 10:20:26,24,47,local
2026-08-06 10:20:27,25,44,remote
2026-08-06 10:20:28,24,47,local
2026-08-06 10:20:29,25,44,remote
2026-08-06 10:20:30,24,47,local
2026-08-06 10:20:31,25,44,remote
2026-08-06 10:20:32,24,47,local
2026-08-06 10:20:33,25,44,remote
2026-08-06 10:20:34,24,47,local
2026-08-06 10:20:35,25,44,remote
2026-08-06 10:20:36,24,47,local
2026-08-06 10:20:37,25,44,remote
2026-08-06 10:20:38,24,47,local
2026-08-06 10:20:39,25,44,remote
2026-08-06 10:20:40,24,47,local
2026-08-06 10:20:41,25,44,remote
2026-08-06 10:20:42,24,47,local
2026-08-06 10:20:43,25,44,remote
2026-08-06 10:20:44,24,47,local
2026-08-06 10:20:45,25,44,remote
2026-08-06 10:20:46,24,47,local
2026-08-06 10:20:47,25,44,remote
2026-08-06 10:20:48,24,47,local
2026-08-06 10:20:49,25,44,remote
2026-08-06 10:20:50,24,47,local
2026-08-06 10:20:51,25,44,remote
2026-08-06 10:20:52,24,47,local
2026-08-06 10:20:53,25,44,remote
2026-08-06 10:20:54,24,47,local
2026-08-06 10:20:55,25,44,remote
2026-08-06 10:20:56,24,47,local
2026-08-06 10:20:57,25,44,remote
2026-08-06 10:20:58,24,47,local
2026-08-06 10:20:59,25,44,remote
2026-08-06 10:21:00,24,47,local
2026-08-06 10:21:02,25,44,remote
2026-08-06 10:21:02,24,47,local
2026-08-06 10:21:04,25,44,remote
2026-08-06 10:21:04,24,47,local
2026-08-06 10:21:06,25,44,remote
2026-08-06 10:21:06,24,47,local
2026-08-06 10:21:08,25,44,remote
2026-08-06 10:21:08,24,47,local
2026-08-06 10:21:10,25,44,remote
2026-08-06 10:21:10,24,47,local
2026-08-06 10:21:12,25,44,remote
2026-08-06 10:21:12,24,47,local
2026-08-06 10:21:14,25,44,remote
2026-08-06 10:21:14,24,47,local
2026-08-06 10:21:16,25,44,remote
2026-08-06 10:21:16,24,47,local
2026-08-06 10:21:18,25,44,remote
2026-08-06 10:21:18,24,47,local
2026-08-06 10:21:20,25,44,remote
2026-08-06 10:21:20,24,47,local
2026-08-06 10:21:22,25,44,remote
2026-08-06 10:21:22,24,47,local
2026-08-06 10:21:24,25,44,remote
2026-08-06 10:21:24,24,47,local
2026-08-06 10:21:26,25,44,remote
2026-08-06 10:21:26,24,47,local
2026-08-06 10:21:28,25,44,remote
2026-08-06 10:21:28,24,47,local
2026-08-06 10:21:30,25,44,remote
2026-08-06 10:21:30,24,47,local
2026-08-06 10:21:32,25,44,remote
2026-08-06 10:21:33,24,47,local
2026-08-06 10:21:34,25,44,remote
2026-08-06 10:21:35,24,47,local
2026-08-06 10:21:36,25,44,remote
2026-08-06 10:21:37,24,47,local
2026-08-06 10:21:38,25,44,remote
2026-08-06 10:21:39,24,47,local
2026-08-06 10:21:40,25,44,remote
2026-08-06 10:21:41,24,47,local
2026-08-06 10:21:42,25,44,remote
2026-08-06 10:21:43,24,47,local
2026-08-06 10:21:44,25,44,remote
2026-08-06 10:21:45,24,47,local
2026-08-06 10:21:46,25,44,remote
2026-08-06 10:21:47,24,47,local
2026-08-06 10:21:48,25,44,remote
2026-08-06 10:21:49,24,47,local
2026-08-06 10:21:50,25,44,remote
2026-08-06 10:21:51,24,47,local
2026-08-06 10:21:52,25,44,remote
2026-08-06 10:21:53,24,47,local
2026-08-06 10:21:54,25,44,remote
2026-08-06 10:21:55,24,47,local
2026-08-06 10:21:56,25,44,remote
2026-08-06 10:21:57,24,47,local
2026-08-06 10:21:58,25,44,remote
2026-08-06 10:21:59,24,47,local
2026-08-06 10:22:00,25,44,remote
2026-08-06 10:22:01,24,47,local
2026-08-06 10:22:02,25,44,remote
2026-08-06 10:22:03,24,47,local
2026-08-06 10:22:04,25,44,remote
2026-08-06 10:22:05,24,47,local
2026-08-06 10:22:06,25,44,remote
2026-08-06 10:22:07,24,47,local
2026-08-06 10:22:09,25,44,remote
2026-08-06 10:22:09,24,47,local
2026-08-06 10:22:11,25,44,remote
2026-08-06 10:22:11,24,47,local
2026-08-06 10:22:13,25,44,remote
2026-08-06 10:22:13,24,47,local
2026-08-06 10:22:15,25,44,remote
2026-08-06 10:22:15,24,47,local
2026-08-06 10:22:17,25,44,remote
2026-08-06 10:22:17,24,47,local
2026-08-06 10:22:19,25,44,remote
2026-08-06 10:22:19,24,47,local
2026-08-06 10:22:21,25,44,remote
2026-08-06 10:22:21,24,47,local
2026-08-06 10:22:23,25,44,remote
2026-08-06 10:22:23,24,47,local
2026-08-06 10:22:25,25,44,remote
2026-08-06 10:22:25,24,47,local
2026-08-06 10:22:27,25,44,remote
2026-08-06 10:22:27,24,47,local
2026-08-06 10:22:29,25,44,remote
2026-08-06 10:22:29,24,47,local
2026-08-06 10:22:31,25,44,remote
2026-08-06 10:22:31,24,47,local
2026-08-06 10:22:33,25,44,remote
2026-08-06 10:22:33,24,47,local
2026-08-06 10:22:35,25,44,remote
2026-08-06 10:22:35,24,47,local
2026-08-06 10:22:37,25,44,remote
2026-08-06 10:22:37,24,47,local
2026-08-06 10:22:39,25,44,remote
2026-08-06 10:22:39,24,47,local
2026-08-06 10:22:41,25,44,remote
2026-08-06 10:22:41,24,47,local
2026-08-06 10:22:43,25,44,remote
2026-08-06 10:22:43,24,47,local
2026-08-06 10:22:45,25,44,remote
2026-08-06 10:22:45,24,47,local
2026-08-06 10:22:47,25,44,remote
2026-08-06 10:22:47,24,47,local
2026-08-06 10:22:49,25,44,remote
2026-08-06 10:22:49,24,47,local
2026-08-06 10:22:51,25,44,remote
2026-08-06 10:22:51,24,47,local
2026-08-06 10:22:53,25,44,remote
2026-08-06 10:22:53,24,47,local
2026-08-06 10:22:55,25,44,remote
2026-08-06 10:22:55,24,47,local
2026-08-06 10:22:57,25,44,remote
2026-08-06 10:22:57,24,47,local
2026-08-06 10:22:59,25,44,remote
2026-08-06 10:23:00,24,47,local
2026-08-06 10:23:01,25,44,remote
2026-08-06 10:23:02,24,47,local
2026-08-06 10:23:03,25,44,remote
2026-08-06 10:23:04,24,47,local
2026-08-06 10:23:05,25,44,remote
2026-08-06 10:23:06,24,47,local
2026-08-06 10:23:07,25,44,remote
2026-08-06 10:23:08,24,47,local
2026-08-06 10:23:09,25,44,remote
2026-08-06 10:23:10,24,47,local
2026-08-06 10:23:11,25,44,remote
2026-08-06 10:23:12,24,47,local
2026-08-06 10:23:13,25,44,remote
2026-08-06 10:23:14,24,47,local
2026-08-06 10:23:16,25,44,remote
2026-08-06 10:23:16,24,47,local
2026-08-06 10:23:18,25,45,remote
2026-08-06 10:23:18,24,47,local
2026-08-06 10:23:20,25,45,remote
2026-08-06 10:23:20,24,47,local
2026-08-06 10:23:22,25,45,remote
2026-08-06 10:23:22,24,46,local
2026-08-06 10:23:24,25,45,remote
2026-08-06 10:23:24,24,46,local
2026-08-06 10:23:26,25,45,remote
2026-08-06 10:23:26,24,46,local
2026-08-06 10:23:28,25,45,remote
2026-08-06 10:23:28,24,46,local
2026-08-06 10:23:30,25,45,remote
2026-08-06 10:23:30,24,47,local
2026-08-06 10:23:32,25,45,remote
2026-08-06 10:23:32,24,47,local
2026-08-06 10:23:34,25,45,remote
2026-08-06 10:23:34,24,47,local
2026-08-06 10:23:36,25,44,remote
2026-08-06 10:23:36,24,47,local
2026-08-06 10:23:38,25,44,remote
2026-08-06 10:23:38,24,47,local
2026-08-06 10:23:40,25,44,remote
2026-08-06 10:23:40,24,47,local
2026-08-06 10:23:42,25,44,remote
2026-08-06 10:23:42,24,47,local
2026-08-06 10:23:44,25,44,remote
2026-08-06 10:23:44,24,47,local
2026-08-06 10:23:46,25,44,remote
2026-08-06 10:23:46,24,47,local
2026-08-06 10:23:48,25,44,remote
2026-08-06 10:23:48,24,47,local
2026-08-06 10:23:50,25,44,remote
2026-08-06 10:23:50,24,47,local
2026-08-06 10:23:52,25,44,remote
2026-08-06 10:23:52,24,47,local
2026-08-06 10:23:54,25,44,remote
2026-08-06 10:23:54,24,47,local
2026-08-06 10:23:56,25,44,remote
2026-08-06 10:23:56,24,47,local
2026-08-06 10:23:58,25,44,remote
2026-08-06 10:23:58,24,47,local
2026-08-06 10:24:00,25,44,remote
2026-08-06 10:24:00,24,47,local
2026-08-06 10:24:02,25,44,remote
2026-08-06 10:24:02,24,47,local
2026-08-06 10:24:04,25,44,remote
2026-08-06 10:24:04,24,47,local
2026-08-06 10:24:06,25,44,remote
2026-08-06 10:24:06,24,47,local
2026-08-06 10:24:08,24,47,local
2026-08-06 10:24:08,25,44,remote
2026-08-06 10:24:10,24,47,local
2026-08-06 10:24:10,25,44,remote
2026-08-06 10:24:12,24,47,local
2026-08-06 10:24:12,25,44,remote
2026-08-06 10:24:14,24,47,local
2026-08-06 10:24:14,25,44,remote
2026-08-06 10:24:16,24,46,local
2026-08-06 10:24:16,25,44,remote
2026-08-06 10:24:18,24,46,local
2026-08-06 10:24:18,25,44,remote
2026-08-06 10:24:20,24,47,local
2026-08-06 10:24:20,25,44,remote
2026-08-06 10:24:22,24,47,local
2026-08-06 10:24:23,25,44,remote
2026-08-06 10:24:24,24,47,local
2026-08-06 10:24:25,25,44,remote
2026-08-06 10:24:27,24,47,local
2026-08-06 10:24:27,25,44,remote
2026-08-06 10:24:29,24,47,local
2026-08-06 10:24:29,25,44,remote
2026-08-06 10:24:31,24,47,local
2026-08-06 10:24:31,25,44,remote
2026-08-06 10:24:33,24,47,local
2026-08-06 10:24:33,25,44,remote
2026-08-06 10:24:35,24,47,local
2026-08-06 10:24:35,25,44,remote
2026-08-06 10:24:37,24,47,local
2026-08-06 10:24:37,25,44,remote
2026-08-06 10:24:39,24,47,local
2026-08-06 10:24:39,25,44,remote
2026-08-06 10:24:41,24,47,local
2026-08-06 10:24:41,25,44,remote
2026-08-06 10:24:43,24,47,local
2026-08-06 10:24:43,25,44,remote
2026-08-06 10:24:45,24,47,local
2026-08-06 10:24:45,25,44,remote
2026-08-06 10:24:47,24,47,local
2026-08-06 10:24:47,25,44,remote
2026-08-06 10:24:49,24,47,local
2026-08-06 10:24:49,25,44,remote
2026-08-06 10:24:51,24,47,local
2026-08-06 10:24:51,25,44,remote
2026-08-06 10:24:53,24,47,local
2026-08-06 10:24:53,25,44,remote
2026-08-06 10:24:55,24,47,local
2026-08-06 10:24:55,25,44,remote
2026-08-06 10:24:57,24,47,local
2026-08-06 10:24:57,25,44,remote
2026-08-06 10:24:59,24,47,local
2026-08-06 10:24:59,25,44,remote
2026-08-06 10:25:01,24,47,local
2026-08-06 10:25:01,25,44,remote
2026-08-06 10:25:03,24,47,local
2026-08-06 10:25:03,25,44,remote
2026-08-06 10:25:05,24,46,local
2026-08-06 10:25:05,25,44,remote
2026-08-06 10:25:07,24,46,local
2026-08-06 10:25:07,25,44,remote
2026-08-06 10:25:09,24,46,local
2026-08-06 10:25:09,25,44,remote
2026-08-06 10:25:11,24,46,local
2026-08-06 10:25:11,25,44,remote
2026-08-06 10:25:13,24,46,local
2026-08-06 10:25:13,25,44,remote
2026-08-06 10:25:15,24,46,local
2026-08-06 10:25:15,25,44,remote
2026-08-06 10:25:17,24,46,local
2026-08-06 10:25:17,25,44,remote
2026-08-06 10:25:19,24,47,local
2026-08-06 10:25:19,25,44,remote
2026-08-06 10:25:21,24,46,local
2026-08-06 10:25:21,25,44,remote
2026-08-06 10:25:23,24,47,local
2026-08-06 10:25:23,25,44,remote
2026-08-06 10:25:25,24,47,local
2026-08-06 10:25:25,25,44,remote
2026-08-06 10:25:27,24,47,local
2026-08-06 10:25:27,25,44,remote
2026-08-06 10:25:29,24,47,local
2026-08-06 10:25:30,25,44,remote
2026-08-06 10:25:31,24,47,local
2026-08-06 10:25:32,25,44,remote
2026-08-06 10:25:33,24,47,local
2026-08-06 10:25:34,25,44,remote
2026-08-06 10:25:35,24,47,local
2026-08-06 10:25:36,25,44,remote
2026-08-06 10:25:37,24,47,local
2026-08-06 10:25:38,25,44,remote
2026-08-06 10:25:39,24,47,local
2026-08-06 10:25:40,25,44,remote
2026-08-06 10:25:41,24,47,local
2026-08-06 10:25:42,25,44,remote
2026-08-06 10:25:43,24,47,local
2026-08-06 10:25:44,25,44,remote
2026-08-06 10:25:45,24,47,local
2026-08-06 10:25:46,25,44,remote
2026-08-06 10:25:47,24,47,local
2026-08-06 10:25:48,25,44,remote
2026-08-06 10:25:49,24,47,local
2026-08-06 10:25:50,25,44,remote
2026-08-06 10:25:52,24,47,local
2026-08-06 10:25:52,25,44,remote
2026-08-06 10:25:54,24,47,local
2026-08-06 10:25:54,25,44,remote
2026-08-06 10:25:56,24,47,local
2026-08-06 10:25:56,25,44,remote
2026-08-06 10:25:58,24,47,local
2026-08-06 10:25:58,25,44,remote
2026-08-06 10:26:00,24,47,local
2026-08-06 10:26:00,25,44,remote
2026-08-06 10:26:02,24,47,local
2026-08-06 10:26:02,25,44,remote
2026-08-06 10:26:04,24,47,local
2026-08-06 10:26:04,25,44,remote
2026-08-06 10:26:06,24,47,local
2026-08-06 10:26:06,25,44,remote
2026-08-06 10:26:08,24,47,local
2026-08-06 10:26:08,25,44,remote
2026-08-06 10:26:10,24,47,local
2026-08-06 10:26:10,25,44,remote
2026-08-06 10:26:12,24,47,local
2026-08-06 10:26:12,25,44,remote
2026-08-06 10:26:14,24,47,local
2026-08-06 10:26:14,25,44,remote
2026-08-06 10:26:16,24,47,local
2026-08-06 10:26:16,25,44,remote
2026-08-06 10:26:18,24,47,local
2026-08-06 10:26:18,25,44,remote
2026-08-06 10:26:20,24,47,local
2026-08-06 10:26:20,25,44,remote
2026-08-06 10:26:22,24,47,local
2026-08-06 10:26:22,25,44,remote
2026-08-06 10:26:24,24,47,local
2026-08-06 10:26:24,25,44,remote
2026-08-06 10:26:26,24,47,local
2026-08-06 10:26:26,25,44,remote
2026-08-06 10:26:28,24,47,local
2026-08-06 10:26:28,25,44,remote
2026-08-06 10:26:30,24,47,local
2026-08-06 10:26:30,25,44,remote
2026-08-06 10:26:32,24,47,local
2026-08-06 10:26:32,25,44,remote
2026-08-06 10:26:34,24,47,local
2026-08-06 10:26:34,25,44,remote
2026-08-06 10:26:36,24,47,local
2026-08-06 10:26:37,25,44,remote
2026-08-06 10:26:38,24,47,local
2026-08-06 10:26:39,25,44,remote
2026-08-06 10:26:40,24,47,local
2026-08-06 10:26:41,25,44,remote
2026-08-06 10:26:42,24,47,local
2026-08-06 10:26:43,25,44,remote
2026-08-06 10:26:44,24,47,local
2026-08-06 10:26:45,25,44,remote
2026-08-06 10:26:46,24,47,local
2026-08-06 10:26:47,25,44,remote
2026-08-06 10:26:48,24,47,local
2026-08-06 10:26:49,25,44,remote
2026-08-06 10:26:50,24,47,local
2026-08-06 10:26:51,25,44,remote
2026-08-06 10:26:52,24,47,local
2026-08-06 10:26:53,25,44,remote
2026-08-06 10:26:54,24,47,local
2026-08-06 10:26:55,25,44,remote
2026-08-06 10:26:56,24,47,local
2026-08-06 10:26:57,25,44,remote
2026-08-06 10:26:58,24,47,local
2026-08-06 10:26:59,25,44,remote
2026-08-06 10:27:00,24,47,local
2026-08-06 10:27:01,25,44,remote
2026-08-06 10:27:02,24,46,local
2026-08-06 10:27:03,25,44,remote
2026-08-06 10:27:04,24,47,local
2026-08-06 10:27:05,25,44,remote
2026-08-06 10:27:06,24,46,local
2026-08-06 10:27:07,25,44,remote
2026-08-06 10:27:08,24,47,local
2026-08-06 10:27:09,25,44,remote
2026-08-06 10:27:10,24,47,local
2026-08-06 10:27:11,25,44,remote
2026-08-06 10:27:12,24,47,local
2026-08-06 10:27:13,25,44,remote
2026-08-06 10:27:14,24,46,local
2026-08-06 10:27:15,25,44,remote
2026-08-06 10:27:16,24,46,local
2026-08-06 10:27:17,25,44,remote
2026-08-06 10:27:19,24,46,local
2026-08-06 10:27:19,25,44,remote
2026-08-06 10:27:21,24,46,local
2026-08-06 10:27:21,25,44,remote
2026-08-06 10:27:23,24,46,local
2026-08-06 10:27:23,25,44,remote
2026-08-06 10:27:25,24,46,local
2026-08-06 10:27:25,25,44,remote
2026-08-06 10:27:27,24,46,local
2026-08-06 10:27:27,25,44,remote
2026-08-06 10:27:29,24,46,local
2026-08-06 10:27:29,25,44,remote
2026-08-06 10:27:31,24,46,local
2026-08-06 10:27:31,25,44,remote
2026-08-06 10:27:33,24,46,local
2026-08-06 10:27:33,25,44,remote
2026-08-06 10:27:35,24,46,local
2026-08-06 10:27:35,25,44,remote
2026-08-06 10:27:37,24,46,local
2026-08-06 10:27:37,25,44,remote
2026-08-06 10:27:39,24,46,local
2026-08-06 10:27:39,25,44,remote
2026-08-06 10:27:41,24,46,local
2026-08-06 10:27:41,25,44,remote
2026-08-06 10:27:43,24,46,local
2026-08-06 10:27:44,25,44,remote
2026-08-06 10:27:45,24,46,local
2026-08-06 10:27:46,25,44,remote
2026-08-06 10:27:47,24,46,local
2026-08-06 10:27:48,25,44,remote
2026-08-06 10:27:49,24,46,local
2026-08-06 10:27:50,25,44,remote
2026-08-06 10:27:51,24,46,local
2026-08-06 10:27:52,25,44,remote
2026-08-06 10:27:53,24,46,local
2026-08-06 10:27:54,25,44,remote
2026-08-06 10:27:55,24,46,local
2026-08-06 10:27:56,25,44,remote
2026-08-06 10:27:57,24,46,local
2026-08-06 10:27:58,25,44,remote
2026-08-06 10:27:59,24,46,local
2026-08-06 10:28:00,25,44,remote
2026-08-06 10:28:01,24,46,local
2026-08-06 10:28:02,25,44,remote
2026-08-06 10:28:03,24,46,local
2026-08-06 10:28:04,25,44,remote
2026-08-06 10:28:05,24,46,local
2026-08-06 10:28:06,25,44,remote
2026-08-06 10:28:07,24,46,local
2026-08-06 10:28:08,25,44,remote
2026-08-06 10:28:09,24,46,local
2026-08-06 10:28:10,25,44,remote
2026-08-06 10:28:11,24,46,local
2026-08-06 10:28:12,25,44,remote
2026-08-06 10:28:13,24,46,local
2026-08-06 10:28:14,25,44,remote
2026-08-06 10:28:15,24,46,local
2026-08-06 10:28:16,25,44,remote
2026-08-06 10:28:17,24,46,local
2026-08-06 10:28:18,25,44,remote
2026-08-06 10:28:19,24,46,local
2026-08-06 10:28:20,25,44,remote
2026-08-06 10:28:21,24,46,local
2026-08-06 10:28:22,25,44,remote
2026-08-06 10:28:23,24,46,local
2026-08-06 10:28:24,25,44,remote
2026-08-06 10:28:25,24,46,local
2026-08-06 10:28:26,25,44,remote
2026-08-06 10:28:27,24,46,local
2026-08-06 10:28:28,25,44,remote
2026-08-06 10:28:29,24,47,local
2026-08-06 10:28:30,25,44,remote
2026-08-06 10:28:31,24,47,local
2026-08-06 10:28:32,25,44,remote
2026-08-06 10:28:33,24,47,local
2026-08-06 10:28:34,25,44,remote
2026-08-06 10:28:35,24,47,local
2026-08-06 10:28:36,25,44,remote
2026-08-06 10:28:37,24,47,local
2026-08-06 10:28:38,25,44,remote
2026-08-06 10:28:39,24,47,local
2026-08-06 10:28:40,25,44,remote
2026-08-06 10:28:41,24,47,local
2026-08-06 10:28:42,25,44,remote
2026-08-06 10:28:43,24,47,local
2026-08-06 10:28:44,25,44,remote
2026-08-06 10:28:46,24,47,local
2026-08-06 10:28:46,25,44,remote
2026-08-06 10:28:48,24,47,local
2026-08-06 10:28:48,25,44,remote
2026-08-06 10:28:50,24,47,local
2026-08-06 10:28:51,25,44,remote
2026-08-06 10:28:52,24,47,local
2026-08-06 10:28:53,25,44,remote
2026-08-06 10:28:54,24,47,local
2026-08-06 10:28:55,25,44,remote
2026-08-06 10:28:56,24,47,local
2026-08-06 10:28:57,25,44,remote
2026-08-06 10:28:58,24,47,local
2026-08-06 10:28:59,25,44,remote
2026-08-06 10:29:00,24,47,local
2026-08-06 10:29:01,25,44,remote
2026-08-06 10:29:02,24,47,local
2026-08-06 10:29:03,25,44,remote
2026-08-06 10:29:04,24,47,local
2026-08-06 10:29:05,25,44,remote
2026-08-06 10:29:06,24,47,local
2026-08-06 10:29:07,25,44,remote
2026-08-06 10:29:08,24,46,local
2026-08-06 10:29:09,25,44,remote
2026-08-06 10:29:10,24,46,local
2026-08-06 10:29:11,25,44,remote
2026-08-06 10:29:12,24,47,local
2026-08-06 10:29:13,25,44,remote
2026-08-06 10:29:14,24,46,local
2026-08-06 10:29:15,25,44,remote
2026-08-06 10:29:16,24,46,local
2026-08-06 10:29:17,25,44,remote
2026-08-06 10:29:18,24,46,local
2026-08-06 10:29:19,25,44,remote
2026-08-06 10:29:20,24,46,local
2026-08-06 10:29:21,25,44,remote
2026-08-06 10:29:22,24,47,local
2026-08-06 10:29:23,25,44,remote
2026-08-06 10:29:24,24,46,local
2026-08-06 10:29:25,25,44,remote
2026-08-06 10:29:26,24,46,local
2026-08-06 10:29:27,25,44,remote
2026-08-06 10:29:28,24,46,local
2026-08-06 10:29:29,25,44,remote
2026-08-06 10:29:30,24,46,local
2026-08-06 10:29:31,25,44,remote
2026-08-06 10:29:32,24,46,local
2026-08-06 10:29:33,25,44,remote
2026-08-06 10:29:34,24,47,local
2026-08-06 10:29:35,25,44,remote
2026-08-06 10:29:36,24,47,local
2026-08-06 10:29:37,25,44,remote
2026-08-06 10:29:38,24,47,local
2026-08-06 10:29:39,25,44,remote
2026-08-06 10:29:40,24,46,local
2026-08-06 10:29:41,25,44,remote
2026-08-06 10:29:42,24,46,local
2026-08-06 10:29:43,25,44,remote
2026-08-06 10:29:44,24,46,local
2026-08-06 10:29:45,25,44,remote
2026-08-06 10:29:46,24,46,local
2026-08-06 10:29:47,25,44,remote
2026-08-06 10:29:48,24,46,local
2026-08-06 10:29:49,25,44,remote
2026-08-06 10:29:50,24,46,local
2026-08-06 10:29:51,25,44,remote
2026-08-06 10:29:52,24,46,local
2026-08-06 10:29:53,25,44,remote
2026-08-06 10:29:54,24,46,local
2026-08-06 10:29:55,25,44,remote
2026-08-06 10:29:56,24,46,local
2026-08-06 10:29:58,25,44,remote
2026-08-06 10:29:58,24,46,local
2026-08-06 10:30:00,25,44,remote
2026-08-06 10:30:00,24,46,local
2026-08-06 10:30:02,25,45,remote
2026-08-06 10:30:02,24,46,local
2026-08-06 10:30:04,25,45,remote
2026-08-06 10:30:04,24,46,local
2026-08-06 10:30:06,25,45,remote
2026-08-06 10:30:06,24,46,local
2026-08-06 10:30:08,25,45,remote
2026-08-06 10:30:08,24,47,local
2026-08-06 10:30:10,25,45,remote
2026-08-06 10:30:10,24,47,local
2026-08-06 10:30:12,25,45,remote
2026-08-06 10:30:13,24,47,local
2026-08-06 10:30:14,25,45,remote
2026-08-06 10:30:15,24,47,local
2026-08-06 10:30:16,25,45,remote
2026-08-06 10:30:17,24,47,local
2026-08-06 10:30:18,25,44,remote
2026-08-06 10:30:19,24,47,local
2026-08-06 10:30:20,25,44,remote
2026-08-06 10:30:21,24,47,local
2026-08-06 10:30:22,25,44,remote
2026-08-06 10:30:23,24,47,local
2026-08-06 10:30:24,25,44,remote
2026-08-06 10:30:25,24,47,local
2026-08-06 10:30:26,25,44,remote
2026-08-06 10:30:27,24,47,local
2026-08-06 10:30:28,25,44,remote
2026-08-06 10:30:29,24,47,local
2026-08-06 10:30:30,25,45,remote
2026-08-06 10:30:31,24,47,local
2026-08-06 10:30:32,25,45,remote
2026-08-06 10:30:33,24,47,local
2026-08-06 10:30:34,25,45,remote
2026-08-06 10:30:35,24,47,local
2026-08-06 10:30:36,25,45,remote
2026-08-06 10:30:37,24,47,local
2026-08-06 10:30:38,25,45,remote
2026-08-06 10:30:39,24,47,local
2026-08-06 10:30:40,25,45,remote
2026-08-06 10:30:41,24,47,local
2026-08-06 10:30:42,25,45,remote
2026-08-06 10:30:43,24,47,local
2026-08-06 10:30:44,25,45,remote
2026-08-06 10:30:45,24,47,local
2026-08-06 10:30:46,25,44,remote
2026-08-06 10:30:47,24,47,local
2026-08-06 10:30:48,25,44,remote
2026-08-06 10:30:49,24,47,local
2026-08-06 10:30:50,25,44,remote
2026-08-06 10:30:51,24,47,local
2026-08-06 10:30:52,25,44,remote
2026-08-06 10:30:53,24,47,local
2026-08-06 10:30:54,25,44,remote
2026-08-06 10:30:55,24,47,local
2026-08-06 10:30:56,25,44,remote
2026-08-06 10:30:57,24,47,local
2026-08-06 10:30:58,25,44,remote
2026-08-06 10:30:59,24,46,local
2026-08-06 10:31:00,25,44,remote
2026-08-06 10:31:01,24,46,local
2026-08-06 10:31:02,25,44,remote
2026-08-06 10:31:03,24,47,local
2026-08-06 10:31:05,25,44,remote
2026-08-06 10:31:05,24,47,local
2026-08-06 10:31:07,25,44,remote
2026-08-06 10:31:07,24,46,local
2026-08-06 10:31:09,25,44,remote
2026-08-06 10:31:09,24,46,local
2026-08-06 10:31:11,25,44,remote
2026-08-06 10:31:11,24,46,local
2026-08-06 10:31:13,25,44,remote
2026-08-06 10:31:13,24,47,local
2026-08-06 10:31:15,25,44,remote
2026-08-06 10:31:15,24,46,local
2026-08-06 10:31:17,25,44,remote
2026-08-06 10:31:17,24,46,local
2026-08-06 10:31:19,25,44,remote
2026-08-06 10:31:19,24,46,local
2026-08-06 10:31:21,25,44,remote
2026-08-06 10:31:21,24,46,local
2026-08-06 10:31:23,25,44,remote
2026-08-06 10:31:23,24,46,local
2026-08-06 10:31:25,25,44,remote
2026-08-06 10:31:25,24,46,local
2026-08-06 10:31:27,25,44,remote
2026-08-06 10:31:27,24,46,local
2026-08-06 10:31:29,25,44,remote
2026-08-06 10:31:29,24,46,local
2026-08-06 10:31:31,25,44,remote
2026-08-06 10:31:31,24,46,local
2026-08-06 10:31:33,25,44,remote
2026-08-06 10:31:33,24,46,local
2026-08-06 10:31:35,25,44,remote
2026-08-06 10:31:35,24,46,local
2026-08-06 10:31:37,25,44,remote
2026-08-06 10:31:37,24,46,local
2026-08-06 10:31:39,25,44,remote
2026-08-06 10:31:40,24,46,local
2026-08-06 10:31:41,25,44,remote
2026-08-06 10:31:42,24,46,local
2026-08-06 10:31:43,25,44,remote
2026-08-06 10:31:44,24,46,local
2026-08-06 10:31:45,25,44,remote
2026-08-06 10:31:46,24,46,local
2026-08-06 10:31:47,25,44,remote
2026-08-06 10:31:48,24,46,local
2026-08-06 10:31:49,25,44,remote
2026-08-06 10:31:50,24,46,local
2026-08-06 10:31:51,25,44,remote
2026-08-06 10:31:52,24,46,local
2026-08-06 10:31:53,25,44,remote
2026-08-06 10:31:54,24,46,local
2026-08-06 10:31:55,25,44,remote
2026-08-06 10:31:56,24,46,local
2026-08-06 10:31:57,25,44,remote
2026-08-06 10:31:58,24,46,local
2026-08-06 10:31:59,25,44,remote
2026-08-06 10:32:00,24,46,local
2026-08-06 10:32:01,25,44,remote
2026-08-06 10:32:02,24,46,local
2026-08-06 10:32:03,25,44,remote
2026-08-06 10:32:04,24,46,local
2026-08-06 10:32:05,25,44,remote
2026-08-06 10:32:06,24,46,local
2026-08-06 10:32:07,25,44,remote
2026-08-06 10:32:08,24,46,local
2026-08-06 10:32:09,25,44,remote
2026-08-06 10:32:10,24,46,local
2026-08-06 10:32:12,25,44,remote
2026-08-06 10:32:12,24,46,local
2026-08-06 10:32:14,25,44,remote
2026-08-06 10:32:14,24,46,local
2026-08-06 10:32:16,25,44,remote
2026-08-06 10:32:16,24,46,local
2026-08-06 10:32:18,25,44,remote
2026-08-06 10:32:18,24,46,local
2026-08-06 10:32:20,25,44,remote
2026-08-06 10:32:20,24,46,local
2026-08-06 10:32:22,25,44,remote
2026-08-06 10:32:22,24,46,local
2026-08-06 10:32:24,25,44,remote
2026-08-06 10:32:24,24,46,local
2026-08-06 10:32:26,25,44,remote
2026-08-06 10:32:26,24,46,local
2026-08-06 10:32:28,25,44,remote
2026-08-06 10:32:28,24,46,local
2026-08-06 10:32:30,25,44,remote
2026-08-06 10:32:30,24,46,local
2026-08-06 10:32:32,25,44,remote
2026-08-06 10:32:32,24,46,local
2026-08-06 10:32:34,25,44,remote
2026-08-06 10:32:34,24,46,local
2026-08-06 10:32:36,25,44,remote
2026-08-06 10:32:36,24,46,local
2026-08-06 10:32:38,25,44,remote
2026-08-06 10:32:38,24,46,local
2026-08-06 10:32:40,25,44,remote
2026-08-06 10:32:40,24,46,local
2026-08-06 10:32:42,25,44,remote
2026-08-06 10:32:42,24,46,local
2026-08-06 10:32:44,25,44,remote
2026-08-06 10:32:44,24,46,local
2026-08-06 10:32:46,25,44,remote
2026-08-06 10:32:46,24,46,local
2026-08-06 10:32:48,25,44,remote
2026-08-06 10:32:48,24,46,local
2026-08-06 10:32:50,25,44,remote
2026-08-06 10:32:50,24,46,local
2026-08-06 10:32:52,25,44,remote
2026-08-06 10:32:52,24,46,local
2026-08-06 10:32:54,25,44,remote
2026-08-06 10:32:54,24,46,local
2026-08-06 10:32:56,25,44,remote
2026-08-06 10:32:56,24,46,local
2026-08-06 10:32:58,25,44,remote
2026-08-06 10:32:58,24,46,local
2026-08-06 10:33:00,25,44,remote
2026-08-06 10:33:00,24,46,local
2026-08-06 10:33:02,25,44,remote
2026-08-06 10:33:02,24,46,local
2026-08-06 10:33:04,25,44,remote
2026-08-06 10:33:04,24,46,local
2026-08-06 10:33:06,25,44,remote
2026-08-06 10:33:07,24,46,local
2026-08-06 10:33:08,25,44,remote
2026-08-06 10:33:09,24,46,local
2026-08-06 10:33:10,25,44,remote
2026-08-06 10:33:11,24,46,local
2026-08-06 10:33:12,25,44,remote
2026-08-06 10:33:13,24,46,local
2026-08-06 10:33:14,25,44,remote
2026-08-06 10:33:15,24,46,local
2026-08-06 10:33:16,25,44,remote
2026-08-06 10:33:17,24,46,local
2026-08-06 10:33:19,25,44,remote
2026-08-06 10:33:19,24,46,local
2026-08-06 10:33:21,25,44,remote
2026-08-06 10:33:21,24,46,local
2026-08-06 10:33:23,25,44,remote
2026-08-06 10:33:23,24,46,local
2026-08-06 10:33:25,25,44,remote
2026-08-06 10:33:25,24,46,local
2026-08-06 10:33:27,25,44,remote
2026-08-06 10:33:27,24,46,local
2026-08-06 10:33:29,25,44,remote
2026-08-06 10:33:29,24,46,local
2026-08-06 10:33:31,25,44,remote
2026-08-06 10:33:31,24,46,local
2026-08-06 10:33:33,25,44,remote
2026-08-06 10:33:33,24,46,local
2026-08-06 10:33:35,25,44,remote
2026-08-06 10:33:35,24,46,local
2026-08-06 10:33:37,25,44,remote
2026-08-06 10:33:37,24,46,local
2026-08-06 10:33:39,25,44,remote
2026-08-06 10:33:39,24,46,local
2026-08-06 10:33:41,25,44,remote
2026-08-06 10:33:41,24,46,local
2026-08-06 10:33:43,25,44,remote
2026-08-06 10:33:43,24,46,local
2026-08-06 10:33:45,25,44,remote
2026-08-06 10:33:45,24,46,local
2026-08-06 10:33:47,25,44,remote
2026-08-06 10:33:47,24,46,local
2026-08-06 10:33:49,25,44,remote
2026-08-06 10:33:49,24,46,local
2026-08-06 10:33:51,24,46,local
2026-08-06 10:33:51,25,44,remote
2026-08-06 10:33:53,24,46,local
2026-08-06 10:33:53,25,44,remote
2026-08-06 10:33:55,25,44,remote
2026-08-06 10:33:57,24,46,local
2026-08-06 10:33:57,25,44,remote
2026-08-06 10:33:59,24,46,local
2026-08-06 10:33:59,25,44,remote
2026-08-06 10:34:01,24,46,local
2026-08-06 10:34:01,25,44,remote
2026-08-06 10:34:03,24,46,local
2026-08-06 10:34:03,25,44,remote
2026-08-06 10:34:05,24,46,local
2026-08-06 10:34:05,25,44,remote
2026-08-06 10:34:07,24,46,local
2026-08-06 10:34:07,25,44,remote
2026-08-06 10:34:09,24,46,local
2026-08-06 10:34:09,25,44,remote
2026-08-06 10:34:11,24,46,local
2026-08-06 10:34:11,25,44,remote
2026-08-06 10:34:13,24,46,local
2026-08-06 10:34:13,25,44,remote
2026-08-06 10:34:15,24,46,local
2026-08-06 10:34:15,25,44,remote
2026-08-06 10:34:17,24,46,local
2026-08-06 10:34:17,25,44,remote
2026-08-06 10:34:19,24,46,local
2026-08-06 10:34:19,25,44,remote
2026-08-06 10:34:21,24,46,local
2026-08-06 10:34:21,25,44,remote
2026-08-06 10:34:23,24,46,local
2026-08-06 10:34:23,25,44,remote
2026-08-06 10:34:25,24,46,local
2026-08-06 10:34:26,25,44,remote
2026-08-06 10:34:27,24,47,local
2026-08-06 10:34:28,25,44,remote
2026-08-06 10:34:29,24,47,local
2026-08-06 10:34:30,25,44,remote
2026-08-06 10:34:31,24,47,local
2026-08-06 10:34:32,25,44,remote
2026-08-06 10:34:34,24,47,local
2026-08-06 10:34:34,25,44,remote
2026-08-06 10:34:36,24,47,local
2026-08-06 10:34:36,25,44,remote
2026-08-06 10:34:38,24,47,local
2026-08-06 10:34:38,25,44,remote
2026-08-06 10:34:40,24,47,local
2026-08-06 10:34:40,25,44,remote
2026-08-06 10:34:42,24,47,local
2026-08-06 10:34:42,25,44,remote
2026-08-06 10:34:44,24,46,local
2026-08-06 10:34:44,25,44,remote
2026-08-06 10:34:46,24,46,local
2026-08-06 10:34:46,25,44,remote
2026-08-06 10:34:48,24,46,local
2026-08-06 10:34:48,25,44,remote
2026-08-06 10:34:50,24,46,local
2026-08-06 10:34:50,25,44,remote
2026-08-06 10:34:52,24,46,local
2026-08-06 10:34:52,25,44,remote
2026-08-06 10:34:54,24,46,local
2026-08-06 10:34:54,25,44,remote
2026-08-06 10:34:56,24,46,local
2026-08-06 10:34:56,25,44,remote
2026-08-06 10:34:58,24,46,local
2026-08-06 10:34:58,25,44,remote
2026-08-06 10:35:00,24,46,local
2026-08-06 10:35:00,25,44,remote
2026-08-06 10:35:02,24,46,local
2026-08-06 10:35:02,25,44,remote
2026-08-06 10:35:04,24,47,local
2026-08-06 10:35:04,25,44,remote
2026-08-06 10:35:06,24,47,local
2026-08-06 10:35:06,25,44,remote
2026-08-06 10:35:08,24,47,local
2026-08-06 10:35:08,25,44,remote
2026-08-06 10:35:10,24,47,local
2026-08-06 10:35:10,25,44,remote
2026-08-06 10:35:12,24,47,local
2026-08-06 10:35:12,25,44,remote
2026-08-06 10:35:14,24,47,local
2026-08-06 10:35:14,25,44,remote
2026-08-06 10:35:16,24,47,local
2026-08-06 10:35:16,25,44,remote
2026-08-06 10:35:18,24,47,local
2026-08-06 10:35:18,25,44,remote
2026-08-06 10:35:20,24,47,local
2026-08-06 10:35:20,25,44,remote
2026-08-06 10:35:22,24,47,local
2026-08-06 10:35:22,25,44,remote
2026-08-06 10:35:24,24,47,local
2026-08-06 10:35:24,25,44,remote
2026-08-06 10:35:26,24,47,local
2026-08-06 10:35:26,25,44,remote
2026-08-06 10:35:28,24,47,local
2026-08-06 10:35:28,25,44,remote
2026-08-06 10:35:30,24,46,local
2026-08-06 10:35:30,25,44,remote
2026-08-06 10:35:32,24,46,local
2026-08-06 10:35:33,25,44,remote
2026-08-06 10:35:34,24,46,local
2026-08-06 10:35:35,25,44,remote
2026-08-06 10:35:36,24,46,local
2026-08-06 10:35:37,25,44,remote
2026-08-06 10:35:38,24,46,local
2026-08-06 10:35:39,25,44,remote
2026-08-06 10:35:40,24,46,local
2026-08-06 10:35:41,25,44,remote
2026-08-06 10:35:42,24,46,local
2026-08-06 10:35:43,25,44,remote
2026-08-06 10:35:44,24,46,local
2026-08-06 10:35:45,25,44,remote
2026-08-06 10:35:46,24,46,local
2026-08-06 10:35:47,25,44,remote
2026-08-06 10:35:48,24,46,local
2026-08-06 10:35:49,25,44,remote
2026-08-06 10:35:50,24,46,local
2026-08-06 10:35:51,25,44,remote
2026-08-06 10:35:52,24,46,local
2026-08-06 10:35:53,25,44,remote
2026-08-06 10:35:54,24,46,local
2026-08-06 10:35:55,25,44,remote
2026-08-06 10:35:56,24,46,local
2026-08-06 10:35:57,25,44,remote
2026-08-06 10:35:58,24,46,local
2026-08-06 10:35:59,25,44,remote
2026-08-06 10:36:01,24,46,local
2026-08-06 10:36:01,25,44,remote
2026-08-06 10:36:03,24,46,local
2026-08-06 10:36:03,25,44,remote
2026-08-06 10:36:05,24,46,local
2026-08-06 10:36:05,25,44,remote
2026-08-06 10:36:07,24,46,local
2026-08-06 10:36:07,25,44,remote
2026-08-06 10:36:09,24,46,local
2026-08-06 10:36:09,25,44,remote
2026-08-06 10:36:11,24,46,local
2026-08-06 10:36:11,25,44,remote
2026-08-06 10:36:13,24,46,local
2026-08-06 10:36:13,25,44,remote
2026-08-06 10:36:15,24,46,local
2026-08-06 10:36:15,25,44,remote
2026-08-06 10:36:17,24,46,local
2026-08-06 10:36:17,25,44,remote
2026-08-06 10:36:19,24,46,local
2026-08-06 10:36:19,25,44,remote
2026-08-06 10:36:21,24,46,local
2026-08-06 10:36:21,25,44,remote
2026-08-06 10:36:23,24,46,local
2026-08-06 10:36:23,25,44,remote
2026-08-06 10:36:25,24,46,local
2026-08-06 10:36:25,25,44,remote
2026-08-06 10:36:27,24,46,local
2026-08-06 10:36:27,25,44,remote
2026-08-06 10:36:29,24,46,local
2026-08-06 10:36:29,25,44,remote
2026-08-06 10:36:31,24,46,local
2026-08-06 10:36:31,25,44,remote
2026-08-06 10:36:33,24,46,local
2026-08-06 10:36:33,25,44,remote
2026-08-06 10:36:35,24,46,local
2026-08-06 10:36:35,25,44,remote
2026-08-06 10:36:37,24,46,local
2026-08-06 10:36:37,25,44,remote
2026-08-06 10:36:39,24,46,local
2026-08-06 10:36:40,25,44,remote
2026-08-06 10:36:41,24,46,local
2026-08-06 10:36:42,25,44,remote
2026-08-06 10:36:43,24,47,local
2026-08-06 10:36:44,25,44,remote
2026-08-06 10:36:45,24,47,local
2026-08-06 10:36:46,25,44,remote
2026-08-06 10:36:47,24,47,local
2026-08-06 10:36:48,25,44,remote
2026-08-06 10:36:49,24,46,local
2026-08-06 10:36:50,25,44,remote
2026-08-06 10:36:51,24,46,local
2026-08-06 10:36:52,25,44,remote
2026-08-06 10:36:53,24,46,local
2026-08-06 10:36:54,25,44,remote
2026-08-06 10:36:55,24,46,local
2026-08-06 10:36:56,25,44,remote
2026-08-06 10:36:57,24,46,local
2026-08-06 10:36:58,25,44,remote
2026-08-06 10:36:59,24,46,local
2026-08-06 10:37:00,25,44,remote
2026-08-06 10:37:01,24,46,local
2026-08-06 10:37:02,25,44,remote
2026-08-06 10:37:03,24,46,local
2026-08-06 10:37:04,25,44,remote
2026-08-06 10:37:05,24,46,local
2026-08-06 10:37:06,25,44,remote
2026-08-06 10:37:07,24,46,local
2026-08-06 10:37:08,25,44,remote
2026-08-06 10:37:09,24,46,local
2026-08-06 10:37:10,25,44,remote
2026-08-06 10:37:11,24,46,local
2026-08-06 10:37:12,25,44,remote
2026-08-06 10:37:13,24,46,local
2026-08-06 10:37:14,25,44,remote
2026-08-06 10:37:15,24,46,local
2026-08-06 10:37:16,25,44,remote
2026-08-06 10:37:17,24,46,local
2026-08-06 10:37:18,25,44,remote
2026-08-06 10:37:19,24,46,local
2026-08-06 10:37:20,25,44,remote
2026-08-06 10:37:21,24,46,local
2026-08-06 10:37:22,25,44,remote
2026-08-06 10:37:23,24,46,local
2026-08-06 10:37:24,25,44,remote
2026-08-06 10:37:25,24,46,local
2026-08-06 10:37:26,25,44,remote
2026-08-06 10:37:28,24,46,local
2026-08-06 10:37:28,25,44,remote
2026-08-06 10:37:30,24,46,local
2026-08-06 10:37:30,25,44,remote
2026-08-06 10:37:32,24,46,local
2026-08-06 10:37:32,25,44,remote
2026-08-06 10:37:34,24,46,local
2026-08-06 10:37:34,25,44,remote
2026-08-06 10:37:36,24,46,local
2026-08-06 10:37:36,25,44,remote
2026-08-06 10:37:38,24,46,local
2026-08-06 10:37:38,25,44,remote
2026-08-06 10:37:40,24,46,local
2026-08-06 10:37:40,25,44,remote
2026-08-06 10:37:42,24,46,local
2026-08-06 10:37:42,25,44,remote
2026-08-06 10:37:44,24,46,local
2026-08-06 10:37:45,25,44,remote
2026-08-06 10:37:46,24,46,local
2026-08-06 10:37:47,25,44,remote
2026-08-06 10:37:48,24,46,local
2026-08-06 10:37:49,25,44,remote
2026-08-06 10:37:50,24,46,local
2026-08-06 10:37:51,25,44,remote
2026-08-06 10:37:52,24,47,local
2026-08-06 10:37:53,25,44,remote
2026-08-06 10:37:54,24,47,local
2026-08-06 10:37:55,25,44,remote
2026-08-06 10:37:56,24,47,local
2026-08-06 10:37:57,25,44,remote
2026-08-06 10:37:58,24,46,local
2026-08-06 10:37:59,25,44,remote
2026-08-06 10:38:00,24,46,local
2026-08-06 10:38:01,25,44,remote
2026-08-06 10:38:02,24,46,local
2026-08-06 10:38:03,25,44,remote
2026-08-06 10:38:04,24,46,local
2026-08-06 10:38:05,25,44,remote
2026-08-06 10:38:06,24,46,local
2026-08-06 10:38:07,25,44,remote
2026-08-06 10:38:08,24,46,local
2026-08-06 10:38:09,25,44,remote
2026-08-06 10:38:10,24,46,local
2026-08-06 10:38:11,25,44,remote
2026-08-06 10:38:12,24,46,local
2026-08-06 10:38:13,25,44,remote
2026-08-06 10:38:14,24,46,local
2026-08-06 10:38:15,25,44,remote
2026-08-06 10:38:16,24,46,local
2026-08-06 10:38:17,25,44,remote
2026-08-06 10:38:18,24,46,local
2026-08-06 10:38:19,25,44,remote
2026-08-06 10:38:20,24,46,local
2026-08-06 10:38:21,25,44,remote
2026-08-06 10:38:22,24,46,local
2026-08-06 10:38:23,25,44,remote
2026-08-06 10:38:24,24,46,local
2026-08-06 10:38:25,25,44,remote
2026-08-06 10:38:26,24,46,local
2026-08-06 10:38:27,25,44,remote
2026-08-06 10:38:28,24,46,local
2026-08-06 10:38:29,25,44,remote
2026-08-06 10:38:30,24,46,local
2026-08-06 10:38:31,25,44,remote
2026-08-06 10:38:32,24,46,local
2026-08-06 10:38:33,25,44,remote
2026-08-06 10:38:34,24,46,local
2026-08-06 10:38:35,25,44,remote
2026-08-06 10:38:36,24,46,local
2026-08-06 10:38:37,25,44,remote
2026-08-06 10:38:38,24,46,local
2026-08-06 10:38:39,25,44,remote
2026-08-06 10:38:40,24,46,local
2026-08-06 10:38:41,25,44,remote
2026-08-06 10:38:42,24,46,local
2026-08-06 10:38:43,25,44,remote
2026-08-06 10:38:44,24,46,local
2026-08-06 10:38:45,25,44,remote
2026-08-06 10:38:46,24,46,local
2026-08-06 10:38:47,25,44,remote
2026-08-06 10:38:48,24,46,local
2026-08-06 10:38:49,25,44,remote
2026-08-06 10:38:50,24,46,local
2026-08-06 10:38:52,25,44,remote
2026-08-06 10:38:52,24,46,local
2026-08-06 10:38:54,25,44,remote
2026-08-06 10:38:55,24,46,local
2026-08-06 10:38:56,25,44,remote
2026-08-06 10:38:57,24,46,local
2026-08-06 10:38:58,25,44,remote
2026-08-06 10:38:59,24,46,local
2026-08-06 10:39:00,25,44,remote
2026-08-06 10:39:01,24,46,local
2026-08-06 10:39:02,25,44,remote
2026-08-06 10:39:03,24,46,local
2026-08-06 10:39:04,25,44,remote
2026-08-06 10:39:05,24,46,local
2026-08-06 10:39:06,25,44,remote
2026-08-06 10:39:07,24,46,local
2026-08-06 10:39:08,25,44,remote
2026-08-06 10:39:09,24,46,local
2026-08-06 10:39:10,25,44,remote
2026-08-06 10:39:11,24,46,local
2026-08-06 10:39:12,25,44,remote
2026-08-06 10:39:13,24,46,local
2026-08-06 10:39:14,25,44,remote
2026-08-06 10:39:15,24,46,local
2026-08-06 10:39:16,25,44,remote
2026-08-06 10:39:17,24,46,local
2026-08-06 10:39:18,25,44,remote
2026-08-06 10:39:19,24,46,local
2026-08-06 10:39:20,25,44,remote
2026-08-06 10:39:21,24,46,local
2026-08-06 10:39:22,25,44,remote
2026-08-06 10:39:23,24,46,local
2026-08-06 10:39:24,25,44,remote
2026-08-06 10:39:25,24,46,local
2026-08-06 10:39:26,25,44,remote
2026-08-06 10:39:27,24,46,local
2026-08-06 10:39:28,25,44,remote
2026-08-06 10:39:29,24,46,local
2026-08-06 10:39:30,25,44,remote
2026-08-06 10:39:31,24,46,local
2026-08-06 10:39:32,25,44,remote
2026-08-06 10:39:33,24,46,local
2026-08-06 10:39:34,25,44,remote
2026-08-06 10:39:35,24,46,local
2026-08-06 10:39:36,25,44,remote
2026-08-06 10:39:37,24,46,local
2026-08-06 10:39:38,25,44,remote
2026-08-06 10:39:39,24,46,local
2026-08-06 10:39:40,25,44,remote
2026-08-06 10:39:41,24,46,local
2026-08-06 10:39:42,25,44,remote
2026-08-06 10:39:43,24,46,local
2026-08-06 10:39:44,25,44,remote
2026-08-06 10:39:45,24,46,local
2026-08-06 10:39:46,25,44,remote
2026-08-06 10:39:47,24,46,local
2026-08-06 10:39:48,25,44,remote
2026-08-06 10:39:49,24,46,local
2026-08-06 10:39:50,25,44,remote
2026-08-06 10:39:51,24,46,local
2026-08-06 10:39:52,25,44,remote
2026-08-06 10:39:53,24,46,local
2026-08-06 10:39:54,25,44,remote
2026-08-06 10:39:55,24,46,local
2026-08-06 10:39:56,25,44,remote
2026-08-06 10:39:57,24,46,local
2026-08-06 10:39:59,25,44,remote
2026-08-06 10:39:59,24,46,local
2026-08-06 10:40:01,25,44,remote
2026-08-06 10:40:01,24,46,local
2026-08-06 10:40:03,25,44,remote
2026-08-06 10:40:03,24,46,local
2026-08-06 10:40:05,25,44,remote
2026-08-06 10:40:05,24,46,local
2026-08-06 10:40:07,25,44,remote
2026-08-06 10:40:07,24,46,local
2026-08-06 10:40:09,25,44,remote
2026-08-06 10:40:09,24,46,local
2026-08-06 10:40:11,25,44,remote
2026-08-06 10:40:11,24,46,local
2026-08-06 10:40:13,25,44,remote
2026-08-06 10:40:13,24,46,local
2026-08-06 10:40:15,25,44,remote
2026-08-06 10:40:15,24,46,local
2026-08-06 10:40:17,25,44,remote
2026-08-06 10:40:17,24,46,local
2026-08-06 10:40:19,25,44,remote
2026-08-06 10:40:19,24,46,local
2026-08-06 10:40:21,25,44,remote
2026-08-06 10:40:22,24,46,local
2026-08-06 10:40:23,25,44,remote
2026-08-06 10:40:24,24,46,local
2026-08-06 10:40:25,25,44,remote
2026-08-06 10:40:26,24,46,local
2026-08-06 10:40:27,25,44,remote
2026-08-06 10:40:28,24,46,local
2026-08-06 10:40:29,25,44,remote
2026-08-06 10:40:30,24,46,local
2026-08-06 10:40:31,25,44,remote
2026-08-06 10:40:32,24,46,local
2026-08-06 10:40:33,25,44,remote
2026-08-06 10:40:34,24,46,local
2026-08-06 10:40:35,25,44,remote
2026-08-06 10:40:36,24,46,local
2026-08-06 10:40:37,25,44,remote
2026-08-06 10:40:38,24,46,local
2026-08-06 10:40:39,25,44,remote
2026-08-06 10:40:40,24,46,local
2026-08-06 10:40:41,25,44,remote
2026-08-06 10:40:42,24,46,local
2026-08-06 10:40:43,25,44,remote
2026-08-06 10:40:44,24,46,local
2026-08-06 10:40:45,25,44,remote
2026-08-06 10:40:46,24,46,local
2026-08-06 10:40:47,25,44,remote
2026-08-06 10:40:48,24,46,local
2026-08-06 10:40:49,25,44,remote
2026-08-06 10:40:50,24,46,local
2026-08-06 10:40:51,25,44,remote
2026-08-06 10:40:52,24,46,local
2026-08-06 10:40:53,25,44,remote
2026-08-06 10:40:54,24,46,local
2026-08-06 10:40:55,25,44,remote
2026-08-06 10:40:56,24,46,local
2026-08-06 10:40:57,25,44,remote
2026-08-06 10:40:58,24,46,local
2026-08-06 10:40:59,25,44,remote
2026-08-06 10:41:00,24,46,local
2026-08-06 10:41:01,25,44,remote
2026-08-06 10:41:02,24,46,local
2026-08-06 10:41:03,25,44,remote
2026-08-06 10:41:04,24,46,local
2026-08-06 10:41:06,25,44,remote
2026-08-06 10:41:06,24,46,local
2026-08-06 10:41:08,25,44,remote
2026-08-06 10:41:08,24,46,local
2026-08-06 10:41:10,25,44,remote
2026-08-06 10:41:10,24,46,local
2026-08-06 10:41:12,25,44,remote
2026-08-06 10:41:12,24,46,local
2026-08-06 10:41:14,25,44,remote
2026-08-06 10:41:14,24,46,local
2026-08-06 10:41:16,25,44,remote
2026-08-06 10:41:16,24,46,local
2026-08-06 10:41:18,25,44,remote
2026-08-06 10:41:18,24,46,local
2026-08-06 10:41:20,25,44,remote
2026-08-06 10:41:20,24,46,local
2026-08-06 10:41:22,25,44,remote
2026-08-06 10:41:22,24,46,local
2026-08-06 10:41:24,25,44,remote
2026-08-06 10:41:24,24,46,local
2026-08-06 10:41:26,25,44,remote
2026-08-06 10:41:26,24,46,local
2026-08-06 10:41:28,25,44,remote
2026-08-06 10:41:28,24,46,local
2026-08-06 10:41:30,25,44,remote
2026-08-06 10:41:30,24,46,local
2026-08-06 10:41:32,25,44,remote
2026-08-06 10:41:32,24,46,local
2026-08-06 10:41:34,25,44,remote
2026-08-06 10:41:34,24,46,local
2026-08-06 10:41:36,25,44,remote
2026-08-06 10:41:36,24,46,local
2026-08-06 10:41:38,25,44,remote
2026-08-06 10:41:38,24,46,local
2026-08-06 10:41:40,25,44,remote
2026-08-06 10:41:40,24,46,local
2026-08-06 10:41:42,25,44,remote
2026-08-06 10:41:42,24,46,local
2026-08-06 10:41:44,25,44,remote
2026-08-06 10:41:44,24,46,local
2026-08-06 10:41:46,25,44,remote
2026-08-06 10:41:46,24,46,local
2026-08-06 10:41:48,25,44,remote
2026-08-06 10:41:49,24,46,local
2026-08-06 10:41:50,25,44,remote
2026-08-06 10:41:51,24,46,local
2026-08-06 10:41:52,25,44,remote
2026-08-06 10:41:53,24,46,local
2026-08-06 10:41:54,25,44,remote
2026-08-06 10:41:55,24,46,local
2026-08-06 10:41:56,25,44,remote
2026-08-06 10:41:57,24,46,local
2026-08-06 10:41:58,25,44,remote
2026-08-06 10:41:59,24,46,local
2026-08-06 10:42:00,25,44,remote
2026-08-06 10:42:01,24,46,local
2026-08-06 10:42:02,25,44,remote
2026-08-06 10:42:03,24,46,local
2026-08-06 10:42:04,25,44,remote
2026-08-06 10:42:05,24,46,local
2026-08-06 10:42:06,25,44,remote
2026-08-06 10:42:07,24,46,local
2026-08-06 10:42:08,25,44,remote
2026-08-06 10:42:09,24,46,local
2026-08-06 10:42:10,25,44,remote
2026-08-06 10:42:11,24,46,local
2026-08-06 10:42:13,25,44,remote
2026-08-06 10:42:13,24,46,local
2026-08-06 10:42:15,25,44,remote
2026-08-06 10:42:15,24,46,local
2026-08-06 10:42:17,25,44,remote
2026-08-06 10:42:17,24,46,local
2026-08-06 10:42:19,25,44,remote
2026-08-06 10:42:19,24,46,local
2026-08-06 10:42:21,25,44,remote
2026-08-06 10:42:21,24,46,local
2026-08-06 10:42:23,25,44,remote
2026-08-06 10:42:23,24,46,local
2026-08-06 10:42:25,25,44,remote
2026-08-06 10:42:25,24,46,local
2026-08-06 10:42:27,25,44,remote
2026-08-06 10:42:27,24,46,local
2026-08-06 10:42:29,25,44,remote
2026-08-06 10:42:29,24,46,local
2026-08-06 10:42:31,25,44,remote
2026-08-06 10:42:31,24,46,local
2026-08-06 10:42:33,25,44,remote
2026-08-06 10:42:33,24,46,local
2026-08-06 10:42:35,25,44,remote
2026-08-06 10:42:35,24,46,local
2026-08-06 10:42:37,25,44,remote
2026-08-06 10:42:37,24,46,local
2026-08-06 10:42:39,25,44,remote
2026-08-06 10:42:39,24,46,local
2026-08-06 10:42:41,25,44,remote
2026-08-06 10:42:41,24,46,local
2026-08-06 10:42:43,25,44,remote
2026-08-06 10:42:43,24,46,local
2026-08-06 10:42:45,25,44,remote
2026-08-06 10:42:45,24,46,local
2026-08-06 10:42:47,25,44,remote
2026-08-06 10:42:47,24,46,local
2026-08-06 10:42:49,25,44,remote
2026-08-06 10:42:49,24,46,local
2026-08-06 10:42:51,25,44,remote
2026-08-06 10:42:51,24,46,local
2026-08-06 10:42:53,25,44,remote
2026-08-06 10:42:53,24,46,local
2026-08-06 10:42:55,25,44,remote
2026-08-06 10:42:55,24,46,local
2026-08-06 10:42:57,25,44,remote
2026-08-06 10:42:57,24,46,local
2026-08-06 10:42:59,25,44,remote
2026-08-06 10:42:59,24,46,local
2026-08-06 10:43:01,25,44,remote
2026-08-06 10:43:01,24,46,local
2026-08-06 10:43:03,25,44,remote
2026-08-06 10:43:03,24,46,local
2026-08-06 10:43:05,25,44,remote
2026-08-06 10:43:05,24,46,local
2026-08-06 10:43:07,25,44,remote
2026-08-06 10:43:07,24,46,local
2026-08-06 10:43:09,25,44,remote
2026-08-06 10:43:09,24,46,local
2026-08-06 10:43:11,25,44,remote
2026-08-06 10:43:11,24,46,local
2026-08-06 10:43:13,25,44,remote
2026-08-06 10:43:13,24,46,local
2026-08-06 10:43:15,25,44,remote
2026-08-06 10:43:16,24,46,local
2026-08-06 10:43:17,25,44,remote
2026-08-06 10:43:18,24,46,local
2026-08-06 10:43:20,25,44,remote
2026-08-06 10:43:20,24,46,local
2026-08-06 10:43:22,25,44,remote
2026-08-06 10:43:22,24,46,local
2026-08-06 10:43:24,25,44,remote
2026-08-06 10:43:24,24,46,local
2026-08-06 10:43:26,25,44,remote
2026-08-06 10:43:26,24,46,local
2026-08-06 10:43:28,25,44,remote
2026-08-06 10:43:28,24,46,local
2026-08-06 10:43:30,24,46,local
2026-08-06 10:43:30,25,44,remote
2026-08-06 10:43:32,24,46,local
2026-08-06 10:43:32,25,44,remote
2026-08-06 10:43:34,25,44,remote
2026-08-06 10:43:36,24,46,local
2026-08-06 10:43:36,25,44,remote
2026-08-06 10:43:38,24,46,local
2026-08-06 10:43:38,25,44,remote
2026-08-06 10:43:40,24,46,local
2026-08-06 10:43:40,25,44,remote
2026-08-06 10:43:42,24,46,local
2026-08-06 10:43:42,25,44,remote
2026-08-06 10:43:44,24,46,local
2026-08-06 10:43:44,25,44,remote
2026-08-06 10:43:46,24,46,local
2026-08-06 10:43:46,25,44,remote
2026-08-06 10:43:48,24,46,local
2026-08-06 10:43:48,25,44,remote
2026-08-06 10:43:50,24,46,local
2026-08-06 10:43:50,25,44,remote
2026-08-06 10:43:52,24,46,local
2026-08-06 10:43:52,25,44,remote
2026-08-06 10:43:54,24,46,local
2026-08-06 10:43:54,25,44,remote
2026-08-06 10:43:56,24,46,local
2026-08-06 10:43:56,25,44,remote
2026-08-06 10:43:58,24,46,local
2026-08-06 10:43:58,25,44,remote
2026-08-06 10:44:00,24,46,local
2026-08-06 10:44:00,25,44,remote
2026-08-06 10:44:02,24,46,local
2026-08-06 10:44:02,25,44,remote
2026-08-06 10:44:04,24,46,local
2026-08-06 10:44:04,25,44,remote
2026-08-06 10:44:06,24,46,local
2026-08-06 10:44:06,25,44,remote
2026-08-06 10:44:08,24,46,local
2026-08-06 10:44:08,25,44,remote
2026-08-06 10:44:10,24,46,local
2026-08-06 10:44:10,25,44,remote
2026-08-06 10:44:12,24,46,local
2026-08-06 10:44:12,25,44,remote
2026-08-06 10:44:14,24,46,local
2026-08-06 10:44:14,25,45,remote
2026-08-06 10:44:16,24,46,local
2026-08-06 10:44:16,25,45,remote
2026-08-06 10:44:18,24,46,local
2026-08-06 10:44:18,25,45,remote
2026-08-06 10:44:20,24,46,local
2026-08-06 10:44:20,25,45,remote
2026-08-06 10:44:22,24,46,local
2026-08-06 10:44:22,25,45,remote
2026-08-06 10:44:24,24,46,local
2026-08-06 10:44:24,25,45,remote
2026-08-06 10:44:26,24,46,local
2026-08-06 10:44:27,25,45,remote
2026-08-06 10:44:28,24,46,local
2026-08-06 10:44:29,25,45,remote
2026-08-06 10:44:30,24,46,local
2026-08-06 10:44:31,25,45,remote
2026-08-06 10:44:32,24,46,local
2026-08-06 10:44:33,25,45,remote
2026-08-06 10:44:34,24,46,local
2026-08-06 10:44:35,25,45,remote
2026-08-06 10:44:36,24,46,local
2026-08-06 10:44:37,25,45,remote
2026-08-06 10:44:38,24,46,local
2026-08-06 10:44:39,25,45,remote
2026-08-06 10:44:40,24,46,local
2026-08-06 10:44:41,25,45,remote
2026-08-06 10:44:43,24,46,local
2026-08-06 10:44:43,25,45,remote
2026-08-06 10:44:45,24,46,local
2026-08-06 10:44:45,25,45,remote
2026-08-06 10:44:47,24,46,local
2026-08-06 10:44:47,25,45,remote
2026-08-06 10:44:49,24,46,local
2026-08-06 10:44:49,25,45,remote
2026-08-06 10:44:51,24,46,local
2026-08-06 10:44:51,25,45,remote
2026-08-06 10:44:53,24,46,local
2026-08-06 10:44:53,25,45,remote
2026-08-06 10:44:55,24,46,local
2026-08-06 10:44:55,25,45,remote
2026-08-06 10:44:57,24,46,local
2026-08-06 10:44:57,25,45,remote
2026-08-06 10:44:59,24,46,local
2026-08-06 10:44:59,25,45,remote
2026-08-06 10:45:01,24,46,local
2026-08-06 10:45:01,25,45,remote
2026-08-06 10:45:03,24,46,local
2026-08-06 10:45:03,25,45,remote
2026-08-06 10:45:05,24,46,local
2026-08-06 10:45:05,25,45,remote
2026-08-06 10:45:07,24,46,local
2026-08-06 10:45:07,25,45,remote
2026-08-06 10:45:09,24,46,local
2026-08-06 10:45:09,25,45,remote
2026-08-06 10:45:11,24,46,local
2026-08-06 10:45:11,25,45,remote
2026-08-06 10:45:13,24,46,local
2026-08-06 10:45:13,25,45,remote
2026-08-06 10:45:15,24,46,local
2026-08-06 10:45:15,25,45,remote
2026-08-06 10:45:17,24,46,local
2026-08-06 10:45:17,25,45,remote
2026-08-06 10:45:19,24,46,local
2026-08-06 10:45:19,25,45,remote
2026-08-06 10:45:21,24,46,local
2026-08-06 10:45:21,25,45,remote
2026-08-06 10:45:23,24,46,local
2026-08-06 10:45:23,25,45,remote
2026-08-06 10:45:25,24,46,local
2026-08-06 10:45:25,25,45,remote
2026-08-06 10:45:27,24,46,local
2026-08-06 10:45:27,25,45,remote
2026-08-06 10:45:29,24,46,local
2026-08-06 10:45:29,25,45,remote
2026-08-06 10:45:31,24,46,local
2026-08-06 10:45:31,25,45,remote
2026-08-06 10:45:33,24,46,local
2026-08-06 10:45:34,25,45,remote
2026-08-06 10:45:35,24,46,local
2026-08-06 10:45:36,25,45,remote
2026-08-06 10:45:37,24,46,local
2026-08-06 10:45:38,25,45,remote
2026-08-06 10:45:39,24,46,local
2026-08-06 10:45:40,25,44,remote
2026-08-06 10:45:41,24,46,local
2026-08-06 10:45:42,25,44,remote
2026-08-06 10:45:43,24,46,local
2026-08-06 10:45:44,25,44,remote
2026-08-06 10:45:45,24,46,local
2026-08-06 10:45:46,25,44,remote
2026-08-06 10:45:47,24,46,local
2026-08-06 10:45:48,25,44,remote
2026-08-06 10:45:49,24,46,local
2026-08-06 10:45:50,25,44,remote
2026-08-06 10:45:51,24,46,local
2026-08-06 10:45:52,25,44,remote
2026-08-06 10:45:53,24,46,local
2026-08-06 10:45:54,25,44,remote
2026-08-06 10:45:55,24,46,local
2026-08-06 10:45:56,25,44,remote
2026-08-06 10:45:57,24,46,local
2026-08-06 10:45:58,25,44,remote
2026-08-06 10:45:59,24,46,local
2026-08-06 10:46:00,25,44,remote
2026-08-06 10:46:01,24,46,local
2026-08-06 10:46:02,25,44,remote
2026-08-06 10:46:03,24,46,local
2026-08-06 10:46:04,25,44,remote
2026-08-06 10:46:05,24,46,local
2026-08-06 10:46:06,25,45,remote
2026-08-06 10:46:07,24,46,local
2026-08-06 10:46:08,25,45,remote
2026-08-06 10:46:10,24,46,local
2026-08-06 10:46:10,25,45,remote
2026-08-06 10:46:12,24,46,local
2026-08-06 10:46:12,25,45,remote
2026-08-06 10:46:14,24,46,local
2026-08-06 10:46:14,25,45,remote
2026-08-06 10:46:16,24,46,local
2026-08-06 10:46:16,25,45,remote
2026-08-06 10:46:18,24,46,local
2026-08-06 10:46:18,25,45,remote
2026-08-06 10:46:20,24,46,local
2026-08-06 10:46:20,25,45,remote
2026-08-06 10:46:22,24,46,local
2026-08-06 10:46:22,25,45,remote
2026-08-06 10:46:24,24,46,local
2026-08-06 10:46:24,25,45,remote
2026-08-06 10:46:26,24,46,local
2026-08-06 10:46:26,25,45,remote
2026-08-06 10:46:28,24,46,local
2026-08-06 10:46:28,25,45,remote
2026-08-06 10:46:30,24,46,local
2026-08-06 10:46:30,25,45,remote
2026-08-06 10:46:32,24,46,local
2026-08-06 10:46:32,25,45,remote
2026-08-06 10:46:34,24,46,local
2026-08-06 10:46:34,25,45,remote
2026-08-06 10:46:36,24,46,local
2026-08-06 10:46:36,25,45,remote
2026-08-06 10:46:38,24,46,local
2026-08-06 10:46:38,25,45,remote
2026-08-06 10:46:40,24,46,local
2026-08-06 10:46:41,25,45,remote
2026-08-06 10:46:42,24,46,local
2026-08-06 10:46:43,25,45,remote
2026-08-06 10:46:44,24,46,local
2026-08-06 10:46:45,25,45,remote
2026-08-06 10:46:46,24,46,local
2026-08-06 10:46:47,25,45,remote
2026-08-06 10:46:48,24,46,local
2026-08-06 10:46:49,25,45,remote
2026-08-06 10:46:50,24,46,local
2026-08-06 10:46:51,25,45,remote
2026-08-06 10:46:52,24,46,local
2026-08-06 10:46:53,25,45,remote
2026-08-06 10:46:54,24,46,local
2026-08-06 10:46:55,25,45,remote
2026-08-06 10:46:56,24,46,local
2026-08-06 10:46:57,25,44,remote
2026-08-06 10:46:58,24,46,local
2026-08-06 10:46:59,25,44,remote
2026-08-06 10:47:00,24,46,local
2026-08-06 10:47:01,25,44,remote
2026-08-06 10:47:02,24,46,local
2026-08-06 10:47:03,25,44,remote
2026-08-06 10:47:04,24,46,local
2026-08-06 10:47:05,25,44,remote
2026-08-06 10:47:06,24,46,local
2026-08-06 10:47:07,25,44,remote
2026-08-06 10:47:08,24,46,local
2026-08-06 10:47:09,25,44,remote
2026-08-06 10:47:10,24,46,local
2026-08-06 10:47:11,25,44,remote
2026-08-06 10:47:12,24,46,local
2026-08-06 10:47:13,25,44,remote
2026-08-06 10:47:14,24,46,local
2026-08-06 10:47:15,25,44,remote
2026-08-06 10:47:16,24,46,local
2026-08-06 10:47:17,25,44,remote
2026-08-06 10:47:18,24,46,local
2026-08-06 10:47:19,25,44,remote
2026-08-06 10:47:20,24,46,local
2026-08-06 10:47:21,25,44,remote
2026-08-06 10:47:22,24,46,local
2026-08-06 10:47:23,25,44,remote
2026-08-06 10:47:24,24,46,local
2026-08-06 10:47:25,25,44,remote
2026-08-06 10:47:26,24,46,local
2026-08-06 10:47:27,25,44,remote
2026-08-06 10:47:28,24,46,local
2026-08-06 10:47:29,25,44,remote
2026-08-06 10:47:30,24,46,local
2026-08-06 10:47:31,25,44,remote
2026-08-06 10:47:32,24,46,local
2026-08-06 10:47:33,25,44,remote
2026-08-06 10:47:35,24,46,local
2026-08-06 10:47:35,25,44,remote
2026-08-06 10:47:37,24,46,local
2026-08-06 10:47:37,25,44,remote
2026-08-06 10:47:39,24,46,local
2026-08-06 10:47:39,25,44,remote
2026-08-06 10:47:41,24,46,local
2026-08-06 10:47:41,25,44,remote
2026-08-06 10:47:43,24,46,local
2026-08-06 10:47:43,25,44,remote
2026-08-06 10:47:45,24,46,local
2026-08-06 10:47:45,25,44,remote
2026-08-06 10:47:47,24,46,local
2026-08-06 10:47:48,25,44,remote
2026-08-06 10:47:49,24,46,local
2026-08-06 10:47:50,25,44,remote
2026-08-06 10:47:51,24,46,local
2026-08-06 10:47:52,25,44,remote
2026-08-06 10:47:53,24,46,local
2026-08-06 10:47:54,25,44,remote
2026-08-06 10:47:55,24,46,local
2026-08-06 10:47:56,25,44,remote
2026-08-06 10:47:57,24,46,local
2026-08-06 10:47:58,25,44,remote
2026-08-06 10:47:59,24,46,local
2026-08-06 10:48:00,25,44,remote
2026-08-06 10:48:01,24,46,local
2026-08-06 10:48:02,25,44,remote
2026-08-06 10:48:03,24,46,local
2026-08-06 10:48:04,25,44,remote
2026-08-06 10:48:05,24,46,local
2026-08-06 10:48:06,25,44,remote
2026-08-06 10:48:07,24,46,local
2026-08-06 10:48:08,25,44,remote
2026-08-06 10:48:09,24,46,local
2026-08-06 10:48:10,25,44,remote
2026-08-06 10:48:11,24,46,local
2026-08-06 10:48:12,25,44,remote
2026-08-06 10:48:13,24,46,local
2026-08-06 10:48:14,25,44,remote
2026-08-06 10:48:15,24,46,local
2026-08-06 10:48:16,25,44,remote
2026-08-06 10:48:17,24,46,local
2026-08-06 10:48:18,25,44,remote
2026-08-06 10:48:19,24,46,local
2026-08-06 10:48:20,25,44,remote
2026-08-06 10:48:21,24,46,local
2026-08-06 10:48:22,25,44,remote
2026-08-06 10:48:23,24,46,local
2026-08-06 10:48:24,25,44,remote
2026-08-06 10:48:25,24,46,local
2026-08-06 10:48:26,25,44,remote
2026-08-06 10:48:27,24,46,local
2026-08-06 10:48:28,25,44,remote
2026-08-06 10:48:29,24,46,local
2026-08-06 10:48:30,25,45,remote
2026-08-06 10:48:31,24,46,local
2026-08-06 10:48:32,25,45,remote
2026-08-06 10:48:33,24,46,local
2026-08-06 10:48:34,25,45,remote
2026-08-06 10:48:35,24,46,local
2026-08-06 10:48:36,25,45,remote
2026-08-06 10:48:37,24,46,local
2026-08-06 10:48:38,25,45,remote
2026-08-06 10:48:39,24,46,local
2026-08-06 10:48:40,25,45,remote
2026-08-06 10:48:41,24,46,local
2026-08-06 10:48:42,25,45,remote
2026-08-06 10:48:43,24,46,local
2026-08-06 10:48:44,25,45,remote
2026-08-06 10:48:45,24,46,local
2026-08-06 10:48:46,25,45,remote
2026-08-06 10:48:47,24,46,local
2026-08-06 10:48:48,25,45,remote
2026-08-06 10:48:49,24,46,local
2026-08-06 10:48:50,25,45,remote
2026-08-06 10:48:51,24,46,local
2026-08-06 10:48:52,25,45,remote
2026-08-06 10:48:53,24,46,local
2026-08-06 10:48:55,25,45,remote
2026-08-06 10:48:55,24,46,local
2026-08-06 10:48:57,25,44,remote
2026-08-06 10:48:57,24,46,local
2026-08-06 10:48:59,25,44,remote
2026-08-06 10:48:59,24,46,local
2026-08-06 10:49:01,25,44,remote
2026-08-06 10:49:02,24,46,local
2026-08-06 10:49:03,25,44,remote
2026-08-06 10:49:04,24,46,local
2026-08-06 10:49:05,25,44,remote
2026-08-06 10:49:06,24,46,local
2026-08-06 10:49:07,25,44,remote
2026-08-06 10:49:08,24,46,local
2026-08-06 10:49:09,25,44,remote
2026-08-06 10:49:10,24,46,local
2026-08-06 10:49:11,25,44,remote
2026-08-06 10:49:12,24,46,local
2026-08-06 10:49:13,25,44,remote
2026-08-06 10:49:14,24,46,local
2026-08-06 10:49:15,25,44,remote
2026-08-06 10:49:16,24,46,local
2026-08-06 10:49:17,25,44,remote
2026-08-06 10:49:18,24,46,local
2026-08-06 10:49:19,25,44,remote
2026-08-06 10:49:20,24,46,local
2026-08-06 10:49:21,25,44,remote
2026-08-06 10:49:22,24,46,local
2026-08-06 10:49:23,25,44,remote
2026-08-06 10:49:24,24,46,local
2026-08-06 10:49:25,25,44,remote
2026-08-06 10:49:26,24,46,local
2026-08-06 10:49:27,25,44,remote
2026-08-06 10:49:28,24,46,local
2026-08-06 10:49:29,25,44,remote
2026-08-06 10:49:30,24,46,local
2026-08-06 10:49:31,25,44,remote
2026-08-06 10:49:32,24,46,local
2026-08-06 10:49:33,25,44,remote
2026-08-06 10:49:34,24,46,local
2026-08-06 10:49:35,25,45,remote
2026-08-06 10:49:36,24,46,local
2026-08-06 10:49:37,25,45,remote
2026-08-06 10:49:38,24,46,local
2026-08-06 10:49:39,25,45,remote
2026-08-06 10:49:40,24,46,local
2026-08-06 10:49:41,25,45,remote
2026-08-06 10:49:42,24,46,local
2026-08-06 10:49:43,25,45,remote
2026-08-06 10:49:44,24,46,local
2026-08-06 10:49:45,25,45,remote
2026-08-06 10:49:46,24,46,local
2026-08-06 10:49:47,25,45,remote
2026-08-06 10:49:48,24,46,local
2026-08-06 10:49:49,25,45,remote
2026-08-06 10:49:50,24,46,local
2026-08-06 10:49:51,25,45,remote
2026-08-06 10:49:52,24,46,local
2026-08-06 10:49:53,25,45,remote
2026-08-06 10:49:54,24,46,local
2026-08-06 10:49:55,25,45,remote
2026-08-06 10:49:56,24,46,local
2026-08-06 10:49:57,25,45,remote
2026-08-06 10:49:58,24,46,local
2026-08-06 10:49:59,25,45,remote
2026-08-06 10:50:00,24,46,local
2026-08-06 10:50:02,25,45,remote
2026-08-06 10:50:02,24,45,local
2026-08-06 10:50:04,25,45,remote
2026-08-06 10:50:04,24,45,local
2026-08-06 10:50:06,25,45,remote
2026-08-06 10:50:06,24,45,local
2026-08-06 10:50:08,25,45,remote
2026-08-06 10:50:08,24,45,local
2026-08-06 10:50:10,25,45,remote
2026-08-06 10:50:10,24,46,local
2026-08-06 10:50:12,25,45,remote
2026-08-06 10:50:12,24,46,local
2026-08-06 10:50:14,25,45,remote
2026-08-06 10:50:14,24,46,local
2026-08-06 10:50:16,25,45,remote
2026-08-06 10:50:16,24,46,local
2026-08-06 10:50:18,25,45,remote
2026-08-06 10:50:18,24,46,local
2026-08-06 10:50:20,25,45,remote
2026-08-06 10:50:20,24,46,local
2026-08-06 10:50:22,25,45,remote
2026-08-06 10:50:22,24,46,local
2026-08-06 10:50:24,25,45,remote
2026-08-06 10:50:24,24,46,local
2026-08-06 10:50:26,25,45,remote
2026-08-06 10:50:26,24,46,local
2026-08-06 10:50:28,25,45,remote
2026-08-06 10:50:29,24,46,local
2026-08-06 10:50:30,25,45,remote
2026-08-06 10:50:31,24,46,local
2026-08-06 10:50:32,25,45,remote
2026-08-06 10:50:33,24,45,local
2026-08-06 10:50:34,25,45,remote
2026-08-06 10:50:35,24,45,local
2026-08-06 10:50:36,25,45,remote
2026-08-06 10:50:37,24,46,local
2026-08-06 10:50:38,25,45,remote
2026-08-06 10:50:39,24,46,local
2026-08-06 10:50:40,25,45,remote
2026-08-06 10:50:41,24,46,local
2026-08-06 10:50:42,25,45,remote
2026-08-06 10:50:43,24,46,local
2026-08-06 10:50:44,25,45,remote
2026-08-06 10:50:45,24,45,local
2026-08-06 10:50:46,25,45,remote
2026-08-06 10:50:47,24,46,local
2026-08-06 10:50:48,25,45,remote
2026-08-06 10:50:49,24,46,local
2026-08-06 10:50:50,25,45,remote
2026-08-06 10:50:51,24,46,local
2026-08-06 10:50:52,25,45,remote
2026-08-06 10:50:53,24,46,local
2026-08-06 10:50:54,25,45,remote
2026-08-06 10:50:55,24,46,local
2026-08-06 10:50:56,25,45,remote
2026-08-06 10:50:57,24,45,local
2026-08-06 10:50:58,25,45,remote
2026-08-06 10:50:59,24,46,local
2026-08-06 10:51:00,25,45,remote
2026-08-06 10:51:01,24,45,local
2026-08-06 10:51:02,25,45,remote
2026-08-06 10:51:03,24,45,local
2026-08-06 10:51:04,25,45,remote
2026-08-06 10:51:05,24,45,local
2026-08-06 10:51:06,25,45,remote
2026-08-06 10:51:07,24,45,local
2026-08-06 10:51:09,25,45,remote
2026-08-06 10:51:09,24,45,local
2026-08-06 10:51:11,25,45,remote
2026-08-06 10:51:11,24,45,local
2026-08-06 10:51:13,25,45,remote
2026-08-06 10:51:13,24,45,local
2026-08-06 10:51:15,25,45,remote
2026-08-06 10:51:15,24,45,local
2026-08-06 10:51:17,25,45,remote
2026-08-06 10:51:17,24,45,local
2026-08-06 10:51:19,25,45,remote
2026-08-06 10:51:19,24,46,local
2026-08-06 10:51:21,25,45,remote
2026-08-06 10:51:21,24,46,local
2026-08-06 10:51:23,25,45,remote
2026-08-06 10:51:23,24,46,local
2026-08-06 10:51:25,25,45,remote
2026-08-06 10:51:25,24,46,local
2026-08-06 10:51:27,25,45,remote
2026-08-06 10:51:27,24,46,local
2026-08-06 10:51:29,25,45,remote
2026-08-06 10:51:29,24,46,local
2026-08-06 10:51:31,25,45,remote
2026-08-06 10:51:31,24,46,local
2026-08-06 10:51:33,25,45,remote
2026-08-06 10:51:33,24,46,local
2026-08-06 10:51:35,25,45,remote
2026-08-06 10:51:35,24,46,local
2026-08-06 10:51:37,25,45,remote
2026-08-06 10:51:37,24,46,local
2026-08-06 10:51:39,25,45,remote
2026-08-06 10:51:39,24,46,local
2026-08-06 10:51:41,25,45,remote
2026-08-06 10:51:41,24,46,local
2026-08-06 10:51:43,25,45,remote
2026-08-06 10:51:43,24,45,local
2026-08-06 10:51:45,25,44,remote
2026-08-06 10:51:45,24,46,local
2026-08-06 10:51:47,25,44,remote
2026-08-06 10:51:47,24,46,local
2026-08-06 10:51:49,25,44,remote
2026-08-06 10:51:49,24,46,local
2026-08-06 10:51:51,25,44,remote
2026-08-06 10:51:51,24,46,local
2026-08-06 10:51:53,25,44,remote
2026-08-06 10:51:53,24,46,local
2026-08-06 10:51:55,25,44,remote
2026-08-06 10:51:56,24,46,local
2026-08-06 10:51:57,25,44,remote
2026-08-06 10:51:58,24,46,local
2026-08-06 10:51:59,25,44,remote
2026-08-06 10:52:00,24,46,local
2026-08-06 10:52:01,25,44,remote
2026-08-06 10:52:02,24,46,local
2026-08-06 10:52:03,25,44,remote
2026-08-06 10:52:04,24,46,local
2026-08-06 10:52:05,25,44,remote
2026-08-06 10:52:06,24,46,local
2026-08-06 10:52:07,25,44,remote
2026-08-06 10:52:08,24,46,local
2026-08-06 10:52:09,25,44,remote
2026-08-06 10:52:10,24,46,local
2026-08-06 10:52:11,25,44,remote
2026-08-06 10:52:12,24,46,local
2026-08-06 10:52:13,25,44,remote
2026-08-06 10:52:14,24,46,local
2026-08-06 10:52:16,25,44,remote
2026-08-06 10:52:16,24,46,local
2026-08-06 10:52:18,25,44,remote
2026-08-06 10:52:18,24,46,local
2026-08-06 10:52:20,25,45,remote
2026-08-06 10:52:20,24,46,local
2026-08-06 10:52:22,25,45,remote
2026-08-06 10:52:22,24,46,local
2026-08-06 10:52:24,25,45,remote
2026-08-06 10:52:24,24,46,local
2026-08-06 10:52:26,25,45,remote
2026-08-06 10:52:26,24,46,local
2026-08-06 10:52:28,25,45,remote
2026-08-06 10:52:28,24,46,local
2026-08-06 10:52:30,25,45,remote
2026-08-06 10:52:30,24,46,local
2026-08-06 10:52:32,25,45,remote
2026-08-06 10:52:32,24,46,local
2026-08-06 10:52:34,25,45,remote
2026-08-06 10:52:34,24,46,local
2026-08-06 10:52:36,25,45,remote
2026-08-06 10:52:36,24,46,local
2026-08-06 10:52:38,25,45,remote
2026-08-06 10:52:38,24,46,local
2026-08-06 10:52:40,25,45,remote
2026-08-06 10:52:40,24,46,local
2026-08-06 10:52:42,25,45,remote
2026-08-06 10:52:42,24,46,local
2026-08-06 10:52:44,25,45,remote
2026-08-06 10:52:44,24,46,local
2026-08-06 10:52:46,25,45,remote
2026-08-06 10:52:46,24,46,local
2026-08-06 10:52:48,25,45,remote
2026-08-06 10:52:48,24,46,local
2026-08-06 10:52:50,25,45,remote
2026-08-06 10:52:50,24,46,local
2026-08-06 10:52:52,25,45,remote
2026-08-06 10:52:52,24,46,local
2026-08-06 10:52:54,25,45,remote
2026-08-06 10:52:54,24,46,local
2026-08-06 10:52:56,25,45,remote
2026-08-06 10:52:56,24,46,local
2026-08-06 10:52:58,25,45,remote
2026-08-06 10:52:58,24,46,local
2026-08-06 10:53:00,25,45,remote
2026-08-06 10:53:00,24,46,local
2026-08-06 10:53:02,25,45,remote
2026-08-06 10:53:02,24,46,local
2026-08-06 10:53:04,25,45,remote
2026-08-06 10:53:04,24,46,local
2026-08-06 10:53:06,25,45,remote
2026-08-06 10:53:06,24,46,local
2026-08-06 10:53:08,25,45,remote
2026-08-06 10:53:08,24,46,local
2026-08-06 10:53:10,25,45,remote
2026-08-06 10:53:10,24,46,local
2026-08-06 10:53:12,25,45,remote
2026-08-06 10:53:12,24,46,local
2026-08-06 10:53:14,25,45,remote
2026-08-06 10:53:14,24,46,local
2026-08-06 10:53:16,25,45,remote
2026-08-06 10:53:16,24,46,local
2026-08-06 10:53:18,25,45,remote
2026-08-06 10:53:18,24,46,local
2026-08-06 10:53:20,25,45,remote
2026-08-06 10:53:21,24,46,local
2026-08-06 10:53:23,25,45,remote
2026-08-06 10:53:23,24,46,local
2026-08-06 10:53:25,24,46,local
2026-08-06 10:53:25,25,45,remote
2026-08-06 10:53:27,24,46,local
2026-08-06 10:53:27,25,45,remote
2026-08-06 10:53:29,24,46,local
2026-08-06 10:53:29,25,45,remote
2026-08-06 10:53:31,24,46,local
2026-08-06 10:53:31,25,45,remote
2026-08-06 10:53:33,24,46,local
2026-08-06 10:53:33,25,45,remote
2026-08-06 10:53:35,24,46,local
2026-08-06 10:53:35,25,45,remote
2026-08-06 10:53:37,24,46,local
2026-08-06 10:53:37,25,45,remote
2026-08-06 10:53:39,24,46,local
2026-08-06 10:53:39,25,45,remote
2026-08-06 10:53:41,24,46,local
2026-08-06 10:53:41,25,45,remote
2026-08-06 10:53:43,24,46,local
2026-08-06 10:53:43,25,45,remote
2026-08-06 10:53:45,24,46,local
2026-08-06 10:53:45,25,45,remote
2026-08-06 10:53:47,24,46,local
2026-08-06 10:53:47,25,45,remote
2026-08-06 10:53:49,24,46,local
2026-08-06 10:53:49,25,45,remote
2026-08-06 10:53:51,24,46,local
2026-08-06 10:53:51,25,45,remote
2026-08-06 10:53:53,24,46,local
2026-08-06 10:53:53,25,45,remote
2026-08-06 10:53:55,24,46,local
2026-08-06 10:53:55,25,45,remote
2026-08-06 10:53:57,24,46,local
2026-08-06 10:53:57,25,45,remote
2026-08-06 10:53:59,24,46,local
2026-08-06 10:53:59,25,45,remote
2026-08-06 10:54:01,24,46,local
2026-08-06 10:54:01,25,45,remote
2026-08-06 10:54:03,24,46,local
2026-08-06 10:54:03,25,45,remote
2026-08-06 10:54:05,24,46,local
2026-08-06 10:54:05,25,45,remote
2026-08-06 10:54:07,24,46,local
2026-08-06 10:54:07,25,45,remote
2026-08-06 10:54:09,24,46,local
2026-08-06 10:54:09,24,45,remote
2026-08-06 10:54:11,24,46,local
2026-08-06 10:54:11,24,45,remote
2026-08-06 10:54:13,24,46,local
2026-08-06 10:54:13,24,45,remote
2026-08-06 10:54:15,24,46,local
2026-08-06 10:54:15,24,45,remote
2026-08-06 10:54:17,24,46,local
2026-08-06 10:54:17,24,45,remote
2026-08-06 10:54:19,24,46,local
2026-08-06 10:54:19,24,45,remote
2026-08-06 10:54:21,24,46,local
2026-08-06 10:54:21,24,45,remote
2026-08-06 10:54:23,24,46,local
2026-08-06 10:54:23,24,45,remote
2026-08-06 10:54:25,24,46,local
2026-08-06 10:54:25,24,45,remote
2026-08-06 10:54:27,24,46,local
2026-08-06 10:54:27,24,45,remote
2026-08-06 10:54:29,24,46,local
2026-08-06 10:54:30,24,45,remote
2026-08-06 10:54:31,24,46,local
2026-08-06 10:54:32,24,45,remote
2026-08-06 10:54:33,24,47,local
2026-08-06 10:54:34,24,45,remote
2026-08-06 10:54:35,24,46,local
2026-08-06 10:54:36,24,45,remote
2026-08-06 10:54:37,24,46,local
2026-08-06 10:54:38,24,45,remote
2026-08-06 10:54:39,24,46,local
2026-08-06 10:54:40,24,45,remote
2026-08-06 10:54:41,24,46,local
2026-08-06 10:54:42,24,45,remote
2026-08-06 10:54:43,24,46,local
2026-08-06 10:54:44,24,45,remote
2026-08-06 10:54:45,24,46,local
2026-08-06 10:54:46,24,45,remote
2026-08-06 10:54:48,24,46,local
2026-08-06 10:54:48,24,45,remote
2026-08-06 10:54:50,24,46,local
2026-08-06 10:54:50,24,45,remote
2026-08-06 10:54:52,24,46,local
2026-08-06 10:54:52,24,45,remote
2026-08-06 10:54:54,24,46,local
2026-08-06 10:54:54,24,45,remote
2026-08-06 10:54:56,24,46,local
2026-08-06 10:54:56,24,45,remote
2026-08-06 10:54:58,24,46,local
2026-08-06 10:54:58,24,45,remote
2026-08-06 10:55:00,24,46,local
2026-08-06 10:55:00,24,45,remote
2026-08-06 10:55:02,24,46,local
2026-08-06 10:55:02,24,45,remote
2026-08-06 10:55:04,24,46,local
2026-08-06 10:55:04,24,45,remote
2026-08-06 10:55:06,24,46,local
2026-08-06 10:55:06,24,45,remote
2026-08-06 10:55:08,24,46,local
2026-08-06 10:55:08,24,45,remote
2026-08-06 10:55:10,24,46,local
2026-08-06 10:55:10,24,45,remote
2026-08-06 10:55:12,24,46,local
2026-08-06 10:55:12,24,45,remote
2026-08-06 10:55:14,24,46,local
2026-08-06 10:55:14,24,46,remote
2026-08-06 10:55:16,24,46,local
2026-08-06 10:55:16,24,46,remote
2026-08-06 10:55:18,24,46,local
2026-08-06 10:55:18,24,46,remote
2026-08-06 10:55:20,24,46,local
2026-08-06 10:55:20,24,45,remote
2026-08-06 10:55:22,24,46,local
2026-08-06 10:55:22,24,45,remote
2026-08-06 10:55:24,24,46,local
2026-08-06 10:55:24,24,45,remote
2026-08-06 10:55:26,24,46,local
2026-08-06 10:55:26,24,45,remote
2026-08-06 10:55:28,24,46,local
2026-08-06 10:55:28,24,45,remote
2026-08-06 10:55:30,24,46,local
2026-08-06 10:55:30,24,45,remote
2026-08-06 10:55:32,24,46,local
2026-08-06 10:55:32,24,45,remote
2026-08-06 10:55:34,24,46,local
2026-08-06 10:55:34,24,45,remote
2026-08-06 10:55:36,24,46,local
2026-08-06 10:55:37,24,45,remote
2026-08-06 10:55:38,24,46,local
2026-08-06 10:55:39,24,45,remote
2026-08-06 10:55:40,24,46,local
2026-08-06 10:55:41,24,45,remote
2026-08-06 10:55:42,24,46,local
2026-08-06 10:55:43,24,45,remote
2026-08-06 10:55:44,24,46,local
2026-08-06 10:55:45,24,45,remote
2026-08-06 10:55:46,24,46,local
2026-08-06 10:55:47,24,45,remote
2026-08-06 10:55:48,24,46,local
2026-08-06 10:55:49,24,45,remote
2026-08-06 10:55:50,24,46,local
2026-08-06 10:55:51,24,45,remote
2026-08-06 10:55:52,24,46,local
2026-08-06 10:55:53,24,45,remote
2026-08-06 10:55:54,24,46,local
2026-08-06 10:55:55,24,45,remote
2026-08-06 10:55:56,24,46,local
2026-08-06 10:55:57,24,45,remote
2026-08-06 10:55:58,24,46,local
2026-08-06 10:55:59,24,45,remote
2026-08-06 10:56:00,25,46,local
2026-08-06 10:56:01,24,45,remote
2026-08-06 10:56:02,24,46,local
2026-08-06 10:56:03,24,45,remote
2026-08-06 10:56:04,24,46,local
2026-08-06 10:56:05,24,45,remote
2026-08-06 10:56:06,25,46,local
2026-08-06 10:56:07,24,45,remote
2026-08-06 10:56:08,24,46,local
2026-08-06 10:56:09,24,45,remote
2026-08-06 10:56:10,24,46,local
2026-08-06 10:56:11,24,45,remote
2026-08-06 10:56:12,25,46,local
2026-08-06 10:56:13,24,45,remote
2026-08-06 10:56:15,25,46,local
2026-08-06 10:56:15,24,45,remote
2026-08-06 10:56:17,25,45,local
2026-08-06 10:56:17,24,45,remote
2026-08-06 10:56:19,25,45,local
2026-08-06 10:56:19,24,45,remote
2026-08-06 10:56:21,25,45,local
2026-08-06 10:56:21,24,45,remote
2026-08-06 10:56:23,25,45,local
2026-08-06 10:56:23,24,45,remote
2026-08-06 10:56:25,25,45,local
2026-08-06 10:56:25,24,45,remote
2026-08-06 10:56:27,25,45,local
2026-08-06 10:56:27,24,45,remote
2026-08-06 10:56:29,25,45,local
2026-08-06 10:56:29,24,45,remote
2026-08-06 10:56:31,25,45,local
2026-08-06 10:56:31,24,45,remote
2026-08-06 10:56:33,25,45,local
2026-08-06 10:56:33,24,45,remote
2026-08-06 10:56:35,25,45,local
2026-08-06 10:56:35,24,45,remote
2026-08-06 10:56:37,25,45,local
2026-08-06 10:56:37,24,45,remote
2026-08-06 10:56:39,25,45,local
2026-08-06 10:56:39,24,45,remote
2026-08-06 10:56:41,25,45,local
2026-08-06 10:56:41,24,45,remote
2026-08-06 10:56:43,25,45,local
2026-08-06 10:56:44,24,45,remote
2026-08-06 10:56:45,25,45,local
2026-08-06 10:56:46,24,45,remote
2026-08-06 10:56:47,25,45,local
2026-08-06 10:56:48,24,45,remote
2026-08-06 10:56:49,25,45,local
2026-08-06 10:56:50,24,45,remote
2026-08-06 10:56:51,25,45,local
2026-08-06 10:56:52,24,45,remote
2026-08-06 10:56:53,25,45,local
2026-08-06 10:56:54,24,45,remote
2026-08-06 10:56:55,25,45,local
2026-08-06 10:56:56,25,45,remote
2026-08-06 10:56:57,25,45,local
2026-08-06 10:56:58,25,45,remote
2026-08-06 10:56:59,25,45,local
2026-08-06 10:57:00,25,45,remote
2026-08-06 10:57:01,25,45,local
2026-08-06 10:57:02,25,45,remote
2026-08-06 10:57:03,25,45,local
2026-08-06 10:57:04,25,45,remote
2026-08-06 10:57:05,25,45,local
2026-08-06 10:57:06,25,45,remote
2026-08-06 10:57:07,25,45,local
2026-08-06 10:57:08,25,45,remote
2026-08-06 10:57:09,25,45,local
2026-08-06 10:57:10,25,45,remote
2026-08-06 10:57:11,25,45,local
2026-08-06 10:57:12,25,45,remote
2026-08-06 10:57:13,25,45,local
2026-08-06 10:57:14,25,45,remote
2026-08-06 10:57:15,25,46,local
2026-08-06 10:57:16,25,45,remote
2026-08-06 10:57:17,25,46,local
2026-08-06 10:57:18,25,45,remote
2026-08-06 10:57:19,25,46,local
2026-08-06 10:57:20,25,45,remote
2026-08-06 10:57:21,25,46,local
2026-08-06 10:57:22,25,46,remote
2026-08-06 10:57:23,25,46,local
2026-08-06 10:57:24,25,46,remote
2026-08-06 10:57:25,25,46,local
2026-08-06 10:57:26,25,46,remote
2026-08-06 10:57:27,25,46,local
2026-08-06 10:57:28,25,45,remote
2026-08-06 10:57:29,25,46,local
2026-08-06 10:57:30,25,45,remote
2026-08-06 10:57:31,25,46,local
2026-08-06 10:57:32,25,45,remote
2026-08-06 10:57:33,25,46,local
2026-08-06 10:57:34,25,45,remote
2026-08-06 10:57:35,25,45,local
2026-08-06 10:57:36,25,45,remote
2026-08-06 10:57:37,25,45,local
2026-08-06 10:57:38,25,45,remote
2026-08-06 10:57:39,25,45,local
2026-08-06 10:57:40,25,45,remote
2026-08-06 10:57:42,25,45,local
2026-08-06 10:57:42,25,45,remote
2026-08-06 10:57:44,25,45,local
2026-08-06 10:57:44,25,45,remote
2026-08-06 10:57:46,25,45,local
2026-08-06 10:57:46,25,45,remote
2026-08-06 10:57:48,25,45,local
2026-08-06 10:57:48,25,45,remote
2026-08-06 10:57:50,25,45,local
2026-08-06 10:57:51,25,45,remote
2026-08-06 10:57:52,25,45,local
2026-08-06 10:57:53,25,45,remote
2026-08-06 10:57:54,25,45,local
2026-08-06 10:57:55,25,45,remote
2026-08-06 10:57:56,25,45,local
2026-08-06 10:57:57,25,45,remote
2026-08-06 10:57:58,25,45,local
2026-08-06 10:57:59,25,45,remote
2026-08-06 10:58:00,25,45,local
2026-08-06 10:58:01,25,45,remote
2026-08-06 10:58:02,25,45,local
2026-08-06 10:58:03,25,45,remote
2026-08-06 10:58:04,25,45,local
2026-08-06 10:58:05,25,45,remote
2026-08-06 10:58:06,25,45,local
2026-08-06 10:58:07,25,45,remote
2026-08-06 10:58:08,25,45,local
2026-08-06 10:58:09,25,45,remote
2026-08-06 10:58:10,25,45,local
2026-08-06 10:58:11,25,45,remote
2026-08-06 10:58:12,25,45,local
2026-08-06 10:58:13,25,45,remote
2026-08-06 10:58:14,25,45,local
2026-08-06 10:58:15,25,45,remote
2026-08-06 10:58:16,25,45,local
2026-08-06 10:58:17,25,45,remote
2026-08-06 10:58:18,25,45,local
2026-08-06 10:58:19,25,45,remote
2026-08-06 10:58:20,25,45,local
2026-08-06 10:58:21,25,45,remote
2026-08-06 10:58:22,25,45,local
2026-08-06 10:58:23,25,45,remote
2026-08-06 10:58:24,25,45,local
2026-08-06 10:58:25,25,45,remote
2026-08-06 10:58:26,25,45,local
2026-08-06 10:58:27,25,45,remote
2026-08-06 10:58:28,25,45,local
2026-08-06 10:58:29,25,45,remote
2026-08-06 10:58:30,25,45,local
2026-08-06 10:58:31,25,45,remote
2026-08-06 10:58:32,25,45,local
2026-08-06 10:58:33,25,45,remote
2026-08-06 10:58:34,25,45,local
2026-08-06 10:58:35,25,45,remote
2026-08-06 10:58:36,25,45,local
2026-08-06 10:58:37,25,45,remote
2026-08-06 10:58:38,25,45,local
2026-08-06 10:58:39,25,45,remote
2026-08-06 10:58:40,25,45,local
2026-08-06 10:58:41,25,45,remote
2026-08-06 10:58:42,25,45,local
2026-08-06 10:58:43,25,45,remote
2026-08-06 10:58:44,25,45,local
2026-08-06 10:58:45,25,45,remote
2026-08-06 10:58:46,25,45,local
2026-08-06 10:58:47,25,45,remote
2026-08-06 10:58:48,25,45,local
2026-08-06 10:58:49,25,45,remote
2026-08-06 10:58:50,25,45,local
2026-08-06 10:58:51,25,45,remote
2026-08-06 10:58:52,25,45,local
2026-08-06 10:58:53,25,45,remote
2026-08-06 10:58:54,25,45,local
2026-08-06 10:58:55,25,45,remote
2026-08-06 10:58:56,25,45,local
2026-08-06 10:58:58,25,45,remote
2026-08-06 10:58:58,25,45,local
2026-08-06 10:59:00,25,45,remote
2026-08-06 10:59:00,25,45,local
2026-08-06 10:59:02,25,45,remote
2026-08-06 10:59:02,25,45,local
2026-08-06 10:59:04,25,45,remote
2026-08-06 10:59:04,25,45,local
2026-08-06 10:59:06,25,45,remote
2026-08-06 10:59:06,25,45,local
2026-08-06 10:59:08,25,45,remote
2026-08-06 10:59:09,25,45,local
2026-08-06 10:59:10,25,45,remote
2026-08-06 10:59:11,25,45,local
2026-08-06 10:59:12,25,45,remote
2026-08-06 10:59:13,25,45,local
2026-08-06 10:59:14,25,45,remote
2026-08-06 10:59:15,25,45,local
2026-08-06 10:59:16,25,45,remote
2026-08-06 10:59:17,25,45,local
2026-08-06 10:59:18,25,45,remote
2026-08-06 10:59:19,25,45,local
2026-08-06 10:59:20,25,45,remote
2026-08-06 10:59:21,25,45,local
2026-08-06 10:59:22,25,45,remote
2026-08-06 10:59:23,25,45,local
2026-08-06 10:59:24,25,45,remote
2026-08-06 10:59:25,25,45,local
2026-08-06 10:59:26,25,45,remote
2026-08-06 10:59:27,25,45,local
2026-08-06 10:59:28,25,45,remote
2026-08-06 10:59:29,24,45,local
2026-08-06 10:59:30,25,45,remote
2026-08-06 10:59:31,25,45,local
2026-08-06 10:59:32,25,45,remote
2026-08-06 10:59:33,25,45,local
2026-08-06 10:59:34,25,45,remote
2026-08-06 10:59:35,25,45,local
2026-08-06 10:59:36,25,45,remote
2026-08-06 10:59:37,25,45,local
2026-08-06 10:59:38,25,45,remote
2026-08-06 10:59:39,25,45,local
2026-08-06 10:59:40,25,45,remote
2026-08-06 10:59:41,24,45,local
2026-08-06 10:59:42,25,45,remote
2026-08-06 10:59:43,24,45,local
2026-08-06 10:59:44,25,45,remote
2026-08-06 10:59:45,24,45,local
2026-08-06 10:59:46,25,45,remote
2026-08-06 10:59:47,24,45,local
2026-08-06 10:59:48,25,45,remote
2026-08-06 10:59:49,25,45,local
2026-08-06 10:59:50,25,45,remote
2026-08-06 10:59:51,25,45,local
2026-08-06 10:59:52,25,45,remote
2026-08-06 10:59:53,24,45,local
2026-08-06 10:59:54,25,45,remote
2026-08-06 10:59:55,24,45,local
2026-08-06 10:59:56,25,45,remote
2026-08-06 10:59:57,25,45,local
2026-08-06 10:59:58,25,45,remote
2026-08-06 10:59:59,24,45,local
2026-08-06 11:00:00,25,45,remote
2026-08-06 11:00:01,25,45,local
2026-08-06 11:00:02,25,45,remote
2026-08-06 11:00:03,24,45,local
2026-08-06 11:00:05,25,45,remote
2026-08-06 11:00:05,24,45,local
2026-08-06 11:00:07,25,45,remote
2026-08-06 11:00:07,24,45,local
2026-08-06 11:00:09,25,45,remote
2026-08-06 11:00:09,24,45,local
2026-08-06 11:00:11,25,45,remote
2026-08-06 11:00:11,25,45,local
2026-08-06 11:00:13,25,45,remote
2026-08-06 11:00:13,24,45,local
2026-08-06 11:00:15,25,45,remote
2026-08-06 11:00:15,24,45,local
2026-08-06 11:00:17,25,45,remote
2026-08-06 11:00:17,25,45,local
2026-08-06 11:00:19,25,45,remote
2026-08-06 11:00:19,24,45,local
2026-08-06 11:00:21,24,45,remote
2026-08-06 11:00:21,24,45,local
2026-08-06 11:00:23,24,45,remote
2026-08-06 11:00:23,24,46,local
2026-08-06 11:00:25,24,45,remote
2026-08-06 11:00:25,24,46,local
2026-08-06 11:00:27,24,45,remote
2026-08-06 11:00:27,24,46,local
2026-08-06 11:00:29,25,45,remote
2026-08-06 11:00:29,24,46,local
2026-08-06 11:00:31,24,45,remote
2026-08-06 11:00:31,24,46,local
2026-08-06 11:00:33,25,45,remote
2026-08-06 11:00:33,24,46,local
2026-08-06 11:00:35,25,45,remote
2026-08-06 11:00:36,24,46,local
2026-08-06 11:00:37,25,45,remote
2026-08-06 11:00:38,24,46,local
2026-08-06 11:00:39,25,45,remote
2026-08-06 11:00:40,24,46,local
2026-08-06 11:00:41,25,45,remote
2026-08-06 11:00:42,24,46,local
2026-08-06 11:00:43,25,45,remote
2026-08-06 11:00:44,24,46,local
2026-08-06 11:00:45,25,45,remote
2026-08-06 11:00:46,24,46,local
2026-08-06 11:00:47,25,45,remote
2026-08-06 11:00:48,25,46,local
2026-08-06 11:00:49,25,45,remote
2026-08-06 11:00:50,24,46,local
2026-08-06 11:00:51,25,45,remote
2026-08-06 11:00:52,24,46,local
2026-08-06 11:00:53,25,45,remote
2026-08-06 11:00:54,24,46,local
2026-08-06 11:00:55,25,45,remote
2026-08-06 11:00:56,24,46,local
2026-08-06 11:00:57,25,45,remote
2026-08-06 11:00:58,25,45,local
2026-08-06 11:00:59,25,45,remote
2026-08-06 11:01:00,24,45,local
2026-08-06 11:01:01,25,45,remote
2026-08-06 11:01:02,24,46,local
2026-08-06 11:01:03,25,45,remote
2026-08-06 11:01:04,24,46,local
2026-08-06 11:01:05,25,45,remote
2026-08-06 11:01:06,24,45,local
2026-08-06 11:01:07,25,45,remote
2026-08-06 11:01:08,25,45,local
2026-08-06 11:01:09,25,45,remote
2026-08-06 11:01:10,24,45,local
2026-08-06 11:01:12,25,45,remote
2026-08-06 11:01:12,25,45,local
2026-08-06 11:01:14,25,45,remote
2026-08-06 11:01:14,25,45,local
2026-08-06 11:01:16,25,44,remote
2026-08-06 11:01:16,24,45,local
2026-08-06 11:01:18,25,45,remote
2026-08-06 11:01:18,24,45,local
2026-08-06 11:01:20,25,45,local
2026-08-06 11:01:22,24,45,local
2026-08-06 13:02:05,25,49,local
2026-08-06 13:02:06,24,49,remote
2026-08-06 13:02:08,25,49,local
2026-08-06 13:02:08,24,49,remote
2026-08-06 13:02:10,25,48,local
2026-08-06 13:02:10,24,49,remote
2026-08-06 13:02:12,25,48,local
2026-08-06 13:02:12,24,49,remote
2026-08-06 13:02:14,25,48,local
2026-08-06 13:02:14,24,49,remote
2026-08-06 13:02:16,25,48,local
2026-08-06 13:02:16,24,49,remote
2026-08-06 13:02:18,25,48,local
2026-08-06 13:02:18,24,49,remote
2026-08-06 13:02:20,25,48,local
2026-08-06 13:02:20,24,49,remote
2026-08-06 13:02:22,25,48,local
2026-08-06 13:02:22,24,49,remote
2026-08-06 13:02:24,25,48,local
2026-08-06 13:02:24,24,49,remote
2026-08-06 13:02:26,25,48,local
2026-08-06 13:02:26,24,49,remote
2026-08-06 13:02:28,25,48,local
2026-08-06 13:02:28,24,49,remote
2026-08-06 13:02:30,25,48,local
2026-08-06 13:02:30,24,49,remote
2026-08-06 13:02:32,25,48,local
2026-08-06 13:02:32,24,49,remote
2026-08-06 13:02:34,25,48,local
2026-08-06 13:02:34,24,49,remote
2026-08-06 13:02:36,25,48,local
2026-08-06 13:02:36,24,49,remote
2026-08-06 13:02:38,25,48,local
2026-08-06 13:02:38,24,49,remote
2026-08-06 13:02:40,25,48,local
2026-08-06 13:02:40,24,48,remote
2026-08-06 13:02:42,25,48,local
2026-08-06 13:02:42,24,49,remote
2026-08-06 13:02:44,25,48,local
2026-08-06 13:02:45,24,49,remote
2026-08-06 13:02:46,25,48,local
2026-08-06 13:02:47,24,49,remote
2026-08-06 13:02:48,25,48,local
2026-08-06 13:02:49,24,52,remote
2026-08-06 13:02:50,25,48,local
2026-08-06 13:02:51,24,52,remote
2026-08-06 13:02:52,25,48,local
2026-08-06 13:02:53,24,52,remote
2026-08-06 13:02:54,25,48,local
2026-08-06 13:02:55,24,51,remote
2026-08-06 13:02:56,25,50,local
2026-08-06 13:02:57,24,51,remote
2026-08-06 13:02:58,25,57,local
2026-08-06 13:02:59,24,51,remote
2026-08-06 13:03:00,25,63,local
2026-08-06 13:03:01,24,50,remote
2026-08-06 13:03:02,25,67,local
2026-08-06 13:03:03,24,50,remote
2026-08-06 13:03:04,26,72,local
2026-08-06 13:03:05,24,50,remote
2026-08-06 13:03:06,26,75,local
2026-08-06 13:03:07,24,50,remote
2026-08-06 13:03:08,26,72,local
2026-08-06 13:03:09,25,49,remote
2026-08-06 13:03:10,26,79,local
2026-08-06 13:03:11,25,49,remote
2026-08-06 13:03:12,27,80,local
2026-08-06 13:03:13,25,49,remote
2026-08-06 13:03:14,27,76,local
2026-08-06 13:03:15,25,49,remote
2026-08-06 13:03:16,27,73,local
2026-08-06 13:03:17,25,49,remote
2026-08-06 13:03:18,28,80,local
2026-08-06 13:03:19,25,49,remote
2026-08-06 13:03:20,28,84,local
2026-08-06 13:03:21,25,49,remote
2026-08-06 13:03:22,28,85,local
2026-08-06 13:03:23,25,49,remote
2026-08-06 13:03:24,28,86,local
2026-08-06 13:03:25,25,49,remote
2026-08-06 13:03:26,28,88,local
2026-08-06 13:03:27,25,49,remote
2026-08-06 13:03:28,29,88,local
2026-08-06 13:03:29,25,48,remote
2026-08-06 13:03:30,29,89,local
2026-08-06 13:03:31,25,48,remote
2026-08-06 13:03:32,29,89,local
2026-08-06 13:03:33,25,48,remote
2026-08-06 13:03:35,29,90,local
2026-08-06 13:03:35,25,48,remote
2026-08-06 13:03:37,29,90,local
2026-08-06 13:03:37,25,48,remote
2026-08-06 13:03:39,30,91,local
2026-08-06 13:03:39,25,48,remote
2026-08-06 13:03:41,30,78,local
2026-08-06 13:03:41,25,48,remote
2026-08-06 13:03:43,30,79,local
2026-08-06 13:03:43,25,48,remote
2026-08-06 13:03:45,30,90,local
2026-08-06 13:03:45,25,48,remote
2026-08-06 13:03:47,30,91,local
2026-08-06 13:03:47,25,48,remote
2026-08-06 13:03:49,30,91,local
2026-08-06 13:03:49,25,48,remote
2026-08-06 13:03:51,30,92,local
2026-08-06 13:03:52,25,48,remote
2026-08-06 13:03:53,31,80,local
2026-08-06 13:03:54,25,48,remote
2026-08-06 13:03:55,31,89,local
2026-08-06 13:03:56,25,50,remote
2026-08-06 13:03:57,31,91,local
2026-08-06 13:03:58,25,54,remote
2026-08-06 13:03:59,31,88,local
2026-08-06 13:04:00,25,58,remote
2026-08-06 13:04:01,31,85,local
2026-08-06 13:04:02,25,61,remote
2026-08-06 13:04:03,31,82,local
2026-08-06 13:04:04,25,61,remote
2026-08-06 13:04:05,31,78,local
2026-08-06 13:04:06,25,63,remote
2026-08-06 13:04:07,31,74,local
2026-08-06 13:04:08,25,62,remote
2026-08-06 13:04:09,31,70,local
2026-08-06 13:04:10,26,60,remote
2026-08-06 13:04:11,31,65,local
2026-08-06 13:04:12,26,59,remote
2026-08-06 13:04:13,30,60,local
2026-08-06 13:04:14,26,57,remote
2026-08-06 13:04:15,30,57,local
2026-08-06 13:04:16,26,56,remote
2026-08-06 13:04:17,30,54,local
2026-08-06 13:04:18,26,55,remote
2026-08-06 13:04:19,30,51,local
2026-08-06 13:04:20,26,53,remote
2026-08-06 13:04:21,30,49,local
2026-08-06 13:04:22,26,52,remote
2026-08-06 13:04:23,30,48,local
2026-08-06 13:04:24,26,52,remote
2026-08-06 13:04:25,30,47,local
2026-08-06 13:04:26,26,51,remote
2026-08-06 13:04:27,30,46,local
2026-08-06 13:04:28,26,49,remote
2026-08-06 13:04:29,30,45,local
2026-08-06 13:04:30,26,50,remote
2026-08-06 13:04:31,30,44,local
2026-08-06 13:04:32,26,53,remote
2026-08-06 13:04:33,30,44,local
2026-08-06 13:04:34,26,57,remote
2026-08-06 13:04:35,30,43,local
2026-08-06 13:04:36,26,60,remote
2026-08-06 13:04:37,30,43,local
2026-08-06 13:04:38,26,62,remote
2026-08-06 13:04:39,29,42,local
2026-08-06 13:04:40,26,64,remote
2026-08-06 13:04:41,29,42,local
2026-08-06 13:04:42,26,66,remote
2026-08-06 13:04:43,29,42,local
2026-08-06 13:04:44,26,68,remote
2026-08-06 13:04:45,29,42,local
2026-08-06 13:04:46,26,69,remote
2026-08-06 13:04:47,29,41,local
2026-08-06 13:04:48,26,71,remote
2026-08-06 13:04:49,29,41,local
2026-08-06 13:04:50,26,72,remote
2026-08-06 13:04:51,29,41,local
2026-08-06 13:04:52,26,73,remote
2026-08-06 13:04:53,29,41,local
2026-08-06 13:04:54,26,74,remote
2026-08-06 13:04:55,29,41,local
2026-08-06 13:04:56,25,75,remote
2026-08-06 13:04:57,29,41,local
2026-08-06 13:04:59,25,75,remote
2026-08-06 13:05:00,29,41,local
2026-08-06 13:05:01,25,75,remote
2026-08-06 13:05:02,29,41,local
2026-08-06 13:05:03,25,74,remote
2026-08-06 13:05:04,28,41,local
2026-08-06 13:05:05,25,72,remote
2026-08-06 13:05:06,28,41,local
2026-08-06 13:05:07,25,70,remote
2026-08-06 13:05:08,28,41,local
2026-08-06 13:05:09,25,68,remote
2026-08-06 13:05:10,28,41,local
2026-08-06 13:05:11,25,66,remote
2026-08-06 13:05:12,28,41,local
2026-08-06 13:05:13,25,65,remote
2026-08-06 13:05:14,28,41,local
2026-08-06 13:05:15,25,63,remote
2026-08-06 13:05:16,28,41,local
2026-08-06 13:05:17,25,62,remote
2026-08-06 13:05:18,28,41,local
2026-08-06 13:05:19,25,61,remote
2026-08-06 13:05:20,28,41,local
2026-08-06 13:05:21,25,60,remote
2026-08-06 13:05:22,28,41,local
2026-08-06 13:05:23,25,59,remote
2026-08-06 13:05:24,28,41,local
2026-08-06 13:05:25,25,58,remote
2026-08-06 13:05:26,28,41,local
2026-08-06 13:05:27,25,57,remote
2026-08-06 13:05:28,28,41,local
2026-08-06 13:05:29,25,56,remote
2026-08-06 13:05:30,28,41,local
2026-08-06 13:05:31,24,56,remote
2026-08-06 13:05:32,28,41,local
2026-08-06 13:05:33,24,55,remote
2026-08-06 13:05:34,27,41,local
2026-08-06 13:05:35,24,55,remote
2026-08-06 13:05:36,27,41,local
2026-08-06 13:05:37,24,54,remote
2026-08-06 13:05:38,27,41,local
2026-08-06 13:05:39,24,53,remote
2026-08-06 13:05:40,27,41,local
2026-08-06 13:05:41,24,54,remote
2026-08-06 13:05:42,27,41,local
2026-08-06 13:05:43,24,58,remote
2026-08-06 13:05:44,27,41,local
2026-08-06 13:05:45,24,61,remote
2026-08-06 13:05:46,27,41,local
2026-08-06 13:05:47,24,64,remote
2026-08-06 13:05:48,27,42,local
2026-08-06 13:05:49,24,67,remote
2026-08-06 13:05:50,27,42,local
2026-08-06 13:05:51,24,69,remote
2026-08-06 13:05:52,27,42,local
2026-08-06 13:05:53,24,71,remote
2026-08-06 13:05:54,27,42,local
2026-08-06 13:05:55,24,73,remote
2026-08-06 13:05:56,27,42,local
2026-08-06 13:05:57,24,74,remote
2026-08-06 13:05:58,27,42,local
2026-08-06 13:05:59,24,75,remote
2026-08-06 13:06:00,27,42,local
2026-08-06 13:06:01,24,75,remote
2026-08-06 13:06:02,27,42,local
2026-08-06 13:06:03,24,74,remote
2026-08-06 13:06:04,27,42,local
2026-08-06 13:06:06,24,73,remote
2026-08-06 13:06:06,27,42,local
2026-08-06 13:06:08,24,71,remote
2026-08-06 13:06:08,27,42,local
2026-08-06 13:06:10,24,70,remote
2026-08-06 13:06:10,26,43,local
2026-08-06 13:06:12,24,68,remote
2026-08-06 13:06:12,26,43,local
2026-08-06 13:06:14,24,66,remote
2026-08-06 13:06:14,26,43,local
2026-08-06 13:06:16,24,65,remote
2026-08-06 13:06:16,26,43,local
2026-08-06 13:06:18,24,63,remote
2026-08-06 13:06:18,26,43,local
2026-08-06 13:06:20,24,62,remote
2026-08-06 13:06:20,26,43,local
2026-08-06 13:06:22,24,61,remote
2026-08-06 13:06:22,26,43,local
2026-08-06 13:06:24,24,60,remote
2026-08-06 13:06:24,26,43,local
2026-08-06 13:06:26,24,59,remote
2026-08-06 13:06:27,26,43,local
2026-08-06 13:06:28,24,59,remote
2026-08-06 13:06:29,26,43,local
2026-08-06 13:06:30,24,58,remote
2026-08-06 13:06:31,26,43,local
2026-08-06 13:06:32,24,57,remote
2026-08-06 13:06:33,26,43,local
2026-08-06 13:06:34,24,57,remote
2026-08-06 13:06:35,26,43,local
2026-08-06 13:06:36,24,56,remote
2026-08-06 13:06:37,26,43,local
2026-08-06 13:06:38,24,56,remote
2026-08-06 13:06:39,26,43,local
2026-08-06 13:06:40,24,55,remote
2026-08-06 13:06:41,26,43,local
2026-08-06 13:06:42,24,55,remote
2026-08-06 13:06:43,26,43,local
2026-08-06 13:06:44,24,55,remote
2026-08-06 13:06:45,26,43,local
2026-08-06 13:06:46,24,54,remote
2026-08-06 13:06:47,26,43,local
2026-08-06 13:06:48,24,54,remote
2026-08-06 13:06:49,26,44,local
2026-08-06 13:06:50,24,54,remote
2026-08-06 13:06:51,26,44,local
2026-08-06 13:06:52,24,54,remote
2026-08-06 13:06:53,26,44,local
2026-08-06 13:06:54,24,53,remote
2026-08-06 13:06:55,26,44,local
2026-08-06 13:06:56,24,53,remote
2026-08-06 13:06:57,26,44,local
2026-08-06 13:06:58,24,53,remote
2026-08-06 13:06:59,26,44,local
2026-08-06 13:07:00,24,53,remote
2026-08-06 13:07:01,26,44,local
2026-08-06 13:07:02,24,52,remote
2026-08-06 13:07:03,26,44,local
2026-08-06 13:07:04,24,52,remote
2026-08-06 13:07:05,26,44,local
2026-08-06 13:07:06,24,52,remote
2026-08-06 13:07:07,26,44,local
2026-08-06 13:07:08,24,52,remote
2026-08-06 13:07:09,26,44,local
2026-08-06 13:07:10,24,52,remote
2026-08-06 13:07:11,26,44,local
2026-08-06 13:07:13,24,52,remote
2026-08-06 13:07:13,26,44,local
2026-08-06 13:07:15,24,52,remote
2026-08-06 13:07:15,26,44,local
2026-08-06 13:07:17,24,52,remote
2026-08-06 13:07:17,26,44,local
2026-08-06 13:07:19,25,51,remote
2026-08-06 13:07:19,26,44,local
2026-08-06 13:07:21,25,51,remote
2026-08-06 13:07:21,25,44,local
2026-08-06 13:07:23,25,51,remote
2026-08-06 13:07:23,26,44,local
2026-08-06 13:07:25,25,51,remote
2026-08-06 13:07:25,25,44,local
2026-08-06 13:07:27,25,51,remote
2026-08-06 13:07:27,25,44,local
2026-08-06 13:07:29,25,51,remote
2026-08-06 13:07:29,25,44,local
2026-08-06 13:07:31,25,51,remote
2026-08-06 13:07:31,25,44,local
2026-08-06 13:07:33,25,51,remote
2026-08-06 13:07:33,25,44,local
2026-08-06 13:07:35,25,51,remote
2026-08-06 13:07:35,25,44,local
2026-08-06 13:07:37,25,51,remote
2026-08-06 13:07:37,25,44,local
2026-08-06 13:07:39,25,50,remote
2026-08-06 13:07:39,25,45,local
2026-08-06 13:07:41,25,50,remote
2026-08-06 13:07:41,25,45,local
2026-08-06 13:07:43,25,50,remote
2026-08-06 13:07:43,25,45,local
2026-08-06 13:07:45,25,50,remote
2026-08-06 13:07:45,25,45,local
2026-08-06 13:07:47,25,50,remote
2026-08-06 13:07:47,25,45,local
2026-08-06 13:07:49,25,50,remote
2026-08-06 13:07:49,25,45,local
2026-08-06 13:07:51,25,50,remote
2026-08-06 13:07:51,25,45,local
2026-08-06 13:07:53,25,50,remote
2026-08-06 13:07:54,25,45,local
2026-08-06 13:07:55,25,50,remote
2026-08-06 13:07:56,25,45,local
2026-08-06 13:07:57,25,50,remote
2026-08-06 13:07:58,25,45,local
2026-08-06 13:07:59,25,50,remote
2026-08-06 13:08:00,25,45,local
2026-08-06 13:08:01,25,50,remote
2026-08-06 13:08:02,25,45,local
2026-08-06 13:08:03,25,50,remote
2026-08-06 13:08:04,25,45,local
2026-08-06 13:08:05,25,50,remote
2026-08-06 13:08:06,25,45,local
2026-08-06 13:08:07,25,49,remote
2026-08-06 13:08:08,25,45,local
2026-08-06 13:08:09,25,49,remote
2026-08-06 13:08:10,25,45,local
2026-08-06 13:08:11,25,49,remote
2026-08-06 13:08:12,25,45,local
2026-08-06 13:08:13,25,49,remote
2026-08-06 13:08:14,25,46,local
2026-08-06 13:08:15,25,49,remote
2026-08-06 13:08:16,25,46,local
2026-08-06 13:08:17,25,49,remote
2026-08-06 13:08:18,25,46,local
2026-08-06 13:08:20,25,49,remote
2026-08-06 13:08:20,25,46,local
2026-08-06 13:08:22,25,49,remote
2026-08-06 13:08:22,25,46,local
2026-08-06 13:08:24,25,49,remote
2026-08-06 13:08:24,25,46,local
2026-08-06 13:08:26,25,49,remote
2026-08-06 13:08:26,25,46,local
2026-08-06 13:08:28,25,49,remote
2026-08-06 13:08:28,25,46,local
2026-08-06 13:08:30,25,49,remote
2026-08-06 13:08:30,25,46,local
2026-08-06 13:08:32,25,49,remote
2026-08-06 13:08:32,25,46,local
2026-08-06 13:08:34,25,49,remote
2026-08-06 13:08:34,25,46,local
2026-08-06 13:08:36,25,49,remote
2026-08-06 13:08:36,25,46,local
2026-08-06 13:08:38,25,49,remote
2026-08-06 13:08:38,25,46,local
2026-08-06 13:08:40,25,49,remote
2026-08-06 13:08:40,25,46,local
2026-08-06 13:08:42,25,49,remote
2026-08-06 13:08:42,25,46,local
2026-08-06 13:08:44,25,49,remote
2026-08-06 13:08:44,25,46,local
2026-08-06 13:08:46,25,49,remote
2026-08-06 13:08:46,25,46,local
2026-08-06 13:08:48,25,49,remote
2026-08-06 13:08:48,25,46,local
2026-08-06 13:08:50,25,48,remote
2026-08-06 13:08:50,25,46,local
2026-08-06 13:08:52,25,48,remote
2026-08-06 13:08:52,25,46,local
2026-08-06 13:08:54,25,48,remote
2026-08-06 13:08:54,25,46,local
2026-08-06 13:08:56,25,48,remote
2026-08-06 13:08:56,25,46,local
2026-08-06 13:08:58,25,48,remote
2026-08-06 13:08:58,25,46,local
2026-08-06 13:09:00,25,48,remote
2026-08-06 13:09:00,25,46,local
2026-08-06 13:09:02,25,48,remote
2026-08-06 13:09:02,25,46,local
2026-08-06 13:09:04,25,48,remote
2026-08-06 13:09:04,25,46,local
2026-08-06 13:09:06,25,48,remote
2026-08-06 13:09:06,25,46,local
2026-08-06 13:09:08,25,48,remote
2026-08-06 13:09:08,25,46,local
2026-08-06 13:09:10,25,48,remote
2026-08-06 13:09:10,25,46,local
2026-08-06 13:09:12,25,48,remote
2026-08-06 13:09:12,25,46,local
2026-08-06 13:09:14,25,48,remote
2026-08-06 13:09:14,25,46,local
2026-08-06 13:09:16,25,48,remote
2026-08-06 13:09:16,25,46,local
2026-08-06 13:09:18,25,48,remote
2026-08-06 13:09:19,25,46,local
2026-08-06 13:09:20,25,48,remote
2026-08-06 13:09:21,25,46,local
2026-08-06 13:09:22,25,48,remote
2026-08-06 13:09:23,25,46,local
2026-08-06 13:09:24,25,48,remote
2026-08-06 13:09:25,25,46,local
2026-08-06 13:09:27,25,48,remote
2026-08-06 13:09:27,25,46,local
2026-08-06 13:09:29,25,48,remote
2026-08-06 13:09:29,25,46,local
2026-08-06 13:09:31,25,48,remote
2026-08-06 13:09:31,25,46,local
2026-08-06 13:09:33,25,48,remote
2026-08-06 13:09:33,25,47,local
2026-08-06 13:09:35,25,48,remote
2026-08-06 13:09:35,25,49,local
2026-08-06 13:09:37,25,48,remote
2026-08-06 13:09:37,25,56,local
2026-08-06 13:09:39,25,48,remote
2026-08-06 13:09:39,25,61,local
2026-08-06 13:09:41,25,48,remote
2026-08-06 13:09:41,25,65,local
2026-08-06 13:09:43,25,48,remote
2026-08-06 13:09:43,25,69,local
2026-08-06 13:09:45,25,48,remote
2026-08-06 13:09:45,26,72,local
2026-08-06 13:09:47,26,74,local
2026-08-06 13:09:47,25,48,remote
2026-08-06 13:09:49,26,76,local
2026-08-06 13:09:49,25,48,remote
2026-08-06 13:09:51,25,48,remote
2026-08-06 13:09:53,27,79,local
2026-08-06 13:09:53,25,48,remote
2026-08-06 13:09:55,27,80,local
2026-08-06 13:09:55,25,48,remote
2026-08-06 13:09:57,27,81,local
2026-08-06 13:09:57,25,48,remote
2026-08-06 13:09:59,27,74,local
2026-08-06 13:09:59,25,48,remote
2026-08-06 13:10:01,27,81,local
2026-08-06 13:10:01,25,48,remote
2026-08-06 13:10:03,28,79,local
2026-08-06 13:10:03,25,48,remote
2026-08-06 13:10:05,28,77,local
2026-08-06 13:10:05,25,48,remote
2026-08-06 13:10:07,28,74,local
2026-08-06 13:10:07,25,48,remote
2026-08-06 13:10:09,28,71,local
2026-08-06 13:10:09,25,48,remote
2026-08-06 13:10:11,28,68,local
2026-08-06 13:10:11,25,48,remote
2026-08-06 13:10:13,28,64,local
2026-08-06 13:10:13,25,47,remote
2026-08-06 13:10:15,28,61,local
2026-08-06 13:10:15,25,47,remote
2026-08-06 13:10:17,28,58,local
2026-08-06 13:10:17,25,47,remote
2026-08-06 13:10:19,28,56,local
2026-08-06 13:10:19,25,47,remote
2026-08-06 13:10:21,28,54,local
2026-08-06 13:10:21,25,47,remote
2026-08-06 13:10:23,28,52,local
2026-08-06 13:10:23,25,47,remote
2026-08-06 13:10:25,28,51,local
2026-08-06 13:10:25,25,47,remote
2026-08-06 13:10:27,28,50,local
2026-08-06 13:10:27,25,47,remote
2026-08-06 13:10:29,28,49,local
2026-08-06 13:10:29,25,47,remote
2026-08-06 13:10:31,28,48,local
2026-08-06 13:10:31,25,47,remote
2026-08-06 13:10:33,28,47,local
2026-08-06 13:10:34,25,47,remote
2026-08-06 13:10:35,28,47,local
2026-08-06 13:10:36,25,47,remote
2026-08-06 13:10:37,28,46,local
2026-08-06 13:10:38,25,47,remote
2026-08-06 13:10:39,28,46,local
2026-08-06 13:10:40,25,47,remote
2026-08-06 13:10:41,28,45,local
2026-08-06 13:10:42,25,47,remote
2026-08-06 13:10:43,28,45,local
2026-08-06 13:10:44,25,47,remote
2026-08-06 13:10:46,28,45,local
2026-08-06 13:10:46,25,47,remote
2026-08-06 13:10:48,28,45,local
2026-08-06 13:10:48,25,47,remote
2026-08-06 13:10:50,28,44,local
2026-08-06 13:10:50,25,47,remote
2026-08-06 13:10:52,28,44,local
2026-08-06 13:10:52,25,47,remote
2026-08-06 13:10:54,28,44,local
2026-08-06 13:10:54,25,47,remote
2026-08-06 13:10:56,28,44,local
2026-08-06 13:10:56,25,47,remote
2026-08-06 13:10:58,27,44,local
2026-08-06 13:10:58,25,47,remote
2026-08-06 13:11:00,27,44,local
2026-08-06 13:11:00,25,47,remote
2026-08-06 13:11:02,27,44,local
2026-08-06 13:11:02,25,47,remote
2026-08-06 13:11:04,27,44,local
2026-08-06 13:11:04,25,47,remote
2026-08-06 13:11:06,27,44,local
2026-08-06 13:11:06,26,47,remote
2026-08-06 13:11:08,27,44,local
2026-08-06 13:11:08,26,47,remote
2026-08-06 13:11:10,27,45,local
2026-08-06 13:11:10,26,47,remote
2026-08-06 13:11:12,27,45,local
2026-08-06 13:11:12,26,47,remote
2026-08-06 13:11:14,27,45,local
2026-08-06 13:11:14,26,47,remote
2026-08-06 13:11:16,27,45,local
2026-08-06 13:11:16,26,47,remote
2026-08-06 13:11:18,27,44,local
2026-08-06 13:11:18,26,47,remote
2026-08-06 13:11:20,27,44,local
2026-08-06 13:11:20,26,47,remote
2026-08-06 13:11:22,27,44,local
2026-08-06 13:11:22,26,47,remote
2026-08-06 13:11:24,27,44,local
2026-08-06 13:11:24,26,47,remote
2026-08-06 13:11:26,27,44,local
2026-08-06 13:11:26,26,47,remote
2026-08-06 13:11:28,27,44,local
2026-08-06 13:11:28,26,47,remote
2026-08-06 13:11:30,27,44,local
2026-08-06 13:11:30,26,47,remote
2026-08-06 13:11:32,27,44,local
2026-08-06 13:11:32,26,47,remote
2026-08-06 13:11:34,27,44,local
2026-08-06 13:11:34,26,47,remote
2026-08-06 13:11:36,27,44,local
2026-08-06 13:11:36,26,47,remote
2026-08-06 13:11:38,27,44,local
2026-08-06 13:11:38,26,47,remote
2026-08-06 13:11:40,27,44,local
2026-08-06 13:11:41,26,47,remote
2026-08-06 13:11:42,26,44,local
2026-08-06 13:11:43,26,47,remote
2026-08-06 13:11:44,26,44,local
2026-08-06 13:11:45,26,47,remote
2026-08-06 13:11:46,26,44,local
2026-08-06 13:11:47,26,47,remote
2026-08-06 13:11:48,26,44,local
2026-08-06 13:11:49,26,47,remote
2026-08-06 13:11:50,26,44,local
2026-08-06 13:11:51,26,47,remote
2026-08-06 13:11:52,26,44,local
2026-08-06 13:11:53,26,47,remote
2026-08-06 13:11:54,26,44,local
2026-08-06 13:11:55,26,47,remote
2026-08-06 13:11:56,26,44,local
2026-08-06 13:11:57,26,47,remote
2026-08-06 13:11:58,26,44,local
2026-08-06 13:11:59,26,47,remote
2026-08-06 13:12:00,26,44,local
2026-08-06 13:12:01,26,47,remote
2026-08-06 13:12:02,26,44,local
2026-08-06 13:12:03,26,47,remote
2026-08-06 13:12:04,26,44,local
2026-08-06 13:12:05,26,46,remote
2026-08-06 13:12:06,26,44,local
2026-08-06 13:12:07,26,46,remote
2026-08-06 13:12:08,26,44,local
2026-08-06 13:12:09,26,46,remote
2026-08-06 13:12:10,26,44,local
2026-08-06 13:12:11,26,46,remote
2026-08-06 13:12:13,26,44,local
2026-08-06 13:12:13,26,46,remote
2026-08-06 13:12:15,26,44,local
2026-08-06 13:12:15,26,46,remote
2026-08-06 13:12:17,26,44,local
2026-08-06 13:12:17,26,46,remote
2026-08-06 13:12:19,26,44,local
2026-08-06 13:12:19,26,46,remote
2026-08-06 13:12:21,26,44,local
2026-08-06 13:12:21,26,46,remote
2026-08-06 13:12:23,26,45,local
2026-08-06 13:12:23,26,46,remote
2026-08-06 13:12:25,26,45,local
2026-08-06 13:12:25,26,46,remote
2026-08-06 13:12:27,26,45,local
2026-08-06 13:12:27,26,46,remote
2026-08-06 13:12:29,26,45,local
2026-08-06 13:12:29,26,46,remote
2026-08-06 13:12:31,26,45,local
2026-08-06 13:12:31,26,46,remote
2026-08-06 13:12:33,26,45,local
2026-08-06 13:12:33,26,46,remote
2026-08-06 13:12:35,25,45,local
2026-08-06 13:12:35,26,46,remote
2026-08-06 13:12:37,25,45,local
2026-08-06 13:12:37,26,46,remote
2026-08-06 13:12:39,25,45,local
2026-08-06 13:12:39,26,46,remote
2026-08-06 13:12:41,25,45,local
2026-08-06 13:12:41,26,46,remote
2026-08-06 13:12:43,25,45,local
2026-08-06 13:12:43,26,46,remote
2026-08-06 13:12:45,25,45,local
2026-08-06 13:12:45,26,46,remote
2026-08-06 13:12:47,25,45,local
2026-08-06 13:12:47,26,46,remote
2026-08-06 13:12:49,25,45,local
2026-08-06 13:12:50,26,46,remote
2026-08-06 13:12:51,25,46,local
2026-08-06 13:12:52,26,46,remote
2026-08-06 13:12:53,25,46,local
2026-08-06 13:12:54,26,46,remote
2026-08-06 13:12:55,25,46,local
2026-08-06 13:12:56,26,46,remote
2026-08-06 13:12:57,25,46,local
2026-08-06 13:12:58,26,46,remote
2026-08-06 13:12:59,25,46,local
2026-08-06 13:13:00,26,46,remote
2026-08-06 13:13:01,25,46,local
2026-08-06 13:13:02,26,46,remote
2026-08-06 13:13:03,25,46,local
2026-08-06 13:13:04,26,46,remote
2026-08-06 13:13:05,25,46,local
2026-08-06 13:13:06,26,46,remote
2026-08-06 13:13:07,25,46,local
2026-08-06 13:13:08,26,46,remote
2026-08-06 13:13:09,25,46,local
2026-08-06 13:13:10,26,46,remote
2026-08-06 13:13:11,25,46,local
2026-08-06 13:13:12,26,46,remote
2026-08-06 13:13:13,25,46,local
2026-08-06 13:13:14,26,46,remote
2026-08-06 13:13:15,25,46,local
2026-08-06 13:13:16,26,46,remote
2026-08-06 13:13:17,25,46,local
2026-08-06 13:13:18,26,46,remote
2026-08-06 13:13:19,25,46,local
2026-08-06 13:13:20,26,46,remote
2026-08-06 13:13:21,25,46,local
2026-08-06 13:13:22,26,46,remote
2026-08-06 13:13:23,25,46,local
2026-08-06 13:13:24,26,46,remote
2026-08-06 13:13:25,25,46,local
2026-08-06 13:13:26,26,46,remote
2026-08-06 13:13:27,25,46,local
2026-08-06 13:13:28,26,46,remote
2026-08-06 13:13:29,25,46,local
2026-08-06 13:13:30,26,46,remote
2026-08-06 13:13:31,25,46,local
2026-08-06 13:13:32,26,46,remote
2026-08-06 13:13:33,25,46,local
2026-08-06 13:13:34,26,46,remote
2026-08-06 13:13:35,25,46,local
2026-08-06 13:13:36,26,46,remote
2026-08-06 13:13:38,25,46,local
2026-08-06 13:13:38,26,46,remote
2026-08-06 13:13:40,25,46,local
2026-08-06 13:13:40,26,46,remote
2026-08-06 13:13:42,25,46,local
2026-08-06 13:13:42,26,46,remote
2026-08-06 13:13:44,25,46,local
2026-08-06 13:13:44,26,46,remote
2026-08-06 13:13:46,25,46,local
2026-08-06 13:13:46,26,46,remote
2026-08-06 13:13:48,25,46,local
2026-08-06 13:13:48,26,46,remote
2026-08-06 13:13:50,25,46,local
2026-08-06 13:13:50,26,46,remote
2026-08-06 13:13:52,25,46,local
2026-08-06 13:13:52,26,46,remote
2026-08-06 13:13:54,25,46,local
2026-08-06 13:13:54,26,45,remote
2026-08-06 13:13:56,25,46,local
2026-08-06 13:13:57,26,45,remote
2026-08-06 13:13:58,25,46,local
2026-08-06 13:13:59,26,45,remote
2026-08-06 13:14:00,25,46,local
2026-08-06 13:14:01,26,45,remote
2026-08-06 13:14:02,25,46,local
2026-08-06 13:14:03,26,45,remote
2026-08-06 13:14:04,24,46,local
2026-08-06 13:14:05,26,45,remote
2026-08-06 13:14:06,24,47,local
2026-08-06 13:14:07,26,45,remote
2026-08-06 13:14:08,24,47,local
2026-08-06 13:14:09,26,45,remote
2026-08-06 13:14:10,24,47,local
2026-08-06 13:14:11,26,45,remote
2026-08-06 13:14:12,24,47,local
2026-08-06 13:14:13,26,45,remote
2026-08-06 13:14:14,24,47,local
2026-08-06 13:14:15,26,45,remote
2026-08-06 13:14:16,24,47,local
2026-08-06 13:14:17,26,45,remote
2026-08-06 13:14:18,24,47,local
2026-08-06 13:14:19,26,45,remote
2026-08-06 13:14:20,24,47,local
2026-08-06 13:14:21,26,45,remote
2026-08-06 13:14:22,24,47,local
2026-08-06 13:14:23,26,45,remote
2026-08-06 13:14:24,24,47,local
2026-08-06 13:14:25,26,45,remote
2026-08-06 13:14:26,24,47,local
2026-08-06 13:14:27,26,45,remote
2026-08-06 13:14:28,24,47,local
2026-08-06 13:14:29,26,45,remote
2026-08-06 13:14:30,24,47,local
2026-08-06 13:14:31,26,45,remote
2026-08-06 13:14:32,24,47,local
2026-08-06 13:14:33,26,45,remote
2026-08-06 13:14:34,24,47,local
2026-08-06 13:14:35,26,45,remote
2026-08-06 13:14:36,24,47,local
2026-08-06 13:14:37,26,45,remote
2026-08-06 13:14:38,24,47,local
2026-08-06 13:14:39,26,45,remote
2026-08-06 13:14:40,24,47,local
2026-08-06 13:14:41,26,45,remote
2026-08-06 13:14:42,24,47,local
2026-08-06 13:14:43,26,45,remote
2026-08-06 13:14:44,24,47,local
2026-08-06 13:14:45,26,45,remote
2026-08-06 13:14:46,24,47,local
2026-08-06 13:14:47,26,45,remote
2026-08-06 13:14:48,24,47,local
2026-08-06 13:14:49,26,45,remote
2026-08-06 13:14:50,24,47,local
2026-08-06 13:14:51,26,45,remote
2026-08-06 13:14:52,24,47,local
2026-08-06 13:14:53,26,45,remote
2026-08-06 13:14:54,24,47,local
2026-08-06 13:14:55,26,45,remote
2026-08-06 13:14:56,24,47,local
2026-08-06 13:14:57,26,45,remote
2026-08-06 13:14:58,24,47,local
2026-08-06 13:14:59,26,45,remote
2026-08-06 13:15:00,24,48,local
2026-08-06 13:15:01,26,45,remote
2026-08-06 13:15:02,24,48,local
2026-08-06 13:15:04,26,45,remote
2026-08-06 13:15:05,24,48,local
2026-08-06 13:15:06,26,45,remote
2026-08-06 13:15:07,24,47,local
2026-08-06 13:17:41,25,47,local
2026-08-06 13:17:42,26,44,remote
2026-08-06 13:17:43,25,47,local
2026-08-06 13:17:44,26,44,remote
2026-08-06 13:17:45,25,47,local
2026-08-06 13:17:46,26,44,remote
2026-08-06 13:17:47,25,47,local
2026-08-06 13:17:48,26,44,remote
2026-08-06 13:17:49,25,47,local
2026-08-06 13:17:50,26,44,remote
2026-08-06 13:17:51,25,47,local
2026-08-06 13:17:52,26,47,remote
2026-08-06 13:17:53,25,47,local
2026-08-06 13:17:54,26,54,remote
2026-08-06 13:17:55,25,47,local
2026-08-06 13:17:56,26,60,remote
2026-08-06 13:17:57,25,47,local
2026-08-06 13:17:58,26,65,remote
2026-08-06 13:17:59,25,47,local
2026-08-06 13:18:00,26,69,remote
2026-08-06 13:18:01,25,47,local
2026-08-06 13:18:02,27,72,remote
2026-08-06 13:18:03,25,46,local
2026-08-06 13:18:04,27,75,remote
2026-08-06 13:18:05,25,47,local
2026-08-06 13:18:06,27,76,remote
2026-08-06 13:18:07,25,50,local
2026-08-06 13:18:08,27,77,remote
2026-08-06 13:18:09,25,56,local
2026-08-06 13:18:10,27,75,remote
2026-08-06 13:18:11,25,61,local
2026-08-06 13:18:12,27,73,remote
2026-08-06 13:18:13,26,65,local
2026-08-06 13:18:14,27,71,remote
2026-08-06 13:18:15,26,68,local
2026-08-06 13:18:16,27,68,remote
2026-08-06 13:18:17,26,70,local
2026-08-06 13:18:18,27,65,remote
2026-08-06 13:18:19,26,72,local
2026-08-06 13:18:20,27,62,remote
2026-08-06 13:18:21,27,73,local
2026-08-06 13:18:22,27,60,remote
2026-08-06 13:18:23,27,74,local
2026-08-06 13:18:25,27,58,remote
2026-08-06 13:18:25,27,74,local
2026-08-06 13:18:27,27,56,remote
2026-08-06 13:18:27,27,72,local
2026-08-06 13:18:29,27,55,remote
2026-08-06 13:18:29,28,69,local
2026-08-06 13:18:31,27,53,remote
2026-08-06 13:18:31,28,66,local
2026-08-06 13:18:33,27,52,remote
2026-08-06 13:18:33,28,63,local
2026-08-06 13:18:35,27,51,remote
2026-08-06 13:18:35,28,59,local
2026-08-06 13:18:37,27,50,remote
2026-08-06 13:18:37,28,57,local
2026-08-06 13:18:39,27,49,remote
2026-08-06 13:18:39,28,55,local
2026-08-06 13:18:41,27,49,remote
2026-08-06 13:18:41,28,53,local
2026-08-06 13:18:43,27,48,remote
2026-08-06 13:18:43,28,51,local
2026-08-06 13:18:45,27,48,remote
2026-08-06 13:18:45,28,49,local
2026-08-06 13:18:47,27,48,remote
2026-08-06 13:18:47,28,48,local
2026-08-06 13:18:49,27,47,remote
2026-08-06 13:18:50,28,47,local
2026-08-06 13:18:51,27,47,remote
2026-08-06 13:18:52,28,47,local
2026-08-06 13:18:53,27,46,remote
2026-08-06 13:18:54,28,46,local
2026-08-06 13:18:55,27,46,remote
2026-08-06 13:18:56,28,45,local
2026-08-06 13:18:57,27,46,remote
2026-08-06 13:18:58,28,45,local
2026-08-06 13:18:59,27,46,remote
2026-08-06 13:19:00,28,45,local
2026-08-06 13:19:01,27,46,remote
2026-08-06 13:19:02,28,44,local
2026-08-06 13:19:03,27,45,remote
2026-08-06 13:19:04,28,44,local
2026-08-06 13:19:05,27,45,remote
2026-08-06 13:19:06,28,44,local
2026-08-06 13:19:07,27,45,remote
2026-08-06 13:19:08,28,43,local
2026-08-06 13:19:09,27,45,remote
2026-08-06 13:19:10,28,43,local
2026-08-06 13:19:11,27,45,remote
2026-08-06 13:19:12,28,43,local
2026-08-06 13:19:13,27,46,remote
2026-08-06 13:19:14,28,43,local
2026-08-06 13:19:15,27,49,remote
2026-08-06 13:19:16,28,43,local
2026-08-06 13:19:17,27,49,remote
2026-08-06 13:19:18,28,43,local
2026-08-06 13:19:19,27,49,remote
2026-08-06 13:19:20,28,43,local
2026-08-06 13:19:21,27,48,remote
2026-08-06 13:19:22,28,43,local
2026-08-06 13:19:23,27,47,remote
2026-08-06 13:19:24,27,43,local
2026-08-06 13:19:25,27,47,remote
2026-08-06 13:19:26,27,43,local
2026-08-06 13:19:27,27,46,remote
2026-08-06 13:19:28,27,43,local
2026-08-06 13:19:29,27,46,remote
2026-08-06 13:19:30,27,43,local
2026-08-06 13:19:32,27,46,remote
2026-08-06 13:19:32,27,43,local
2026-08-06 13:19:34,27,45,remote
2026-08-06 13:19:34,27,43,local
2026-08-06 13:19:36,27,45,remote
2026-08-06 13:19:36,27,43,local
2026-08-06 13:19:38,27,45,remote
2026-08-06 13:19:38,27,43,local
2026-08-06 13:19:40,27,45,remote
2026-08-06 13:19:40,27,43,local
2026-08-06 13:19:42,27,44,remote
2026-08-06 13:19:42,27,43,local
2026-08-06 13:19:44,27,44,remote
2026-08-06 13:19:44,27,43,local
2026-08-06 13:19:46,27,44,remote
2026-08-06 13:19:46,27,43,local
2026-08-06 13:19:48,27,44,remote
2026-08-06 13:19:48,27,43,local
2026-08-06 13:19:50,27,44,remote
2026-08-06 13:19:50,27,43,local
2026-08-06 13:19:52,27,44,remote
2026-08-06 13:19:52,26,43,local
2026-08-06 13:19:54,27,44,remote
2026-08-06 13:19:54,26,43,local
2026-08-06 13:19:56,27,44,remote
2026-08-06 13:19:56,26,43,local
2026-08-06 13:19:58,27,44,remote
2026-08-06 13:19:58,26,43,local
2026-08-06 13:20:00,27,44,remote
2026-08-06 13:20:00,26,43,local
2026-08-06 13:20:02,27,43,remote
2026-08-06 13:20:02,26,43,local
2026-08-06 13:20:04,27,43,remote
2026-08-06 13:20:04,26,44,local
2026-08-06 13:20:06,27,43,remote
2026-08-06 13:20:06,26,44,local
2026-08-06 13:20:08,27,43,remote
2026-08-06 13:20:08,26,44,local
2026-08-06 13:20:10,27,45,remote
2026-08-06 13:20:10,26,44,local
2026-08-06 13:20:12,27,53,remote
2026-08-06 13:20:12,26,44,local
2026-08-06 13:20:14,27,60,remote
2026-08-06 13:20:14,26,44,local
2026-08-06 13:20:16,27,65,remote
2026-08-06 13:20:17,26,44,local
2026-08-06 13:20:18,28,64,remote
2026-08-06 13:20:19,26,44,local
2026-08-06 13:20:20,28,70,remote
2026-08-06 13:20:21,26,44,local
2026-08-06 13:20:22,28,68,remote
2026-08-06 13:20:23,26,44,local
2026-08-06 13:20:24,28,65,remote
2026-08-06 13:20:25,26,44,local
2026-08-06 13:20:26,28,62,remote
2026-08-06 13:20:27,26,44,local
2026-08-06 13:20:28,28,60,remote
2026-08-06 13:20:29,26,44,local
2026-08-06 13:20:30,28,57,remote
2026-08-06 13:20:31,26,44,local
2026-08-06 13:20:32,28,55,remote
2026-08-06 13:20:33,25,45,local
2026-08-06 13:20:34,28,53,remote
2026-08-06 13:20:35,25,45,local
2026-08-06 13:20:36,28,51,remote
2026-08-06 13:20:37,25,45,local
2026-08-06 13:20:39,28,50,remote
2026-08-06 13:20:39,25,45,local
2026-08-06 13:20:41,28,49,remote
2026-08-06 13:20:41,25,45,local
2026-08-06 13:20:43,28,48,remote
2026-08-06 13:20:43,25,45,local
2026-08-06 13:20:45,28,47,remote
2026-08-06 13:20:45,25,45,local
2026-08-06 13:20:47,28,47,remote
2026-08-06 13:20:47,25,45,local
2026-08-06 13:20:49,28,46,remote
2026-08-06 13:20:49,25,45,local
2026-08-06 13:20:51,28,46,remote
2026-08-06 13:20:51,25,45,local
2026-08-06 13:20:53,28,45,remote
2026-08-06 13:20:53,25,45,local
2026-08-06 13:20:55,28,45,remote
2026-08-06 13:20:55,25,45,local
2026-08-06 13:20:57,28,44,remote
2026-08-06 13:20:57,25,45,local
2026-08-06 13:20:59,28,44,remote
2026-08-06 13:20:59,25,45,local
2026-08-06 13:21:01,28,44,remote
2026-08-06 13:21:01,25,46,local
2026-08-06 13:21:03,28,43,remote
2026-08-06 13:21:03,25,46,local
2026-08-06 13:21:05,28,43,remote
2026-08-06 13:21:05,25,46,local
2026-08-06 13:21:07,28,43,remote
2026-08-06 13:21:07,25,46,local
2026-08-06 13:21:09,28,43,remote
2026-08-06 13:21:09,25,46,local
2026-08-06 13:21:11,28,43,remote
2026-08-06 13:21:11,25,46,local
2026-08-06 13:21:13,28,43,remote
2026-08-06 13:21:13,25,46,local
2026-08-06 13:21:15,28,43,remote
2026-08-06 13:21:15,25,46,local
2026-08-06 13:21:17,28,42,remote
2026-08-06 13:21:17,25,46,local
2026-08-06 13:21:19,28,42,remote
2026-08-06 13:21:19,25,46,local
2026-08-06 13:21:21,28,42,remote
2026-08-06 13:21:21,25,46,local
2026-08-06 13:21:23,28,42,remote
2026-08-06 13:21:23,24,47,local
2026-08-06 13:21:25,28,42,remote
2026-08-06 13:21:25,24,49,local
2026-08-06 13:21:27,28,42,remote
2026-08-06 13:21:27,25,52,local
2026-08-06 13:21:29,28,42,remote
2026-08-06 13:21:29,25,54,local
2026-08-06 13:21:31,28,42,remote
2026-08-06 13:21:31,25,57,local
2026-08-06 13:21:33,28,42,remote
2026-08-06 13:21:33,25,59,local
2026-08-06 13:21:35,28,42,remote
2026-08-06 13:21:37,28,42,remote
2026-08-06 13:21:37,26,59,local
2026-08-06 13:21:39,28,42,remote
2026-08-06 13:21:39,26,64,local
2026-08-06 13:21:41,28,42,remote
2026-08-06 13:21:42,26,65,local
2026-08-06 13:21:43,27,42,remote
2026-08-06 13:21:44,27,66,local
2026-08-06 13:21:46,27,67,local
2026-08-06 13:21:46,27,42,remote
2026-08-06 13:21:48,27,62,local
2026-08-06 13:21:48,27,42,remote
2026-08-06 13:21:50,27,42,remote
2026-08-06 13:21:52,28,65,local
2026-08-06 13:21:52,27,42,remote
2026-08-06 13:21:54,28,62,local
2026-08-06 13:21:54,27,42,remote
2026-08-06 13:21:56,28,59,local
2026-08-06 13:21:56,27,42,remote
2026-08-06 13:21:58,28,56,local
2026-08-06 13:21:58,27,42,remote
2026-08-06 13:22:00,28,54,local
2026-08-06 13:22:00,27,42,remote
2026-08-06 13:22:02,28,52,local
2026-08-06 13:22:02,27,42,remote
2026-08-06 13:22:04,28,50,local
2026-08-06 13:22:04,27,42,remote
2026-08-06 13:22:06,28,49,local
2026-08-06 13:22:06,27,42,remote
2026-08-06 13:22:08,28,48,local
2026-08-06 13:22:08,27,42,remote
2026-08-06 13:22:10,28,47,local
2026-08-06 13:22:10,27,42,remote
2026-08-06 13:22:12,28,46,local
2026-08-06 13:22:12,27,42,remote
2026-08-06 13:22:14,28,46,local
2026-08-06 13:22:14,27,42,remote
2026-08-06 13:22:16,28,45,local
2026-08-06 13:22:16,27,42,remote
2026-08-06 13:22:18,28,45,local
2026-08-06 13:22:18,27,42,remote
2026-08-06 13:22:20,28,44,local
2026-08-06 13:22:20,27,42,remote
2026-08-06 13:22:22,28,44,local
2026-08-06 13:22:22,27,42,remote
2026-08-06 13:22:24,28,44,local
2026-08-06 13:22:24,27,42,remote
2026-08-06 13:22:26,28,44,local
2026-08-06 13:22:26,27,46,remote
2026-08-06 13:22:28,28,43,local
2026-08-06 13:22:28,27,53,remote
2026-08-06 13:22:30,28,43,local
2026-08-06 13:22:30,27,60,remote
2026-08-06 13:22:32,28,43,local
2026-08-06 13:22:32,27,65,remote
2026-08-06 13:22:34,28,43,local
2026-08-06 13:22:34,27,67,remote
2026-08-06 13:22:36,27,43,local
2026-08-06 13:22:36,27,70,remote
2026-08-06 13:22:38,27,43,local
2026-08-06 13:22:38,28,68,remote
2026-08-06 13:22:40,27,43,local
2026-08-06 13:22:40,28,66,remote
2026-08-06 13:22:42,27,43,local
2026-08-06 13:22:42,28,63,remote
2026-08-06 13:22:44,27,43,local
2026-08-06 13:22:44,28,60,remote
2026-08-06 13:22:46,27,43,local
2026-08-06 13:22:46,28,58,remote
2026-08-06 13:22:48,27,43,local
2026-08-06 13:22:48,28,56,remote
2026-08-06 13:22:50,27,43,local
2026-08-06 13:22:50,28,54,remote
2026-08-06 13:22:52,27,43,local
2026-08-06 13:22:53,28,53,remote
2026-08-06 13:22:54,27,43,local
2026-08-06 13:22:55,28,51,remote
2026-08-06 13:22:56,27,43,local
2026-08-06 13:22:57,28,50,remote
2026-08-06 13:22:58,27,43,local
2026-08-06 13:22:59,28,49,remote
2026-08-06 13:23:00,27,43,local
2026-08-06 13:23:01,28,49,remote
2026-08-06 13:23:02,27,43,local
2026-08-06 13:23:03,28,48,remote
2026-08-06 13:23:04,27,43,local
2026-08-06 13:23:05,28,47,remote
2026-08-06 13:23:06,26,43,local
2026-08-06 13:23:07,28,47,remote
2026-08-06 13:23:09,26,43,local
2026-08-06 13:23:09,28,46,remote
2026-08-06 13:23:11,26,43,local
2026-08-06 13:23:11,28,46,remote
2026-08-06 13:23:13,26,43,local
2026-08-06 13:23:13,27,46,remote
2026-08-06 13:23:15,26,43,local
2026-08-06 13:23:15,27,45,remote
2026-08-06 13:23:17,26,43,local
2026-08-06 13:23:17,27,45,remote
2026-08-06 13:23:19,26,43,local
2026-08-06 13:23:19,27,45,remote
2026-08-06 13:23:21,26,43,local
2026-08-06 13:23:21,27,44,remote
2026-08-06 13:23:23,26,43,local
2026-08-06 13:23:23,27,44,remote
2026-08-06 13:23:25,26,44,local
2026-08-06 13:23:25,27,44,remote
2026-08-06 13:23:27,26,44,local
2026-08-06 13:23:27,27,44,remote
2026-08-06 13:23:29,26,44,local
2026-08-06 13:23:29,27,44,remote
2026-08-06 13:23:31,26,44,local
2026-08-06 13:23:31,27,44,remote
2026-08-06 13:23:33,26,44,local
2026-08-06 13:23:33,27,44,remote
2026-08-06 13:23:35,26,44,local
2026-08-06 13:23:35,27,44,remote
2026-08-06 13:23:37,26,44,local
2026-08-06 13:23:37,27,44,remote
2026-08-06 13:23:39,26,44,local
2026-08-06 13:23:39,27,43,remote
2026-08-06 13:23:41,26,47,local
2026-08-06 13:23:41,27,43,remote
2026-08-06 13:23:43,26,50,local
2026-08-06 13:23:43,27,43,remote
2026-08-06 13:23:45,26,52,local
2026-08-06 13:23:45,27,43,remote
2026-08-06 13:23:47,26,55,local
2026-08-06 13:23:47,27,43,remote
2026-08-06 13:23:49,26,57,local
2026-08-06 13:23:49,27,43,remote
2026-08-06 13:23:51,26,57,local
2026-08-06 13:23:51,27,44,remote
2026-08-06 13:23:53,27,59,local
2026-08-06 13:23:53,27,50,remote
2026-08-06 13:23:55,27,58,local
2026-08-06 13:23:55,27,56,remote
2026-08-06 13:23:57,27,56,local
2026-08-06 13:23:57,28,60,remote
2026-08-06 13:23:59,27,54,local
2026-08-06 13:24:00,28,64,remote
2026-08-06 13:24:01,27,52,local
2026-08-06 13:24:02,28,68,remote
2026-08-06 13:24:03,27,51,local
2026-08-06 13:24:04,28,68,remote
2026-08-06 13:24:05,27,49,local
2026-08-06 13:24:06,28,66,remote
2026-08-06 13:24:07,28,48,local
2026-08-06 13:24:08,28,63,remote
2026-08-06 13:24:09,28,48,local
2026-08-06 13:24:10,28,61,remote
2026-08-06 13:24:11,28,47,local
2026-08-06 13:24:12,28,58,remote
2026-08-06 13:24:13,28,46,local
2026-08-06 13:24:14,28,56,remote
2026-08-06 13:24:15,28,46,local
2026-08-06 13:24:16,28,54,remote
2026-08-06 13:24:17,28,45,local
2026-08-06 13:24:18,28,52,remote
2026-08-06 13:24:19,27,45,local
2026-08-06 13:24:20,28,51,remote
2026-08-06 13:24:21,28,45,local
2026-08-06 13:24:22,28,50,remote
2026-08-06 13:24:23,27,44,local
2026-08-06 13:24:24,28,49,remote
2026-08-06 13:24:25,27,44,local
2026-08-06 13:24:26,28,48,remote
2026-08-06 13:24:27,27,44,local
2026-08-06 13:24:28,28,47,remote
2026-08-06 13:24:29,27,44,local
2026-08-06 13:24:30,28,47,remote
2026-08-06 13:24:31,27,44,local
2026-08-06 13:24:32,28,46,remote
2026-08-06 13:24:33,27,44,local
2026-08-06 13:24:34,28,46,remote
2026-08-06 13:24:36,27,43,local
2026-08-06 13:24:36,28,45,remote
2026-08-06 13:24:38,27,43,local
2026-08-06 13:24:38,28,45,remote
2026-08-06 13:24:40,27,43,local
2026-08-06 13:24:40,28,45,remote
2026-08-06 13:24:42,27,43,local
2026-08-06 13:24:42,28,44,remote
2026-08-06 13:24:44,27,43,local
2026-08-06 13:24:44,28,44,remote
2026-08-06 13:24:46,27,43,local
2026-08-06 13:24:46,28,44,remote
2026-08-06 13:24:48,27,43,local
2026-08-06 13:24:48,28,43,remote
2026-08-06 13:24:50,27,43,local
2026-08-06 13:24:50,28,43,remote
2026-08-06 13:24:52,27,43,local
2026-08-06 13:24:52,28,43,remote
2026-08-06 13:24:54,27,43,local
2026-08-06 13:24:54,28,43,remote
2026-08-06 13:24:56,27,43,local
2026-08-06 13:24:56,28,43,remote
2026-08-06 13:24:58,27,43,local
2026-08-06 13:24:58,28,43,remote
2026-08-06 13:25:00,27,43,local
2026-08-06 13:25:00,28,43,remote
2026-08-06 13:25:02,26,43,local
2026-08-06 13:25:02,28,43,remote
2026-08-06 13:25:04,26,43,local
2026-08-06 13:25:04,28,42,remote
2026-08-06 13:25:06,26,43,local
2026-08-06 13:25:07,28,42,remote
2026-08-06 13:25:08,26,43,local
2026-08-06 13:25:09,28,42,remote
2026-08-06 13:25:10,26,43,local
2026-08-06 13:25:11,28,42,remote
2026-08-06 13:25:12,26,43,local
2026-08-06 13:25:13,28,42,remote
2026-08-06 13:25:14,26,43,local
2026-08-06 13:25:15,28,42,remote
2026-08-06 13:25:16,26,43,local
2026-08-06 13:25:17,28,42,remote
2026-08-06 13:25:18,26,43,local
2026-08-06 13:25:19,28,42,remote
2026-08-06 13:25:20,26,44,local
2026-08-06 13:25:21,28,42,remote
2026-08-06 13:25:22,26,44,local
2026-08-06 13:25:23,28,42,remote
2026-08-06 13:25:24,26,44,local
2026-08-06 13:25:25,28,42,remote
2026-08-06 13:25:26,26,44,local
2026-08-06 13:25:27,28,42,remote
2026-08-06 13:25:28,26,44,local
2026-08-06 13:25:29,28,42,remote
2026-08-06 13:25:30,26,44,local
2026-08-06 13:25:31,28,42,remote
2026-08-06 13:25:32,26,44,local
2026-08-06 13:25:33,28,42,remote
2026-08-06 13:25:34,26,44,local
2026-08-06 13:25:35,28,42,remote
2026-08-06 13:25:36,26,44,local
2026-08-06 13:25:37,28,42,remote
2026-08-06 13:25:38,26,44,local
2026-08-06 13:25:39,27,42,remote
2026-08-06 13:25:40,26,44,local
2026-08-06 13:25:41,27,42,remote
2026-08-06 13:25:42,25,44,local
2026-08-06 13:25:43,27,42,remote
2026-08-06 13:25:44,25,44,local
2026-08-06 13:25:45,27,42,remote
2026-08-06 13:25:46,25,44,local
2026-08-06 13:25:47,27,42,remote
2026-08-06 13:25:48,25,44,local
2026-08-06 13:25:49,27,42,remote
2026-08-06 13:25:50,25,45,local
2026-08-06 13:25:51,27,42,remote
2026-08-06 13:25:52,25,45,local
2026-08-06 13:25:53,27,42,remote
2026-08-06 13:25:54,25,45,local
2026-08-06 13:25:55,27,42,remote
2026-08-06 13:25:56,25,45,local
2026-08-06 13:25:57,27,42,remote
2026-08-06 13:25:58,25,45,local
2026-08-06 13:25:59,27,42,remote
2026-08-06 13:26:00,25,45,local
2026-08-06 13:26:01,27,42,remote
2026-08-06 13:26:03,25,45,local
2026-08-06 13:26:03,27,42,remote
2026-08-06 13:26:05,25,45,local
2026-08-06 13:26:05,27,42,remote
2026-08-06 13:26:07,25,45,local
2026-08-06 13:26:07,27,42,remote
2026-08-06 13:26:09,25,45,local
2026-08-06 13:26:09,27,42,remote
2026-08-06 13:26:11,25,45,local
2026-08-06 13:26:11,27,42,remote
2026-08-06 13:26:13,25,45,local
2026-08-06 13:26:14,27,42,remote
2026-08-06 13:26:15,25,45,local
2026-08-06 13:26:16,27,42,remote
2026-08-06 13:26:17,25,45,local
2026-08-06 13:26:18,27,42,remote
2026-08-06 13:26:19,25,45,local
2026-08-06 13:26:20,27,42,remote
2026-08-06 13:26:21,25,46,local
2026-08-06 13:26:22,27,42,remote
2026-08-06 13:26:23,25,46,local
2026-08-06 13:26:24,27,42,remote
2026-08-06 13:26:25,25,46,local
2026-08-06 13:26:26,27,42,remote
2026-08-06 13:26:27,25,46,local
2026-08-06 13:26:28,27,42,remote
2026-08-06 13:26:29,25,46,local
2026-08-06 13:26:30,27,42,remote
2026-08-06 13:26:31,25,46,local
2026-08-06 13:26:32,27,42,remote
2026-08-06 13:26:33,25,46,local
2026-08-06 13:26:34,27,42,remote
2026-08-06 13:26:35,25,46,local
2026-08-06 13:26:36,27,42,remote
2026-08-06 13:26:37,25,46,local
2026-08-06 13:26:38,27,42,remote
2026-08-06 13:26:39,25,46,local
2026-08-06 13:26:40,27,42,remote
2026-08-06 13:26:41,25,46,local
2026-08-06 13:26:42,27,42,remote
2026-08-06 13:26:43,25,46,local
2026-08-06 13:26:44,27,42,remote
2026-08-06 13:26:45,25,46,local
2026-08-06 13:26:46,27,42,remote
2026-08-06 13:26:47,24,46,local
2026-08-06 13:26:48,27,42,remote
2026-08-06 13:26:49,24,46,local
2026-08-06 13:26:50,27,42,remote
2026-08-06 13:26:51,24,46,local
2026-08-06 13:26:52,27,42,remote
2026-08-06 13:26:53,24,46,local
2026-08-06 13:26:54,27,42,remote
2026-08-06 13:26:55,24,46,local
2026-08-06 13:26:56,27,42,remote
2026-08-06 13:26:57,24,46,local
2026-08-06 13:26:58,27,42,remote
2026-08-06 13:26:59,24,46,local
2026-08-06 13:27:00,27,42,remote
2026-08-06 13:27:01,24,46,local
2026-08-06 13:27:02,27,42,remote
2026-08-06 13:27:03,24,46,local
2026-08-06 13:27:04,27,42,remote
2026-08-06 13:27:05,24,46,local
2026-08-06 13:27:06,27,42,remote
2026-08-06 13:27:07,24,47,local
2026-08-06 13:27:08,27,42,remote
2026-08-06 13:27:09,24,47,local
2026-08-06 13:27:10,27,42,remote
2026-08-06 13:27:11,24,47,local
2026-08-06 13:27:12,27,42,remote
2026-08-06 13:27:13,24,47,local
2026-08-06 13:27:14,27,42,remote
2026-08-06 13:27:15,24,47,local
2026-08-06 13:27:16,27,42,remote
2026-08-06 13:27:17,24,47,local
2026-08-06 13:27:18,27,42,remote
2026-08-06 13:27:19,24,47,local
2026-08-06 13:27:21,27,42,remote
2026-08-06 13:27:21,24,47,local
2026-08-06 13:27:23,27,42,remote
2026-08-06 13:27:23,24,47,local
2026-08-06 13:27:25,27,42,remote
2026-08-06 13:27:25,24,47,local
2026-08-06 13:27:27,27,42,remote
2026-08-06 13:27:27,24,47,local
2026-08-06 13:27:29,27,42,remote
2026-08-06 13:27:30,24,47,local
2026-08-06 13:27:31,27,42,remote
2026-08-06 13:27:32,24,47,local
2026-08-06 13:27:33,27,42,remote
2026-08-06 13:27:34,24,47,local
2026-08-06 13:27:35,27,42,remote
2026-08-06 13:27:36,24,47,local
2026-08-06 13:27:37,27,42,remote
2026-08-06 13:27:38,24,47,local
2026-08-06 13:27:39,27,42,remote
2026-08-06 13:27:40,24,47,local
2026-08-06 13:27:41,27,42,remote
2026-08-06 13:27:42,24,47,local
2026-08-06 13:27:43,27,42,remote
2026-08-06 13:27:44,24,47,local
2026-08-06 13:27:45,27,42,remote
2026-08-06 13:27:46,24,47,local
2026-08-06 13:27:47,27,42,remote
2026-08-06 13:27:48,24,47,local
2026-08-06 13:27:49,27,42,remote
2026-08-06 13:27:50,24,47,local
2026-08-06 13:27:51,27,42,remote
2026-08-06 13:27:52,24,47,local
2026-08-06 13:27:53,27,42,remote
2026-08-06 13:27:54,24,47,local
2026-08-06 13:27:55,27,42,remote
2026-08-06 13:27:56,24,47,local
2026-08-06 13:27:57,27,42,remote
2026-08-06 13:27:58,24,48,local
2026-08-06 13:27:59,27,42,remote
2026-08-06 13:28:00,24,48,local
2026-08-06 13:28:01,27,42,remote
2026-08-06 13:28:02,24,48,local
2026-08-06 13:28:03,27,42,remote
2026-08-06 13:28:04,24,48,local
2026-08-06 13:28:05,27,42,remote
2026-08-06 13:28:06,24,48,local
2026-08-06 13:28:07,27,42,remote
2026-08-06 13:28:08,24,48,local
2026-08-06 13:28:09,27,42,remote
2026-08-06 13:28:10,24,48,local
2026-08-06 13:28:11,27,42,remote
2026-08-06 13:28:12,24,48,local
2026-08-06 13:28:13,27,42,remote
2026-08-06 13:28:14,24,48,local
2026-08-06 13:28:15,27,42,remote
2026-08-06 13:28:16,24,48,local
2026-08-06 13:28:17,27,42,remote
2026-08-06 13:28:18,24,48,local
2026-08-06 13:28:19,27,42,remote
2026-08-06 13:28:20,24,48,local
2026-08-06 13:28:21,27,42,remote
2026-08-06 13:28:22,24,48,local
2026-08-06 13:28:23,27,42,remote
2026-08-06 13:28:24,24,48,local
2026-08-06 13:28:25,27,42,remote
2026-08-06 13:28:26,24,48,local
2026-08-06 13:28:28,27,42,remote
2026-08-06 13:28:28,24,48,local
2026-08-06 13:28:30,27,42,remote
2026-08-06 13:28:30,24,48,local
2026-08-06 13:28:32,27,42,remote
2026-08-06 13:28:32,24,48,local
2026-08-06 13:28:34,27,42,remote
2026-08-06 13:28:34,24,48,local
2026-08-06 13:28:36,27,42,remote
2026-08-06 13:28:36,24,48,local
2026-08-06 13:28:38,27,42,remote
2026-08-06 13:28:38,24,48,local
2026-08-06 13:28:40,27,42,remote
2026-08-06 13:28:40,24,48,local
2026-08-06 13:28:42,27,42,remote
2026-08-06 13:28:42,24,48,local
2026-08-06 13:28:44,27,42,remote
2026-08-06 13:28:44,24,48,local
2026-08-06 13:28:46,27,42,remote
2026-08-06 13:28:46,23,48,local
2026-08-06 13:28:48,27,42,remote
2026-08-06 13:28:48,23,48,local
2026-08-06 13:28:50,27,42,remote
2026-08-06 13:28:50,23,48,local
2026-08-06 13:28:52,27,42,remote
2026-08-06 13:28:52,23,48,local
2026-08-06 13:28:54,27,42,remote
2026-08-06 13:28:55,23,48,local
2026-08-06 13:28:56,27,42,remote
2026-08-06 13:28:57,23,48,local
2026-08-06 13:28:58,27,42,remote
2026-08-06 13:28:59,23,48,local
2026-08-06 13:29:00,27,42,remote
2026-08-06 13:29:01,23,48,local
2026-08-06 13:29:02,27,42,remote
2026-08-06 13:29:03,23,48,local
2026-08-06 13:29:04,27,42,remote
2026-08-06 13:29:05,23,48,local
2026-08-06 13:29:06,27,42,remote
2026-08-06 13:29:07,23,48,local
2026-08-06 13:29:08,27,42,remote
2026-08-06 13:29:09,23,49,local
2026-08-06 13:29:10,27,42,remote
2026-08-06 13:29:11,23,49,local
2026-08-06 13:29:12,27,42,remote
2026-08-06 13:29:13,23,49,local
2026-08-06 13:29:14,27,42,remote
2026-08-06 13:29:15,23,49,local
2026-08-06 13:29:16,27,42,remote
2026-08-06 13:29:17,23,49,local
2026-08-06 13:29:18,27,42,remote
2026-08-06 13:29:19,23,49,local
2026-08-06 13:29:20,27,42,remote
2026-08-06 13:29:21,23,49,local
2026-08-06 13:29:22,27,42,remote
2026-08-06 13:29:23,23,49,local
2026-08-06 13:29:24,27,42,remote
2026-08-06 13:29:25,23,49,local
2026-08-06 13:29:26,27,42,remote
2026-08-06 13:29:27,23,49,local
2026-08-06 13:29:28,27,42,remote
2026-08-06 13:29:29,23,49,local
2026-08-06 13:29:30,27,42,remote
2026-08-06 13:29:31,23,49,local
2026-08-06 13:29:32,27,42,remote
2026-08-06 13:29:33,23,49,local
2026-08-06 13:29:35,27,42,remote
2026-08-06 13:29:35,23,49,local
2026-08-06 13:29:37,27,42,remote
2026-08-06 13:29:37,23,49,local
2026-08-06 13:29:39,27,42,remote
2026-08-06 13:29:39,23,49,local
2026-08-06 13:29:41,27,42,remote
2026-08-06 13:29:41,23,49,local
2026-08-06 13:29:43,27,42,remote
2026-08-06 13:29:43,23,49,local
2026-08-06 13:29:45,27,42,remote
2026-08-06 13:29:45,23,49,local
2026-08-06 13:29:47,27,42,remote
2026-08-06 13:29:47,23,49,local
2026-08-06 13:29:49,27,42,remote
2026-08-06 13:29:49,23,49,local
2026-08-06 13:29:51,27,42,remote
2026-08-06 13:29:51,23,49,local
2026-08-06 13:29:53,27,42,remote
2026-08-06 13:29:53,23,49,local
2026-08-06 13:29:55,27,42,remote
2026-08-06 13:29:55,23,49,local
2026-08-06 13:29:57,27,42,remote
2026-08-06 13:29:57,23,49,local
2026-08-06 13:29:59,27,42,remote
2026-08-06 13:29:59,23,49,local
2026-08-06 13:30:01,27,42,remote
2026-08-06 13:30:01,23,49,local
2026-08-06 13:30:03,27,42,remote
2026-08-06 13:30:03,23,49,local
2026-08-06 13:30:05,27,42,remote
2026-08-06 13:30:05,23,49,local
2026-08-06 13:30:07,27,42,remote
2026-08-06 13:30:07,23,49,local
2026-08-06 13:30:09,27,42,remote
2026-08-06 13:30:09,23,49,local
2026-08-06 13:30:11,27,42,remote
2026-08-06 13:30:11,23,49,local
2026-08-06 13:30:13,27,42,remote
2026-08-06 13:30:13,23,49,local
2026-08-06 13:30:15,27,42,remote
2026-08-06 13:30:15,23,49,local
2026-08-06 13:30:17,27,42,remote
2026-08-06 13:30:17,23,49,local
2026-08-06 13:30:19,27,42,remote
2026-08-06 13:30:19,23,49,local
2026-08-06 13:30:21,27,42,remote
2026-08-06 13:30:22,23,49,local
2026-08-06 13:30:23,27,42,remote
2026-08-06 13:30:24,23,49,local
2026-08-06 13:30:25,27,42,remote
2026-08-06 13:30:26,23,49,local
2026-08-06 13:30:27,27,42,remote
2026-08-06 13:30:28,23,50,local
2026-08-06 13:30:29,27,42,remote
2026-08-06 13:30:30,23,50,local
2026-08-06 13:30:31,27,42,remote
2026-08-06 13:30:32,23,50,local
2026-08-06 13:30:33,27,42,remote
2026-08-06 13:30:34,23,50,local
2026-08-06 13:30:35,27,42,remote
2026-08-06 13:30:36,23,50,local
2026-08-06 13:30:37,27,42,remote
2026-08-06 13:30:38,23,50,local
2026-08-06 13:30:39,27,42,remote
2026-08-06 13:30:40,23,50,local
2026-08-06 13:30:42,27,42,remote
2026-08-06 13:30:42,23,50,local
2026-08-06 13:30:44,27,42,remote
2026-08-06 13:30:44,23,50,local
2026-08-06 13:30:46,27,42,remote
2026-08-06 13:30:46,23,50,local
2026-08-06 13:30:48,27,42,remote
2026-08-06 13:30:48,23,50,local
2026-08-06 13:30:50,27,42,remote
2026-08-06 13:30:50,23,50,local
2026-08-06 13:30:52,27,42,remote
2026-08-06 13:30:52,23,50,local
2026-08-06 13:30:54,27,42,remote
2026-08-06 13:30:54,23,50,local
2026-08-06 13:30:56,27,42,remote
2026-08-06 13:30:56,23,50,local
2026-08-06 13:30:58,27,42,remote
2026-08-06 13:30:58,23,50,local
2026-08-06 13:31:00,27,43,remote
2026-08-06 13:31:00,23,50,local
2026-08-06 13:31:02,27,43,remote
2026-08-06 13:31:02,23,50,local
2026-08-06 13:31:04,27,43,remote
2026-08-06 13:31:04,23,50,local
2026-08-06 13:31:06,27,43,remote
2026-08-06 13:31:06,23,50,local
2026-08-06 13:31:08,27,43,remote
2026-08-06 13:31:08,23,50,local
2026-08-06 13:31:10,27,43,remote
2026-08-06 13:31:10,23,50,local
2026-08-06 13:31:12,27,43,remote
2026-08-06 13:31:12,23,50,local
2026-08-06 13:31:14,27,43,remote
2026-08-06 13:31:14,23,50,local
2026-08-06 13:31:16,27,43,remote
2026-08-06 13:31:16,23,50,local
2026-08-06 13:31:18,27,43,remote
2026-08-06 13:31:18,23,50,local
2026-08-06 13:31:20,27,43,remote
2026-08-06 13:31:20,23,50,local
2026-08-06 13:31:22,27,42,remote
2026-08-06 13:31:22,23,50,local
2026-08-06 13:31:24,27,42,remote
2026-08-06 13:31:24,23,50,local
2026-08-06 13:31:26,27,42,remote
2026-08-06 13:31:26,23,50,local
2026-08-06 13:31:28,27,42,remote
2026-08-06 13:31:28,23,50,local
2026-08-06 13:31:30,27,42,remote
2026-08-06 13:31:30,23,50,local
2026-08-06 13:31:32,27,42,remote
2026-08-06 13:31:32,23,50,local
2026-08-06 13:31:34,27,42,remote
2026-08-06 13:31:34,23,50,local
2026-08-06 13:31:36,27,42,remote
2026-08-06 13:31:36,23,50,local
2026-08-06 13:31:38,27,42,remote
2026-08-06 13:31:38,23,50,local
2026-08-06 13:31:40,27,42,remote
2026-08-06 13:31:40,23,50,local
2026-08-06 13:31:42,27,42,remote
2026-08-06 13:31:42,23,50,local
2026-08-06 13:31:44,23,50,local
2026-08-06 13:31:44,27,42,remote
2026-08-06 13:31:46,23,50,local
2026-08-06 13:31:47,27,43,remote
2026-08-06 13:31:49,27,43,remote
2026-08-06 13:31:51,23,50,local
2026-08-06 13:31:51,27,43,remote
2026-08-06 13:31:53,23,50,local
2026-08-06 13:31:53,27,43,remote
2026-08-06 13:31:55,23,50,local
2026-08-06 13:31:55,27,43,remote
2026-08-06 13:31:57,23,50,local
2026-08-06 13:31:57,27,43,remote
2026-08-06 13:31:59,23,50,local
2026-08-06 13:31:59,27,43,remote
2026-08-06 13:32:01,23,50,local
2026-08-06 13:32:01,27,43,remote
2026-08-06 13:32:03,23,50,local
2026-08-06 13:32:03,27,43,remote
2026-08-06 13:32:05,23,50,local
2026-08-06 13:32:05,27,43,remote
2026-08-06 13:32:07,23,50,local
2026-08-06 13:32:07,27,43,remote
2026-08-06 13:32:09,23,50,local
2026-08-06 13:32:09,27,43,remote
2026-08-06 13:32:11,23,50,local
2026-08-06 13:32:11,27,43,remote
2026-08-06 13:32:13,23,50,local
2026-08-06 13:32:13,27,42,remote
2026-08-06 13:32:15,23,50,local
2026-08-06 13:32:15,27,42,remote
2026-08-06 13:32:17,23,50,local
2026-08-06 13:32:17,27,42,remote
2026-08-06 13:32:19,23,50,local
2026-08-06 13:32:19,27,42,remote
2026-08-06 13:32:21,23,49,local
2026-08-06 13:32:21,27,42,remote
2026-08-06 13:32:23,23,49,local
2026-08-06 13:32:23,27,42,remote
2026-08-06 13:32:25,24,49,local
2026-08-06 13:32:25,27,42,remote
2026-08-06 13:32:27,24,49,local
2026-08-06 13:32:27,27,42,remote
2026-08-06 13:32:29,24,49,local
2026-08-06 13:32:29,27,42,remote
2026-08-06 13:32:31,24,49,local
2026-08-06 13:32:31,27,42,remote
2026-08-06 13:32:33,24,49,local
2026-08-06 13:32:33,27,42,remote
2026-08-06 13:32:35,24,49,local
2026-08-06 13:32:35,27,42,remote
2026-08-06 13:32:37,24,49,local
2026-08-06 13:32:37,27,42,remote
2026-08-06 13:32:39,24,49,local
2026-08-06 13:32:39,27,42,remote
2026-08-06 13:32:41,24,49,local
2026-08-06 13:32:41,27,42,remote
2026-08-06 13:32:43,24,49,local
2026-08-06 13:32:43,27,42,remote
2026-08-06 13:32:45,24,49,local
2026-08-06 13:32:45,27,42,remote
2026-08-06 13:32:47,24,49,local
2026-08-06 13:32:47,27,42,remote
2026-08-06 13:32:49,24,49,local
2026-08-06 13:32:49,27,42,remote
2026-08-06 13:32:51,24,49,local
2026-08-06 13:32:51,27,42,remote
2026-08-06 13:32:53,24,49,local
2026-08-06 13:32:53,27,42,remote
2026-08-06 13:32:55,24,49,local
2026-08-06 13:32:56,27,42,remote
2026-08-06 13:32:57,24,49,local
2026-08-06 13:32:58,27,42,remote
2026-08-06 13:32:59,24,49,local
2026-08-06 13:33:00,27,42,remote
2026-08-06 13:33:01,24,49,local
2026-08-06 13:33:02,27,42,remote
2026-08-06 13:33:03,24,49,local
2026-08-06 13:33:04,27,42,remote
2026-08-06 13:33:05,24,49,local
2026-08-06 13:33:06,27,42,remote
2026-08-06 13:33:07,24,49,local
2026-08-06 13:33:08,27,42,remote
2026-08-06 13:33:09,24,49,local
2026-08-06 13:33:10,27,42,remote
2026-08-06 13:33:11,24,49,local
2026-08-06 13:33:12,27,42,remote
2026-08-06 13:33:13,24,49,local
2026-08-06 13:33:14,27,42,remote
2026-08-06 13:33:16,24,49,local
2026-08-06 13:33:16,27,42,remote
2026-08-06 13:33:18,24,49,local
2026-08-06 13:33:18,27,42,remote
2026-08-06 13:33:20,24,49,local
2026-08-06 13:33:20,27,42,remote
2026-08-06 13:33:22,24,49,local
2026-08-06 13:33:22,27,42,remote
2026-08-06 13:33:24,24,49,local
2026-08-06 13:33:24,27,42,remote
2026-08-06 13:33:26,24,49,local
2026-08-06 13:33:26,27,42,remote
2026-08-06 13:33:28,24,49,local
2026-08-06 13:33:28,27,42,remote
2026-08-06 13:33:30,24,49,local
2026-08-06 13:33:30,27,42,remote
2026-08-06 13:33:32,24,49,local
2026-08-06 13:33:32,27,42,remote
2026-08-06 13:33:34,24,49,local
2026-08-06 13:33:34,27,42,remote
2026-08-06 13:33:36,24,49,local
2026-08-06 13:33:36,27,42,remote
2026-08-06 13:33:38,24,49,local
2026-08-06 13:33:38,27,42,remote
2026-08-06 13:33:40,24,49,local
2026-08-06 13:33:40,27,42,remote
2026-08-06 13:33:42,24,49,local
2026-08-06 13:33:42,27,42,remote
2026-08-06 13:33:44,24,49,local
2026-08-06 13:33:44,27,42,remote
2026-08-06 13:33:46,24,49,local
2026-08-06 13:33:46,27,42,remote
2026-08-06 13:33:48,24,49,local
2026-08-06 13:33:48,27,42,remote
2026-08-06 13:33:50,24,49,local
2026-08-06 13:33:50,27,42,remote
2026-08-06 13:33:52,24,49,local
2026-08-06 13:33:52,27,42,remote
2026-08-06 13:33:54,24,49,local
2026-08-06 13:33:54,27,42,remote
2026-08-06 13:33:56,24,49,local
2026-08-06 13:33:56,27,42,remote
2026-08-06 13:33:58,24,49,local
2026-08-06 13:33:58,27,42,remote
2026-08-06 13:34:00,24,49,local
2026-08-06 13:34:00,27,42,remote
2026-08-06 13:34:02,24,49,local
2026-08-06 13:34:03,27,42,remote
2026-08-06 13:34:04,24,49,local
2026-08-06 13:34:05,27,42,remote
2026-08-06 13:34:06,24,49,local
2026-08-06 13:34:07,27,42,remote
2026-08-06 13:34:08,24,48,local
2026-08-06 13:34:09,27,42,remote
2026-08-06 13:34:10,24,48,local
2026-08-06 13:34:11,27,42,remote
2026-08-06 13:34:12,24,48,local
2026-08-06 13:34:13,27,42,remote
2026-08-06 13:34:14,24,48,local
2026-08-06 13:34:15,27,42,remote
2026-08-06 13:34:16,24,48,local
2026-08-06 13:34:17,27,42,remote
2026-08-06 13:34:18,24,48,local
2026-08-06 13:34:19,27,42,remote
2026-08-06 13:34:20,24,48,local
2026-08-06 13:34:21,27,42,remote
2026-08-06 13:34:22,24,48,local
2026-08-06 13:34:23,27,42,remote
2026-08-06 13:34:24,24,48,local
2026-08-06 13:34:25,27,42,remote
2026-08-06 13:34:26,24,48,local
2026-08-06 13:34:27,27,42,remote
2026-08-06 13:34:28,24,48,local
2026-08-06 13:34:29,27,42,remote
2026-08-06 13:34:30,24,48,local
2026-08-06 13:34:31,27,42,remote
2026-08-06 13:34:32,24,48,local
2026-08-06 13:34:33,27,42,remote
2026-08-06 13:34:34,24,48,local
2026-08-06 13:34:35,27,42,remote
2026-08-06 13:34:36,24,48,local
2026-08-06 13:34:37,27,42,remote
2026-08-06 13:34:38,24,48,local
2026-08-06 13:34:39,27,42,remote
2026-08-06 13:34:41,24,48,local
2026-08-06 13:34:41,27,42,remote
2026-08-06 13:34:43,24,48,local
2026-08-06 13:34:43,27,42,remote
2026-08-06 13:34:45,24,48,local
2026-08-06 13:34:45,27,42,remote
2026-08-06 13:34:47,24,48,local
2026-08-06 13:34:47,27,42,remote
2026-08-06 13:34:49,24,48,local
2026-08-06 13:34:49,27,42,remote
2026-08-06 13:34:51,24,48,local
2026-08-06 13:34:51,27,42,remote
2026-08-06 13:34:53,24,48,local
2026-08-06 13:34:53,27,42,remote
2026-08-06 13:34:55,24,48,local
2026-08-06 13:34:55,27,42,remote
2026-08-06 13:34:57,24,48,local
2026-08-06 13:34:57,27,42,remote
2026-08-06 13:34:59,24,48,local
2026-08-06 13:34:59,27,42,remote
2026-08-06 13:35:01,24,48,local
2026-08-06 13:35:01,27,42,remote
2026-08-06 13:35:03,24,48,local
2026-08-06 13:35:03,27,42,remote
2026-08-06 13:35:05,24,48,local
2026-08-06 13:35:05,27,42,remote
2026-08-06 13:35:07,24,48,local
2026-08-06 13:35:07,27,42,remote
2026-08-06 13:35:09,24,48,local
2026-08-06 13:35:10,27,42,remote
2026-08-06 13:35:11,24,48,local
2026-08-06 13:35:12,27,42,remote
2026-08-06 13:35:13,24,48,local
2026-08-06 13:35:14,27,42,remote
2026-08-06 13:35:15,24,48,local
2026-08-06 13:35:16,27,42,remote
2026-08-06 13:35:17,24,48,local
2026-08-06 13:35:18,27,42,remote
2026-08-06 13:35:19,24,48,local
2026-08-06 13:35:20,27,42,remote
2026-08-06 13:35:21,24,48,local
2026-08-06 13:35:22,27,42,remote
2026-08-06 13:35:23,24,48,local
2026-08-06 13:35:24,27,42,remote
2026-08-06 13:35:25,24,48,local
2026-08-06 13:35:26,27,42,remote
2026-08-06 13:35:27,24,48,local
2026-08-06 13:35:28,27,42,remote
2026-08-06 13:35:29,24,48,local
2026-08-06 13:35:30,27,42,remote
2026-08-06 13:35:31,24,48,local
2026-08-06 13:35:32,27,42,remote
2026-08-06 13:35:33,24,48,local
2026-08-06 13:35:34,27,42,remote
2026-08-06 13:35:35,24,48,local
2026-08-06 13:35:36,27,42,remote
2026-08-06 13:35:37,24,48,local
2026-08-06 13:35:38,27,42,remote
2026-08-06 13:35:39,24,48,local
2026-08-06 13:35:40,27,42,remote
2026-08-06 13:35:41,24,48,local
2026-08-06 13:35:42,27,42,remote
2026-08-06 13:35:43,24,48,local
2026-08-06 13:35:44,27,42,remote
2026-08-06 13:35:45,24,48,local
2026-08-06 13:35:46,27,42,remote
2026-08-06 13:35:47,24,48,local
2026-08-06 13:35:48,27,42,remote
2026-08-06 13:35:49,24,48,local
2026-08-06 13:35:50,27,42,remote
2026-08-06 13:35:51,24,48,local
2026-08-06 13:35:52,27,42,remote
2026-08-06 13:35:53,24,48,local
2026-08-06 13:35:54,27,42,remote
2026-08-06 13:35:55,24,48,local
2026-08-06 13:35:56,27,42,remote
2026-08-06 13:35:57,24,48,local
2026-08-06 13:35:58,27,42,remote
2026-08-06 13:35:59,24,48,local
2026-08-06 13:36:00,27,42,remote
2026-08-06 13:36:01,24,48,local
2026-08-06 13:36:02,27,42,remote
2026-08-06 13:36:03,24,48,local
2026-08-06 13:36:04,27,42,remote
2026-08-06 13:36:05,24,48,local
2026-08-06 13:36:06,27,42,remote
2026-08-06 13:36:08,24,48,local
2026-08-06 13:36:08,27,42,remote
2026-08-06 13:36:10,24,48,local
2026-08-06 13:36:10,27,42,remote
2026-08-06 13:36:12,24,48,local
2026-08-06 13:36:12,27,42,remote
2026-08-06 13:36:14,24,48,local
2026-08-06 13:36:14,27,42,remote
2026-08-06 13:36:16,24,49,local
2026-08-06 13:36:17,27,42,remote
2026-08-06 13:36:18,24,49,local
2026-08-06 13:36:19,27,42,remote
2026-08-06 13:36:20,24,49,local
2026-08-06 13:36:21,27,42,remote
2026-08-06 13:36:22,24,49,local
2026-08-06 13:36:23,27,42,remote
2026-08-06 13:36:24,24,49,local
2026-08-06 13:36:25,27,42,remote
2026-08-06 13:36:26,24,49,local
2026-08-06 13:36:27,27,42,remote
2026-08-06 13:36:28,24,49,local
2026-08-06 13:36:29,27,42,remote
2026-08-06 13:36:30,24,49,local
2026-08-06 13:36:31,27,42,remote
2026-08-06 13:36:32,24,49,local
2026-08-06 13:36:33,27,42,remote
2026-08-06 13:36:34,24,49,local
2026-08-06 13:36:35,27,42,remote
2026-08-06 13:36:36,24,49,local
2026-08-06 13:36:37,27,42,remote
2026-08-06 13:36:38,24,49,local
2026-08-06 13:36:39,27,42,remote
2026-08-06 13:36:40,24,49,local
2026-08-06 13:36:41,27,42,remote
2026-08-06 13:36:42,24,49,local
2026-08-06 13:36:43,27,42,remote
2026-08-06 13:36:44,24,49,local
2026-08-06 13:36:45,27,42,remote
2026-08-06 13:36:46,24,48,local
2026-08-06 13:36:47,27,42,remote
2026-08-06 13:36:48,24,48,local
2026-08-06 13:36:49,27,42,remote
2026-08-06 13:36:50,24,48,local
2026-08-06 13:36:51,27,42,remote
2026-08-06 13:36:52,24,48,local
2026-08-06 13:36:53,27,42,remote
2026-08-06 13:36:54,24,48,local
2026-08-06 13:36:55,27,42,remote
2026-08-06 13:36:56,24,48,local
2026-08-06 13:36:57,27,42,remote
2026-08-06 13:36:58,24,48,local
2026-08-06 13:36:59,27,42,remote
2026-08-06 13:37:00,24,48,local
2026-08-06 13:37:01,27,42,remote
2026-08-06 13:37:02,24,48,local
2026-08-06 13:37:03,27,42,remote
2026-08-06 13:37:04,24,48,local
2026-08-06 13:37:05,27,42,remote
2026-08-06 13:37:06,24,48,local
2026-08-06 13:37:07,27,42,remote
2026-08-06 13:37:08,24,48,local
2026-08-06 13:37:09,27,42,remote
2026-08-06 13:37:10,24,48,local
2026-08-06 13:37:11,27,42,remote
2026-08-06 13:37:12,24,49,local
2026-08-06 13:37:13,27,42,remote
2026-08-06 13:37:14,24,49,local
2026-08-06 13:37:15,27,42,remote
2026-08-06 13:37:16,24,49,local
2026-08-06 13:37:17,27,42,remote
2026-08-06 13:37:18,24,49,local
2026-08-06 13:37:19,27,42,remote
2026-08-06 13:37:20,24,49,local
2026-08-06 13:37:21,27,42,remote
2026-08-06 13:37:22,24,49,local
2026-08-06 13:37:24,27,42,remote
2026-08-06 13:37:24,24,49,local
2026-08-06 13:37:26,27,42,remote
2026-08-06 13:37:26,24,49,local
2026-08-06 13:37:28,27,42,remote
2026-08-06 13:37:28,24,49,local
2026-08-06 13:37:30,27,42,remote
2026-08-06 13:37:30,24,49,local
2026-08-06 13:37:32,27,42,remote
2026-08-06 13:37:32,24,49,local
2026-08-06 13:37:34,27,42,remote
2026-08-06 13:37:35,24,49,local
2026-08-06 13:37:36,27,42,remote
2026-08-06 13:37:37,24,49,local
2026-08-06 13:37:38,27,42,remote
2026-08-06 13:37:39,24,49,local
2026-08-06 13:37:40,27,42,remote
2026-08-06 13:37:41,24,49,local
2026-08-06 13:37:42,27,42,remote
2026-08-06 13:37:43,24,49,local
2026-08-06 13:37:44,27,42,remote
2026-08-06 13:37:45,24,49,local
2026-08-06 13:37:46,27,42,remote
2026-08-06 13:37:47,24,49,local
2026-08-06 13:37:48,27,42,remote
2026-08-06 13:37:49,24,49,local
2026-08-06 13:37:50,27,42,remote
2026-08-06 13:37:51,24,49,local
2026-08-06 13:37:52,27,42,remote
2026-08-06 13:37:53,24,49,local
2026-08-06 13:37:54,27,42,remote
2026-08-06 13:37:55,24,49,local
2026-08-06 13:37:56,27,42,remote
2026-08-06 13:37:57,24,49,local
2026-08-06 13:37:58,27,42,remote
2026-08-06 13:37:59,24,49,local
2026-08-06 13:38:00,27,42,remote
2026-08-06 13:38:01,24,49,local
2026-08-06 13:38:02,27,42,remote
2026-08-06 13:38:03,24,49,local
2026-08-06 13:38:04,27,42,remote
2026-08-06 13:38:05,24,49,local
2026-08-06 13:38:06,27,42,remote
2026-08-06 13:38:07,24,49,local
2026-08-06 13:38:08,27,42,remote
2026-08-06 13:38:09,24,49,local
2026-08-06 13:38:10,27,42,remote
2026-08-06 13:38:11,24,49,local
2026-08-06 13:38:12,27,42,remote
2026-08-06 13:38:13,24,49,local
2026-08-06 13:38:14,27,42,remote
2026-08-06 13:38:15,24,49,local
2026-08-06 13:38:16,27,42,remote
2026-08-06 13:38:17,24,49,local
2026-08-06 13:38:18,27,42,remote
2026-08-06 13:38:19,24,49,local
2026-08-06 13:38:20,27,42,remote
2026-08-06 13:38:21,24,49,local
2026-08-06 13:38:22,27,42,remote
2026-08-06 13:38:23,24,49,local
2026-08-06 13:38:24,27,42,remote
2026-08-06 13:38:25,24,49,local
2026-08-06 13:38:26,27,42,remote
2026-08-06 13:38:27,24,49,local
2026-08-06 13:38:28,27,42,remote
2026-08-06 13:38:29,24,49,local
2026-08-06 13:38:31,27,42,remote
2026-08-06 13:38:31,24,49,local
2026-08-06 13:38:33,27,42,remote
2026-08-06 13:38:33,24,49,local
2026-08-06 13:38:35,27,42,remote
2026-08-06 13:38:35,24,49,local
2026-08-06 13:38:37,27,42,remote
2026-08-06 13:38:37,24,49,local
2026-08-06 13:38:39,27,42,remote
2026-08-06 13:38:39,24,49,local
2026-08-06 13:38:41,27,42,remote
2026-08-06 13:38:41,24,49,local
2026-08-06 13:38:43,27,42,remote
2026-08-06 13:38:43,24,49,local
2026-08-06 13:38:45,27,42,remote
2026-08-06 13:38:45,24,49,local
2026-08-06 13:38:47,27,42,remote
2026-08-06 13:38:47,24,49,local
2026-08-06 13:38:49,27,42,remote
2026-08-06 13:38:49,24,49,local
2026-08-06 13:38:51,27,42,remote
2026-08-06 13:38:51,24,49,local
2026-08-06 13:38:53,27,42,remote
2026-08-06 13:38:53,24,49,local
2026-08-06 13:38:55,27,42,remote
2026-08-06 13:38:55,24,49,local
2026-08-06 13:38:57,27,42,remote
2026-08-06 13:38:57,24,49,local
2026-08-06 13:38:59,27,42,remote
2026-08-06 13:38:59,24,49,local
2026-08-06 13:39:01,27,42,remote
2026-08-06 13:39:02,24,49,local
2026-08-06 13:39:03,27,42,remote
2026-08-06 13:39:04,24,49,local
2026-08-06 13:39:05,27,42,remote
2026-08-06 13:39:06,24,49,local
2026-08-06 13:39:07,27,42,remote
2026-08-06 13:39:08,24,49,local
2026-08-06 13:39:09,27,42,remote
2026-08-06 13:39:10,24,49,local
2026-08-06 13:39:11,27,42,remote
2026-08-06 13:39:12,24,49,local
2026-08-06 13:39:13,27,42,remote
2026-08-06 13:39:14,24,49,local
2026-08-06 13:39:15,27,41,remote
2026-08-06 13:39:16,24,49,local
2026-08-06 13:39:17,27,41,remote
2026-08-06 13:39:18,24,48,local
2026-08-06 13:39:19,27,41,remote
2026-08-06 13:39:20,24,48,local
2026-08-06 13:39:21,27,41,remote
2026-08-06 13:39:22,24,48,local
2026-08-06 13:39:23,27,41,remote
2026-08-06 13:39:24,24,48,local
2026-08-06 13:39:25,27,41,remote
2026-08-06 13:39:26,24,48,local
2026-08-06 13:39:27,27,41,remote
2026-08-06 13:39:28,24,48,local
2026-08-06 13:39:29,27,41,remote
2026-08-06 13:39:30,24,48,local
2026-08-06 13:39:31,27,41,remote
2026-08-06 13:39:32,24,48,local
2026-08-06 13:39:33,27,41,remote
2026-08-06 13:39:34,24,48,local
2026-08-06 13:39:35,27,41,remote
2026-08-06 13:39:36,24,48,local
2026-08-06 13:39:37,27,41,remote
2026-08-06 13:39:38,24,48,local
2026-08-06 13:39:40,27,41,remote
2026-08-06 13:39:40,24,48,local
2026-08-06 13:39:42,27,41,remote
2026-08-06 13:39:42,24,48,local
2026-08-06 13:39:44,27,41,remote
2026-08-06 13:39:44,24,48,local
2026-08-06 13:39:46,27,41,remote
2026-08-06 13:39:46,24,48,local
2026-08-06 13:39:48,27,41,remote
2026-08-06 13:39:48,24,48,local
2026-08-06 13:39:50,27,41,remote
2026-08-06 13:39:50,24,48,local
2026-08-06 13:39:52,27,41,remote
2026-08-06 13:39:52,24,48,local
2026-08-06 13:39:54,27,41,remote
2026-08-06 13:39:54,24,48,local
2026-08-06 13:39:56,27,41,remote
2026-08-06 13:39:56,24,48,local
2026-08-06 13:39:58,27,41,remote
2026-08-06 13:39:58,24,48,local
2026-08-06 13:40:00,27,41,remote
2026-08-06 13:40:00,24,48,local
2026-08-06 13:40:02,27,41,remote
2026-08-06 13:40:02,24,48,local
2026-08-06 13:40:04,27,41,remote
2026-08-06 13:40:04,24,48,local
2026-08-06 13:40:06,27,41,remote
2026-08-06 13:40:06,24,48,local
2026-08-06 13:40:08,27,41,remote
2026-08-06 13:40:08,24,48,local
2026-08-06 13:40:10,27,41,remote
2026-08-06 13:40:10,24,48,local
2026-08-06 13:40:12,27,41,remote
2026-08-06 13:40:12,24,48,local
2026-08-06 13:40:14,27,41,remote
2026-08-06 13:40:14,24,48,local
2026-08-06 13:40:16,27,41,remote
2026-08-06 13:40:16,24,48,local
2026-08-06 13:40:18,27,41,remote
2026-08-06 13:40:18,24,48,local
2026-08-06 13:40:20,27,41,remote
2026-08-06 13:40:20,24,48,local
2026-08-06 13:40:22,27,41,remote
2026-08-06 13:40:22,24,48,local
2026-08-06 13:40:24,27,41,remote
2026-08-06 13:40:24,24,48,local
2026-08-06 13:40:26,27,41,remote
2026-08-06 13:40:26,24,48,local
2026-08-06 13:40:28,27,41,remote
2026-08-06 13:40:29,24,48,local
2026-08-06 13:40:30,27,41,remote
2026-08-06 13:40:31,24,48,local
2026-08-06 13:40:32,27,41,remote
2026-08-06 13:40:33,24,48,local
2026-08-06 13:40:34,27,41,remote
2026-08-06 13:40:35,24,48,local
2026-08-06 13:40:36,27,41,remote
2026-08-06 13:40:37,24,48,local
2026-08-06 13:40:38,27,41,remote
2026-08-06 13:40:39,24,48,local
2026-08-06 13:40:40,27,41,remote
2026-08-06 13:40:41,24,48,local
2026-08-06 13:40:42,27,41,remote
2026-08-06 13:40:43,24,48,local
2026-08-06 13:40:44,27,41,remote
2026-08-06 13:40:45,24,48,local
2026-08-06 13:40:47,27,41,remote
2026-08-06 13:40:47,24,48,local
2026-08-06 13:40:49,27,41,remote
2026-08-06 13:40:49,24,48,local
2026-08-06 13:40:51,27,42,remote
2026-08-06 13:40:51,24,48,local
2026-08-06 13:40:53,27,42,remote
2026-08-06 13:40:53,24,48,local
2026-08-06 13:40:55,27,42,remote
2026-08-06 13:40:55,24,48,local
2026-08-06 13:40:57,27,42,remote
2026-08-06 13:40:57,24,48,local
2026-08-06 13:40:59,27,42,remote
2026-08-06 13:40:59,24,48,local
2026-08-06 13:41:01,27,42,remote
2026-08-06 13:41:01,24,48,local
2026-08-06 13:41:03,27,42,remote
2026-08-06 13:41:03,24,47,local
2026-08-06 13:41:05,27,42,remote
2026-08-06 13:41:05,24,47,local
2026-08-06 13:41:07,27,43,remote
2026-08-06 13:41:07,24,47,local
2026-08-06 13:41:09,27,43,remote
2026-08-06 13:41:09,24,47,local
2026-08-06 13:41:11,27,43,remote
2026-08-06 13:41:11,24,47,local
2026-08-06 13:41:13,27,43,remote
2026-08-06 13:41:13,24,48,local
2026-08-06 13:41:15,27,43,remote
2026-08-06 13:41:15,24,48,local
2026-08-06 13:41:17,27,43,remote
2026-08-06 13:41:17,24,48,local
2026-08-06 13:41:19,27,43,remote
2026-08-06 13:41:19,24,48,local
2026-08-06 13:41:21,27,42,remote
2026-08-06 13:41:21,24,47,local
2026-08-06 13:41:23,27,42,remote
2026-08-06 13:41:23,24,47,local
2026-08-06 13:41:25,27,42,remote
2026-08-06 13:41:25,24,47,local
2026-08-06 13:41:27,27,43,remote
2026-08-06 13:41:27,24,47,local
2026-08-06 13:41:29,27,48,remote
2026-08-06 13:41:29,24,47,local
2026-08-06 13:41:31,27,53,remote
2026-08-06 13:41:31,24,47,local
2026-08-06 13:41:33,27,58,remote
2026-08-06 13:41:33,24,47,local
2026-08-06 13:41:35,24,47,local
2026-08-06 13:41:35,27,61,remote
2026-08-06 13:41:37,24,47,local
2026-08-06 13:41:37,27,64,remote
2026-08-06 13:41:39,27,65,remote
2026-08-06 13:41:41,24,47,local
2026-08-06 13:41:41,27,63,remote
2026-08-06 13:41:43,24,47,local
2026-08-06 13:41:43,27,60,remote
2026-08-06 13:41:45,24,47,local
2026-08-06 13:41:45,27,58,remote
2026-08-06 13:41:47,24,47,local
2026-08-06 13:41:47,27,56,remote
2026-08-06 13:41:49,24,47,local
2026-08-06 13:41:49,27,54,remote
2026-08-06 13:41:51,24,47,local
2026-08-06 13:41:52,27,53,remote
2026-08-06 13:41:53,24,48,local
2026-08-06 13:41:54,27,51,remote
2026-08-06 13:41:56,24,48,local
2026-08-06 13:41:56,27,50,remote
2026-08-06 13:41:58,24,48,local
2026-08-06 13:41:58,27,49,remote
2026-08-06 13:42:00,24,48,local
2026-08-06 13:42:00,27,49,remote
2026-08-06 13:42:02,24,48,local
2026-08-06 13:42:02,27,48,remote
2026-08-06 13:42:04,24,48,local
2026-08-06 13:42:04,27,47,remote
2026-08-06 13:42:06,24,48,local
2026-08-06 13:42:06,27,47,remote
2026-08-06 13:42:08,24,48,local
2026-08-06 13:42:08,27,46,remote
2026-08-06 13:42:10,24,48,local
2026-08-06 13:42:10,27,46,remote
2026-08-06 13:42:12,24,48,local
2026-08-06 13:42:12,27,46,remote
2026-08-06 13:42:14,24,48,local
2026-08-06 13:42:14,27,45,remote
2026-08-06 13:42:16,24,48,local
2026-08-06 13:42:16,27,45,remote
2026-08-06 13:42:18,24,48,local
2026-08-06 13:42:18,27,45,remote
2026-08-06 13:42:20,24,47,local
2026-08-06 13:42:20,27,45,remote
2026-08-06 13:42:22,24,47,local
2026-08-06 13:42:22,27,44,remote
2026-08-06 13:42:24,24,47,local
2026-08-06 13:42:24,27,44,remote
2026-08-06 13:42:26,24,47,local
2026-08-06 13:42:26,27,44,remote
2026-08-06 13:42:28,24,48,local
2026-08-06 13:42:28,27,44,remote
2026-08-06 13:42:30,24,48,local
2026-08-06 13:42:30,27,44,remote
2026-08-06 13:42:32,24,47,local
2026-08-06 13:42:32,27,44,remote
2026-08-06 13:42:34,24,47,local
2026-08-06 13:42:34,27,43,remote
2026-08-06 13:42:36,24,47,local
2026-08-06 13:42:36,27,43,remote
2026-08-06 13:42:38,24,47,local
2026-08-06 13:42:38,27,43,remote
2026-08-06 13:42:40,24,47,local
2026-08-06 13:42:40,27,43,remote
2026-08-06 13:42:42,24,47,local
2026-08-06 13:42:42,27,43,remote
2026-08-06 13:42:44,24,48,local
2026-08-06 13:42:44,27,43,remote
2026-08-06 13:42:46,24,48,local
2026-08-06 13:42:46,27,43,remote
2026-08-06 13:42:48,24,47,local
2026-08-06 13:42:48,27,43,remote
2026-08-06 13:42:50,24,48,local
2026-08-06 13:42:50,27,43,remote
2026-08-06 13:42:52,24,48,local
2026-08-06 13:42:52,27,43,remote
2026-08-06 13:42:54,24,48,local
2026-08-06 13:42:54,27,43,remote
2026-08-06 13:42:56,24,48,local
2026-08-06 13:42:56,27,43,remote
2026-08-06 13:42:58,24,48,local
2026-08-06 13:42:59,27,43,remote
2026-08-06 13:43:00,24,48,local
2026-08-06 13:43:01,27,43,remote
2026-08-06 13:43:02,24,48,local
2026-08-06 13:43:03,27,43,remote
2026-08-06 13:43:04,24,48,local
2026-08-06 13:43:05,27,43,remote
2026-08-06 13:43:06,24,48,local
2026-08-06 13:43:07,27,43,remote
2026-08-06 13:43:08,24,48,local
2026-08-06 13:43:09,27,42,remote
2026-08-06 13:43:10,24,48,local
2026-08-06 13:43:11,27,42,remote
2026-08-06 13:43:12,24,48,local
2026-08-06 13:43:13,27,42,remote
2026-08-06 13:43:14,24,48,local
2026-08-06 13:43:15,27,42,remote
2026-08-06 13:43:16,24,48,local
2026-08-06 13:43:17,27,42,remote
2026-08-06 13:43:18,24,48,local
2026-08-06 13:43:19,27,42,remote
2026-08-06 13:43:20,24,48,local
2026-08-06 13:43:21,27,42,remote
2026-08-06 13:43:23,24,48,local
2026-08-06 13:43:23,27,42,remote
2026-08-06 13:43:25,24,48,local
2026-08-06 13:43:25,27,42,remote
2026-08-06 13:43:27,24,48,local
2026-08-06 13:43:27,27,42,remote
2026-08-06 13:43:29,24,48,local
2026-08-06 13:43:29,27,42,remote
2026-08-06 13:43:31,24,48,local
2026-08-06 13:43:31,27,42,remote
2026-08-06 13:43:33,24,48,local
2026-08-06 13:43:33,27,42,remote
2026-08-06 13:43:35,24,48,local
2026-08-06 13:43:35,27,42,remote
2026-08-06 13:43:37,24,48,local
2026-08-06 13:43:37,27,42,remote
2026-08-06 13:43:39,24,48,local
2026-08-06 13:43:39,27,42,remote
2026-08-06 13:43:41,24,48,local
2026-08-06 13:43:41,27,42,remote
2026-08-06 13:43:43,24,48,local
2026-08-06 13:43:43,27,42,remote
2026-08-06 13:43:45,24,48,local
2026-08-06 13:43:45,27,42,remote
2026-08-06 13:43:47,24,48,local
2026-08-06 13:43:47,27,42,remote
2026-08-06 13:43:49,24,48,local
2026-08-06 13:43:49,27,42,remote
2026-08-06 13:43:51,24,48,local
2026-08-06 13:43:51,27,42,remote
2026-08-06 13:43:53,24,48,local
2026-08-06 13:43:53,27,42,remote
2026-08-06 13:43:55,24,48,local
2026-08-06 13:43:55,27,42,remote
2026-08-06 13:43:57,24,48,local
2026-08-06 13:43:57,27,42,remote
2026-08-06 13:43:59,24,48,local
2026-08-06 13:43:59,27,42,remote
2026-08-06 13:44:01,24,48,local
2026-08-06 13:44:01,27,42,remote
2026-08-06 13:44:03,24,48,local
2026-08-06 13:44:03,27,42,remote
2026-08-06 13:44:05,24,48,local
2026-08-06 13:44:06,27,42,remote
2026-08-06 13:44:07,24,48,local
2026-08-06 13:44:08,27,42,remote
2026-08-06 13:44:09,24,48,local
2026-08-06 13:44:10,27,42,remote
2026-08-06 13:44:11,24,48,local
2026-08-06 13:44:12,27,42,remote
2026-08-06 13:44:13,24,48,local
2026-08-06 13:44:14,27,42,remote
2026-08-06 13:44:15,24,48,local
2026-08-06 13:44:16,27,42,remote
2026-08-06 13:44:17,24,48,local
2026-08-06 13:44:18,27,42,remote
2026-08-06 13:44:19,24,48,local
2026-08-06 13:44:20,27,42,remote
2026-08-06 13:44:21,24,48,local
2026-08-06 13:44:22,27,42,remote
2026-08-06 13:44:23,24,48,local
2026-08-06 13:44:24,27,42,remote
2026-08-06 13:44:25,24,48,local
2026-08-06 13:44:26,27,42,remote
2026-08-06 13:44:27,24,48,local
2026-08-06 13:44:28,27,42,remote
2026-08-06 13:44:29,24,48,local
2026-08-06 13:44:30,27,42,remote
2026-08-06 13:44:31,24,48,local
2026-08-06 13:44:32,27,42,remote
2026-08-06 13:44:33,24,48,local
2026-08-06 13:44:34,27,42,remote
2026-08-06 13:44:35,24,48,local
2026-08-06 13:44:37,24,48,local
2026-08-06 13:44:39,24,48,local
2026-08-06 13:44:41,24,48,local
2026-08-06 13:44:43,24,48,local
2026-08-06 13:44:45,24,48,local
2026-08-06 13:44:47,24,48,local
2026-08-06 13:44:50,24,48,local
2026-08-06 13:44:52,24,48,local
2026-08-06 13:44:54,24,48,local
2026-08-06 13:44:56,24,48,local
2026-08-06 13:44:58,24,48,local
2026-08-06 13:45:00,24,48,local
2026-08-06 13:45:02,24,48,local
2026-08-06 13:45:04,24,48,local
2026-08-06 13:45:06,24,48,local
2026-08-06 13:45:08,24,48,local
2026-08-06 13:45:10,24,48,local
2026-08-06 13:45:12,24,48,local
2026-08-06 13:45:14,24,48,local
2026-08-06 13:45:16,24,48,local
2026-08-06 13:45:18,24,48,local
2026-08-06 13:45:20,24,48,local
2026-08-06 13:45:22,24,48,local
2026-08-06 13:45:24,24,48,local
2026-08-06 13:45:26,24,48,local
2026-08-06 13:45:28,24,48,local
2026-08-06 13:45:30,24,48,local
2026-08-06 13:45:32,24,48,local
2026-08-06 13:45:34,24,48,local
2026-08-06 13:45:36,24,48,local
2026-08-06 13:45:38,24,48,local
2026-08-06 13:45:40,24,48,local
2026-08-06 13:45:42,24,48,local
2026-08-06 13:45:44,24,48,local
2026-08-06 13:45:46,24,48,local
2026-08-06 13:45:48,24,49,local
2026-08-06 13:45:50,24,49,local
2026-08-06 13:45:52,24,48,local
2026-08-06 13:45:54,24,48,local
2026-08-06 13:45:56,24,48,local
2026-08-06 13:45:58,24,48,local
2026-08-06 13:46:00,24,48,local
2026-08-06 13:46:02,24,48,local
2026-08-06 13:46:04,24,48,local
2026-08-06 13:46:06,24,48,local
2026-08-06 13:46:08,24,48,local
2026-08-06 13:46:10,24,48,local
2026-08-06 13:46:12,24,48,local
2026-08-06 13:46:14,24,48,local
2026-08-06 13:46:17,24,48,local
2026-08-06 13:46:19,24,48,local
2026-08-06 13:46:21,24,48,local
2026-08-06 13:46:23,24,48,local
2026-08-06 13:46:25,24,48,local
2026-08-06 13:46:27,24,48,local
2026-08-06 13:46:29,24,48,local
2026-08-06 13:46:31,24,48,local
2026-08-06 13:46:33,24,48,local
2026-08-06 13:46:35,24,48,local
2026-08-06 13:46:37,24,48,local
2026-08-06 13:46:39,24,48,local
2026-08-06 13:46:41,24,48,local
2026-08-06 13:46:43,24,48,local
2026-08-06 13:46:45,24,48,local
2026-08-06 13:46:47,24,48,local
2026-08-06 13:46:49,24,48,local
2026-08-06 13:46:51,24,48,local
2026-08-06 13:46:53,24,48,local
2026-08-06 13:46:55,24,48,local
2026-08-06 13:46:57,24,48,local
2026-08-06 13:46:59,24,48,local
2026-08-06 13:47:01,24,48,local
2026-08-06 13:47:03,24,48,local
2026-08-06 13:47:05,24,48,local
2026-08-06 13:47:07,24,48,local
2026-08-06 13:47:09,24,48,local
2026-08-06 13:47:11,24,48,local
2026-08-06 13:47:13,24,48,local
2026-08-06 13:47:15,24,48,local
2026-08-06 13:47:17,24,48,local
2026-08-06 13:47:19,24,48,local
2026-08-06 13:47:21,24,48,local
2026-08-06 13:47:23,24,48,local
2026-08-06 13:47:25,24,48,local
2026-08-06 13:47:27,24,48,local
2026-08-06 13:47:29,24,48,local
2026-08-06 13:47:31,24,48,local
2026-08-06 13:47:33,24,48,local
2026-08-06 13:47:35,24,48,local
2026-08-06 13:47:37,24,48,local
2026-08-06 13:47:39,24,48,local
2026-08-06 13:47:41,24,48,local
2026-08-06 13:47:44,24,48,local
2026-08-06 13:47:46,24,48,local
2026-08-06 13:47:48,24,48,local
2026-08-06 13:47:50,24,48,local
2026-08-06 13:47:52,24,48,local
2026-08-06 13:47:54,24,48,local
2026-08-06 13:47:56,24,48,local
2026-08-06 13:47:58,24,48,local
2026-08-06 13:48:00,24,48,local
2026-08-06 13:48:02,24,48,local
2026-08-06 13:48:04,24,48,local
2026-08-06 13:48:06,24,48,local
2026-08-06 13:48:08,24,48,local
2026-08-06 13:48:10,24,48,local
2026-08-06 13:48:12,24,48,local
2026-08-06 13:48:14,24,48,local
2026-08-06 13:48:16,24,48,local
2026-08-06 13:48:18,24,48,local
2026-08-06 13:48:20,24,48,local
2026-08-06 13:48:22,24,48,local
2026-08-06 13:48:24,24,48,local
2026-08-06 13:48:26,24,48,local
2026-08-06 13:48:28,24,48,local
2026-08-06 13:48:30,24,48,local
2026-08-06 13:48:32,24,48,local
2026-08-06 13:48:34,24,49,local
2026-08-06 13:48:36,24,49,local
2026-08-06 13:48:38,24,49,local
2026-08-06 13:48:40,24,49,local
2026-08-06 13:48:42,24,49,local
2026-08-06 13:48:44,24,49,local
2026-08-06 13:48:46,24,49,local
2026-08-06 13:48:48,24,49,local
2026-08-06 13:48:50,24,49,local
2026-08-06 13:48:52,24,49,local
2026-08-06 13:48:54,24,49,local
2026-08-06 13:48:56,24,49,local
2026-08-06 13:48:58,24,49,local
2026-08-06 13:49:00,24,49,local
2026-08-06 13:49:02,24,49,local
2026-08-06 13:49:04,24,49,local
2026-08-06 13:49:06,24,49,local
2026-08-06 13:49:08,24,49,local
2026-08-06 13:49:11,24,49,local
2026-08-06 13:49:13,24,49,local
2026-08-06 13:49:15,24,49,local
2026-08-06 13:49:17,24,49,local
2026-08-06 13:49:19,24,49,local
2026-08-06 13:49:21,24,49,local
2026-08-06 13:49:23,24,49,local
2026-08-06 13:49:25,24,49,local
2026-08-06 13:49:27,24,49,local
2026-08-06 13:49:29,24,49,local
2026-08-06 13:49:31,24,49,local
2026-08-06 13:49:33,24,49,local
2026-08-06 13:49:35,24,49,local
2026-08-06 13:49:37,24,49,local
2026-08-06 13:49:39,24,48,local
2026-08-06 13:49:41,24,48,local
2026-08-06 13:49:43,24,48,local
2026-08-06 13:49:45,24,48,local
2026-08-06 13:49:47,24,48,local
2026-08-06 13:49:49,24,48,local
2026-08-06 13:49:51,24,49,local
2026-08-06 13:49:53,24,48,local
2026-08-06 13:49:55,24,49,local
2026-08-06 13:49:57,24,49,local
2026-08-06 13:49:59,24,48,local
2026-08-06 13:50:01,24,48,local
2026-08-06 13:50:03,24,48,local
2026-08-06 13:50:05,24,48,local
2026-08-06 13:50:07,24,48,local
2026-08-06 13:50:09,24,48,local
2026-08-06 13:50:11,24,48,local
2026-08-06 13:50:13,24,48,local
2026-08-06 13:50:15,24,48,local
2026-08-06 13:50:17,24,48,local
2026-08-06 13:50:19,24,49,local
2026-08-06 13:50:21,24,49,local
2026-08-06 13:50:23,24,49,local
2026-08-06 13:50:25,24,49,local
2026-08-06 13:50:27,24,49,local
2026-08-06 13:50:29,24,49,local
2026-08-06 13:50:31,24,49,local
2026-08-06 13:50:33,24,49,local
2026-08-06 13:50:35,24,49,local
2026-08-06 13:50:38,24,49,local
2026-08-06 13:50:40,24,49,local
2026-08-06 13:50:42,24,49,local
2026-08-06 13:50:44,24,49,local
2026-08-06 13:50:46,24,49,local
2026-08-06 13:50:48,24,49,local
2026-08-06 13:50:50,24,49,local
2026-08-06 13:50:52,24,49,local
2026-08-06 13:50:54,24,49,local
2026-08-06 13:50:56,24,49,local
2026-08-06 13:50:58,24,49,local
2026-08-06 13:51:00,24,49,local
2026-08-06 13:51:02,24,49,local
2026-08-06 13:51:04,23,49,local
2026-08-06 13:51:06,23,49,local
2026-08-06 13:51:08,23,49,local
2026-08-06 13:51:10,24,49,local
2026-08-06 13:51:12,24,49,local
2026-08-06 13:51:14,23,49,local
2026-08-06 13:51:16,24,49,local
2026-08-06 13:51:18,24,49,local
2026-08-06 13:51:20,24,49,local
2026-08-06 13:51:22,24,49,local
2026-08-06 13:51:24,24,49,local
2026-08-06 13:51:26,23,49,local
2026-08-06 13:51:28,23,49,local
2026-08-06 13:51:30,23,49,local
2026-08-06 13:51:32,23,49,local
2026-08-06 13:51:34,24,49,local
2026-08-06 13:51:36,23,49,local
2026-08-06 13:51:38,23,49,local
2026-08-06 13:51:40,24,49,local
2026-08-06 13:51:42,23,49,local
2026-08-06 13:51:44,24,49,local
2026-08-06 13:51:46,23,49,local
2026-08-06 13:51:48,24,49,local
2026-08-06 13:51:50,24,49,local
2026-08-06 13:51:52,24,49,local
2026-08-06 13:51:54,24,49,local
2026-08-06 13:51:56,24,49,local
2026-08-06 13:51:58,24,49,local
2026-08-06 13:52:00,24,49,local
2026-08-06 13:52:02,24,49,local
2026-08-06 13:52:05,24,49,local
2026-08-06 13:52:07,24,49,local
2026-08-06 13:52:09,24,49,local
2026-08-06 13:52:11,24,49,local
2026-08-06 13:52:13,24,49,local
2026-08-06 13:52:15,24,49,local
2026-08-06 13:52:17,24,49,local
2026-08-06 13:52:19,24,49,local
2026-08-06 13:52:21,24,49,local
2026-08-06 13:52:23,24,49,local
2026-08-06 13:52:25,24,49,local
2026-08-06 13:52:27,24,49,local
2026-08-06 13:52:29,24,49,local
2026-08-06 13:52:31,24,49,local
2026-08-06 13:52:33,24,49,local
2026-08-06 13:52:35,24,49,local
2026-08-06 13:52:37,24,49,local
2026-08-06 13:52:39,24,49,local
2026-08-06 13:52:41,24,49,local
2026-08-06 13:52:43,24,49,local
2026-08-06 13:52:45,24,49,local
2026-08-06 13:52:47,24,49,local
2026-08-06 13:52:49,24,48,local
2026-08-06 13:52:51,24,48,local
2026-08-06 13:52:53,24,48,local
2026-08-06 13:52:55,24,48,local
2026-08-06 13:52:57,24,48,local
2026-08-06 13:52:59,24,48,local
2026-08-06 13:53:01,24,48,local
2026-08-06 13:53:03,24,48,local
2026-08-06 13:53:05,24,48,local
2026-08-06 13:53:07,24,48,local
2026-08-06 13:53:09,24,48,local
2026-08-06 13:53:11,24,48,local
2026-08-06 13:53:13,24,48,local
2026-08-06 13:53:15,24,48,local
2026-08-06 13:53:17,24,48,local
2026-08-06 13:53:19,24,48,local
2026-08-06 13:53:21,24,48,local
2026-08-06 13:53:23,24,48,local
2026-08-06 13:53:25,24,48,local
2026-08-06 13:53:27,24,48,local
2026-08-06 13:53:29,24,48,local
2026-08-06 13:53:32,24,48,local
2026-08-06 13:53:34,24,48,local
2026-08-06 13:53:36,24,48,local
2026-08-06 13:53:38,24,48,local
2026-08-06 13:53:40,24,48,local
2026-08-06 13:53:42,24,48,local
2026-08-06 13:53:44,24,48,local
2026-08-06 13:53:46,24,48,local
2026-08-06 13:53:48,24,48,local
2026-08-06 13:53:50,24,48,local
2026-08-06 13:53:52,24,48,local
2026-08-06 13:53:54,24,48,local
2026-08-06 13:53:56,24,48,local
2026-08-06 13:53:58,24,48,local
2026-08-06 13:54:00,24,48,local
2026-08-06 13:54:02,24,48,local
2026-08-06 13:54:04,24,47,local
2026-08-06 13:54:06,24,47,local
2026-08-06 13:54:08,24,47,local
2026-08-06 13:54:10,24,47,local
2026-08-06 13:54:12,24,47,local
2026-08-06 13:54:14,24,47,local
2026-08-06 13:54:16,25,47,local
2026-08-06 13:54:18,25,47,local
2026-08-06 13:54:20,25,47,local
2026-08-06 13:54:22,25,47,local
2026-08-06 13:54:24,25,47,local
2026-08-06 13:54:26,25,47,local
2026-08-06 13:54:28,25,47,local
2026-08-06 13:54:30,25,47,local
2026-08-06 13:54:32,25,47,local
2026-08-06 13:54:34,25,47,local
2026-08-06 13:54:36,25,47,local
2026-08-06 13:54:38,25,47,local
2026-08-06 13:54:40,25,47,local
2026-08-06 13:54:42,25,47,local
2026-08-06 13:54:44,25,47,local
2026-08-06 13:54:46,25,47,local
2026-08-06 13:54:48,25,47,local
2026-08-06 13:54:50,25,47,local
2026-08-06 13:54:52,25,47,local
2026-08-06 13:54:54,25,47,local
2026-08-06 13:54:56,25,47,local
2026-08-06 13:54:59,25,47,local
2026-08-06 13:55:01,25,47,local
2026-08-06 13:55:03,25,47,local
2026-08-06 13:55:05,25,47,local
2026-08-06 13:55:07,25,47,local
2026-08-06 13:55:09,25,47,local
2026-08-06 13:55:11,25,47,local
2026-08-06 13:55:13,25,47,local
2026-08-06 13:55:15,25,47,local
2026-08-06 13:55:17,25,47,local
2026-08-06 13:55:19,25,47,local
2026-08-06 13:55:21,25,47,local
2026-08-06 13:55:23,25,47,local
2026-08-06 13:55:25,25,47,local
2026-08-06 13:55:27,25,47,local
2026-08-06 13:55:29,25,47,local
2026-08-06 13:55:31,25,47,local
2026-08-06 13:55:33,25,47,local
2026-08-06 13:55:35,25,47,local
2026-08-06 13:55:37,25,47,local
2026-08-06 13:55:39,25,47,local
2026-08-06 13:55:41,25,47,local
2026-08-06 13:55:43,25,47,local
2026-08-06 13:55:45,25,47,local
2026-08-06 13:55:47,25,47,local
2026-08-06 13:55:49,25,47,local
2026-08-06 13:55:51,25,47,local
2026-08-06 13:55:53,25,47,local
2026-08-06 13:55:55,25,47,local
2026-08-06 13:55:57,25,47,local
2026-08-06 13:55:58,23,47,remote
2026-08-06 13:55:59,25,47,local
2026-08-06 13:56:00,23,49,remote
2026-08-06 13:56:01,25,47,local
2026-08-06 13:56:02,24,49,remote
2026-08-06 13:56:03,25,47,local
2026-08-06 13:56:04,24,49,remote
2026-08-06 13:56:05,25,47,local
2026-08-06 13:56:06,24,49,remote
2026-08-06 13:56:07,25,47,local
2026-08-06 13:56:08,24,49,remote
2026-08-06 13:56:09,25,47,local
2026-08-06 13:56:10,24,49,remote
2026-08-06 13:56:11,25,47,local
2026-08-06 13:56:12,24,49,remote
2026-08-06 13:56:13,25,47,local
2026-08-06 13:56:14,24,49,remote
2026-08-06 13:56:15,25,47,local
2026-08-06 13:56:16,24,49,remote
2026-08-06 13:56:17,25,47,local
2026-08-06 13:56:18,24,49,remote
2026-08-06 13:56:19,25,47,local
2026-08-06 13:56:20,24,49,remote
2026-08-06 13:56:21,25,47,local
2026-08-06 13:56:22,24,49,remote
2026-08-06 13:56:24,25,47,local
2026-08-06 13:56:24,24,49,remote
2026-08-06 13:56:26,25,47,local
2026-08-06 13:56:26,24,49,remote
2026-08-06 13:56:28,25,47,local
2026-08-06 13:56:28,24,49,remote
2026-08-06 13:56:30,25,51,local
2026-08-06 13:56:30,24,49,remote
2026-08-06 13:56:32,25,56,local
2026-08-06 13:56:32,24,49,remote
2026-08-06 13:56:34,25,59,local
2026-08-06 13:56:34,24,49,remote
2026-08-06 13:56:36,25,62,local
2026-08-06 13:56:36,24,49,remote
2026-08-06 13:56:38,25,65,local
2026-08-06 13:56:38,24,49,remote
2026-08-06 13:56:40,24,49,remote
2026-08-06 13:56:42,24,49,remote
2026-08-06 13:56:44,24,49,remote
2026-08-06 13:56:46,24,49,remote
2026-08-06 13:56:48,24,49,remote
2026-08-06 13:56:50,24,49,remote
2026-08-06 13:56:52,24,49,remote
2026-08-06 13:56:54,27,65,local
2026-08-06 13:56:54,24,49,remote
2026-08-06 13:56:56,28,62,local
2026-08-06 13:56:57,24,49,remote
2026-08-06 13:56:58,28,67,local
2026-08-06 13:56:59,24,49,remote
2026-08-06 13:57:00,28,68,local
2026-08-06 13:57:01,24,49,remote
2026-08-06 13:57:02,28,69,local
2026-08-06 13:57:03,24,49,remote
2026-08-06 13:57:04,28,70,local
2026-08-06 13:57:05,24,49,remote
2026-08-06 13:57:06,28,71,local
2026-08-06 13:57:07,24,49,remote
2026-08-06 13:57:08,29,68,local
2026-08-06 13:57:09,24,49,remote
2026-08-06 13:57:10,29,65,local
2026-08-06 13:57:11,24,49,remote
2026-08-06 13:57:12,29,61,local
2026-08-06 13:57:13,24,49,remote
2026-08-06 13:57:14,29,58,local
2026-08-06 13:57:15,24,49,remote
2026-08-06 13:57:16,29,56,local
2026-08-06 13:57:17,24,49,remote
2026-08-06 13:57:18,29,53,local
2026-08-06 13:57:19,24,53,remote
2026-08-06 13:57:20,29,51,local
2026-08-06 13:57:21,24,57,remote
2026-08-06 13:57:22,29,50,local
2026-08-06 13:57:23,24,61,remote
2026-08-06 13:57:24,29,48,local
2026-08-06 13:57:25,24,63,remote
2026-08-06 13:57:26,29,47,local
2026-08-06 13:57:27,25,66,remote
2026-08-06 13:57:28,29,46,local
2026-08-06 13:57:29,25,67,remote
2026-08-06 13:57:30,29,46,local
2026-08-06 13:57:31,25,66,remote
2026-08-06 13:57:32,29,45,local
2026-08-06 13:57:33,25,65,remote
2026-08-06 13:57:34,29,44,local
2026-08-06 13:57:35,26,63,remote
2026-08-06 13:57:36,29,44,local
2026-08-06 13:57:37,26,61,remote
2026-08-06 13:57:38,29,44,local
2026-08-06 13:57:39,26,60,remote
2026-08-06 13:57:40,29,43,local
2026-08-06 13:57:41,26,58,remote
2026-08-06 13:57:42,29,43,local
2026-08-06 13:57:43,26,57,remote
2026-08-06 13:57:44,29,43,local
2026-08-06 13:57:45,26,56,remote
2026-08-06 13:57:46,29,42,local
2026-08-06 13:57:47,26,55,remote
2026-08-06 13:57:48,29,42,local
2026-08-06 13:57:49,26,54,remote
2026-08-06 13:57:51,29,42,local
2026-08-06 13:57:51,26,53,remote
2026-08-06 13:57:53,29,42,local
2026-08-06 13:57:53,26,52,remote
2026-08-06 13:57:55,29,42,local
2026-08-06 13:57:55,27,51,remote
2026-08-06 13:57:57,29,42,local
2026-08-06 13:57:57,26,50,remote
2026-08-06 13:57:59,29,41,local
2026-08-06 13:57:59,27,50,remote
2026-08-06 13:58:01,29,41,local
2026-08-06 13:58:01,27,49,remote
2026-08-06 13:58:03,28,41,local
2026-08-06 13:58:04,27,49,remote
2026-08-06 13:58:05,28,41,local
2026-08-06 13:58:06,27,48,remote
2026-08-06 13:58:07,28,41,local
2026-08-06 13:58:08,27,48,remote
2026-08-06 13:58:09,28,41,local
2026-08-06 13:58:10,27,48,remote
2026-08-06 13:58:11,28,41,local
2026-08-06 13:58:12,27,47,remote
2026-08-06 13:58:13,28,41,local
2026-08-06 13:58:14,26,47,remote
2026-08-06 13:58:15,28,41,local
2026-08-06 13:58:16,26,47,remote
2026-08-06 13:58:17,28,41,local
2026-08-06 13:58:18,26,47,remote
2026-08-06 13:58:19,28,41,local
2026-08-06 13:58:20,26,46,remote
2026-08-06 13:58:21,28,41,local
2026-08-06 13:58:22,26,46,remote
2026-08-06 13:58:23,28,41,local
2026-08-06 13:58:24,26,46,remote
2026-08-06 13:58:25,28,41,local
2026-08-06 13:58:26,26,46,remote
2026-08-06 13:58:27,28,41,local
2026-08-06 13:58:28,26,46,remote
2026-08-06 13:58:29,28,41,local
2026-08-06 13:58:30,26,46,remote
2026-08-06 13:58:31,28,41,local
2026-08-06 13:58:32,26,46,remote
2026-08-06 13:58:33,28,41,local
2026-08-06 13:58:34,26,46,remote
2026-08-06 13:58:35,28,41,local
2026-08-06 13:58:36,26,46,remote
2026-08-06 13:58:37,28,41,local
2026-08-06 13:58:38,26,46,remote
2026-08-06 13:58:39,27,41,local
2026-08-06 13:58:40,26,46,remote
2026-08-06 13:58:41,27,41,local
2026-08-06 13:58:42,26,46,remote
2026-08-06 13:58:43,27,41,local
2026-08-06 13:58:44,26,46,remote
2026-08-06 13:58:45,27,41,local
2026-08-06 13:58:46,26,46,remote
2026-08-06 13:58:47,27,42,local
2026-08-06 13:58:48,26,46,remote
2026-08-06 13:58:49,27,42,local
2026-08-06 13:58:50,26,46,remote
2026-08-06 13:58:51,27,42,local
2026-08-06 13:58:52,26,45,remote
2026-08-06 13:58:53,27,42,local
2026-08-06 13:58:54,26,45,remote
2026-08-06 13:58:55,27,42,local
2026-08-06 13:58:56,26,45,remote
2026-08-06 13:58:57,27,42,local
2026-08-06 13:58:58,26,45,remote
2026-08-06 13:58:59,27,42,local
2026-08-06 13:59:00,26,45,remote
2026-08-06 13:59:01,27,42,local
2026-08-06 13:59:02,26,46,remote
2026-08-06 13:59:03,27,42,local
2026-08-06 13:59:04,26,46,remote
2026-08-06 13:59:05,27,42,local
2026-08-06 13:59:06,26,46,remote
2026-08-06 13:59:07,27,42,local
2026-08-06 13:59:08,26,46,remote
2026-08-06 13:59:09,27,42,local
2026-08-06 13:59:11,26,46,remote
2026-08-06 13:59:11,27,42,local
2026-08-06 13:59:13,26,46,remote
2026-08-06 13:59:13,27,42,local
2026-08-06 13:59:15,26,46,remote
2026-08-06 13:59:15,27,42,local
2026-08-06 13:59:17,26,46,remote
2026-08-06 13:59:18,27,42,local
2026-08-06 13:59:19,26,46,remote
2026-08-06 13:59:20,27,42,local
2026-08-06 13:59:21,26,46,remote
2026-08-06 13:59:22,26,43,local
2026-08-06 13:59:23,26,46,remote
2026-08-06 13:59:24,26,43,local
2026-08-06 13:59:25,25,46,remote
2026-08-06 13:59:26,26,43,local
2026-08-06 13:59:27,25,46,remote
2026-08-06 13:59:28,26,43,local
2026-08-06 13:59:29,25,46,remote
2026-08-06 13:59:30,26,43,local
2026-08-06 13:59:31,25,46,remote
2026-08-06 13:59:32,26,43,local
2026-08-06 13:59:33,25,46,remote
2026-08-06 13:59:34,26,43,local
2026-08-06 13:59:35,25,46,remote
2026-08-06 13:59:36,26,43,local
2026-08-06 13:59:37,25,46,remote
2026-08-06 13:59:38,26,43,local
2026-08-06 13:59:39,25,46,remote
2026-08-06 13:59:40,26,43,local
2026-08-06 13:59:41,25,46,remote
2026-08-06 13:59:42,26,43,local
2026-08-06 13:59:43,25,46,remote
2026-08-06 13:59:44,26,43,local
2026-08-06 13:59:45,25,46,remote
2026-08-06 13:59:46,26,43,local
2026-08-06 13:59:47,25,46,remote
2026-08-06 13:59:48,26,43,local
2026-08-06 13:59:49,25,46,remote
2026-08-06 13:59:50,26,43,local
2026-08-06 13:59:51,25,46,remote
2026-08-06 13:59:52,26,43,local
2026-08-06 13:59:53,25,46,remote
2026-08-06 13:59:54,26,44,local
2026-08-06 13:59:55,25,46,remote
2026-08-06 13:59:56,26,44,local
2026-08-06 13:59:57,25,46,remote
2026-08-06 13:59:58,26,44,local
2026-08-06 13:59:59,25,46,remote
2026-08-06 14:00:00,26,44,local
2026-08-06 14:00:01,25,46,remote
2026-08-06 14:00:02,26,44,local
2026-08-06 14:00:03,25,47,remote
2026-08-06 14:00:04,26,44,local
2026-08-06 14:00:05,25,47,remote
2026-08-06 14:00:06,26,44,local
2026-08-06 14:00:07,25,47,remote
2026-08-06 14:00:08,26,44,local
2026-08-06 14:00:09,25,47,remote
2026-08-06 14:00:10,26,44,local
2026-08-06 14:00:11,25,47,remote
2026-08-06 14:00:12,26,44,local
2026-08-06 14:00:13,25,47,remote
2026-08-06 14:00:14,26,44,local
2026-08-06 14:00:15,25,47,remote
2026-08-06 14:00:16,26,44,local
2026-08-06 14:00:18,25,47,remote
2026-08-06 14:00:18,26,44,local
2026-08-06 14:00:20,25,47,remote
2026-08-06 14:00:20,26,44,local
2026-08-06 14:00:22,25,47,remote
2026-08-06 14:00:22,26,44,local
2026-08-06 14:00:24,25,47,remote
2026-08-06 14:00:24,26,44,local
2026-08-06 14:00:26,25,47,remote
2026-08-06 14:00:26,26,45,local
2026-08-06 14:00:28,25,47,remote
2026-08-06 14:00:28,26,45,local
2026-08-06 14:00:30,25,47,remote
2026-08-06 14:00:30,26,45,local
2026-08-06 14:00:32,25,47,remote
2026-08-06 14:00:32,26,45,local
2026-08-06 14:00:34,25,47,remote
2026-08-06 14:00:34,26,45,local
2026-08-06 14:00:36,25,47,remote
2026-08-06 14:00:36,26,45,local
2026-08-06 14:00:38,25,47,remote
2026-08-06 14:00:38,26,45,local
2026-08-06 14:00:40,25,47,remote
2026-08-06 14:00:40,26,45,local
2026-08-06 14:00:42,25,47,remote
2026-08-06 14:00:42,26,45,local
2026-08-06 14:00:44,25,47,remote
2026-08-06 14:00:45,26,45,local
2026-08-06 14:00:46,25,47,remote
2026-08-06 14:00:47,26,45,local
2026-08-06 14:00:48,25,47,remote
2026-08-06 14:00:49,26,45,local
2026-08-06 14:00:50,25,47,remote
2026-08-06 14:00:51,26,45,local
2026-08-06 14:00:52,25,47,remote
2026-08-06 14:00:53,26,45,local
2026-08-06 14:00:54,25,47,remote
2026-08-06 14:00:55,26,45,local
2026-08-06 14:00:56,25,47,remote
2026-08-06 14:00:57,26,45,local
2026-08-06 14:00:58,25,47,remote
2026-08-06 14:00:59,25,45,local
2026-08-06 14:01:00,25,47,remote
2026-08-06 14:01:01,25,45,local
2026-08-06 14:01:02,25,47,remote
2026-08-06 14:01:03,26,45,local
2026-08-06 14:01:04,25,47,remote
2026-08-06 14:01:05,25,45,local
2026-08-06 14:01:06,25,47,remote
2026-08-06 14:01:07,25,45,local
2026-08-06 14:01:08,25,47,remote
2026-08-06 14:01:09,25,45,local
2026-08-06 14:01:10,25,47,remote
2026-08-06 14:01:11,25,45,local
2026-08-06 14:01:12,25,48,remote
2026-08-06 14:01:13,25,45,local
2026-08-06 14:01:14,25,48,remote
2026-08-06 14:01:15,25,45,local
2026-08-06 14:01:16,25,48,remote
2026-08-06 14:01:17,25,45,local
2026-08-06 14:01:18,25,48,remote
2026-08-06 14:01:19,25,45,local
2026-08-06 14:01:20,25,48,remote
2026-08-06 14:01:21,25,45,local
2026-08-06 14:01:22,25,48,remote
2026-08-06 14:01:23,25,45,local
2026-08-06 14:01:25,25,48,remote
2026-08-06 14:01:25,25,45,local
2026-08-06 14:01:27,25,48,remote
2026-08-06 14:01:27,25,45,local
2026-08-06 14:01:29,25,48,remote
2026-08-06 14:01:29,25,46,local
2026-08-06 14:01:31,25,48,remote
2026-08-06 14:01:31,25,46,local
2026-08-06 14:01:33,25,48,remote
2026-08-06 14:01:33,25,46,local
2026-08-06 14:01:35,25,48,remote
2026-08-06 14:01:35,25,46,local
2026-08-06 14:01:37,25,48,remote
2026-08-06 14:01:37,25,46,local
2026-08-06 14:01:39,25,48,remote
2026-08-06 14:01:39,25,46,local
2026-08-06 14:01:41,25,48,remote
2026-08-06 14:01:41,25,46,local
2026-08-06 14:01:43,25,48,remote
2026-08-06 14:01:43,25,46,local
2026-08-06 14:01:45,25,48,remote
2026-08-06 14:01:45,25,46,local
2026-08-06 14:01:47,25,48,remote
2026-08-06 14:01:47,25,46,local
2026-08-06 14:01:49,25,48,remote
2026-08-06 14:01:49,25,46,local
2026-08-06 14:01:51,25,48,remote
2026-08-06 14:01:51,25,46,local
2026-08-06 14:01:53,25,48,remote
2026-08-06 14:01:53,25,46,local
2026-08-06 14:01:55,25,48,remote
2026-08-06 14:01:55,25,46,local
2026-08-06 14:01:57,25,48,remote
2026-08-06 14:01:57,25,46,local
2026-08-06 14:01:59,25,48,remote
2026-08-06 14:01:59,25,46,local
2026-08-06 14:02:01,25,48,remote
2026-08-06 14:02:01,25,46,local
2026-08-06 14:02:03,25,48,remote
2026-08-06 14:02:03,25,46,local
2026-08-06 14:02:05,25,48,remote
2026-08-06 14:02:05,25,46,local
2026-08-06 14:02:07,25,48,remote
2026-08-06 14:02:07,25,46,local
2026-08-06 14:02:09,25,48,remote
2026-08-06 14:02:10,25,46,local
2026-08-06 14:02:11,24,48,remote
2026-08-06 14:02:12,25,46,local
2026-08-06 14:02:13,25,48,remote
2026-08-06 14:02:14,25,46,local
2026-08-06 14:02:15,25,48,remote
2026-08-06 14:02:16,25,46,local
2026-08-06 14:02:17,25,48,remote
2026-08-06 14:02:18,25,46,local
2026-08-06 14:02:19,25,48,remote
2026-08-06 14:02:20,25,46,local
2026-08-06 14:02:21,24,48,remote
2026-08-06 14:02:22,25,46,local
2026-08-06 14:02:23,25,48,remote
2026-08-06 14:02:24,25,46,local
2026-08-06 14:02:25,25,48,remote
2026-08-06 14:02:26,25,46,local
2026-08-06 14:02:27,24,48,remote
2026-08-06 14:02:28,25,46,local
2026-08-06 14:02:29,25,48,remote
2026-08-06 14:02:30,25,46,local
2026-08-06 14:02:31,24,48,remote
2026-08-06 14:02:32,25,46,local
2026-08-06 14:02:34,24,48,remote
2026-08-06 14:02:34,25,46,local
2026-08-06 14:02:36,24,48,remote
2026-08-06 14:02:36,25,46,local
2026-08-06 14:02:38,25,48,remote
2026-08-06 14:02:38,25,46,local
2026-08-06 14:02:40,24,48,remote
2026-08-06 14:02:40,25,46,local
2026-08-06 14:02:42,24,48,remote
2026-08-06 14:02:42,25,46,local
2026-08-06 14:02:44,24,48,remote
2026-08-06 14:02:44,25,46,local
2026-08-06 14:02:46,24,48,remote
2026-08-06 14:02:46,25,46,local
2026-08-06 14:02:48,24,48,remote
2026-08-06 14:02:48,25,46,local
2026-08-06 14:02:50,24,48,remote
2026-08-06 14:02:50,25,46,local
2026-08-06 14:02:52,24,48,remote
2026-08-06 14:02:52,25,46,local
2026-08-06 14:02:54,24,48,remote
2026-08-06 14:02:54,25,46,local
2026-08-06 14:02:56,24,48,remote
2026-08-06 14:02:56,25,46,local
2026-08-06 14:02:58,24,48,remote
2026-08-06 14:02:58,25,46,local
2026-08-06 14:03:00,24,48,remote
2026-08-06 14:03:00,25,46,local
2026-08-06 14:03:02,24,48,remote
2026-08-06 14:03:02,25,46,local
2026-08-06 14:03:04,24,48,remote
2026-08-06 14:03:04,25,46,local
2026-08-06 14:03:06,24,48,remote
2026-08-06 14:03:06,25,46,local
2026-08-06 14:03:08,24,48,remote
2026-08-06 14:03:08,25,46,local
2026-08-06 14:03:10,24,48,remote
2026-08-06 14:03:10,25,47,local
2026-08-06 14:03:12,24,48,remote
2026-08-06 14:03:12,25,47,local
2026-08-06 14:03:14,24,48,remote
2026-08-06 14:03:14,25,47,local
2026-08-06 14:03:16,24,48,remote
2026-08-06 14:03:16,25,47,local
2026-08-06 14:03:18,24,48,remote
2026-08-06 14:03:18,25,47,local
2026-08-06 14:03:20,24,48,remote
2026-08-06 14:03:20,25,47,local
2026-08-06 14:03:22,24,48,remote
2026-08-06 14:03:22,25,47,local
2026-08-06 14:03:24,24,48,remote
2026-08-06 14:03:24,25,47,local
2026-08-06 14:03:26,24,48,remote
2026-08-06 14:03:26,25,47,local
2026-08-06 14:03:28,24,48,remote
2026-08-06 14:03:28,25,47,local
2026-08-06 14:03:30,24,48,remote
2026-08-06 14:03:32,24,48,remote
2026-08-06 14:03:34,24,48,remote
2026-08-06 14:03:36,24,48,remote
2026-08-06 14:03:37,25,46,local
2026-08-06 14:03:38,24,49,remote
2026-08-06 14:03:39,25,47,local
2026-08-06 14:03:41,24,49,remote
2026-08-06 14:03:41,25,49,local
2026-08-06 14:03:43,24,49,remote
2026-08-06 14:03:43,25,49,local
2026-08-06 14:03:45,25,49,local
2026-08-06 14:03:45,24,49,remote
2026-08-06 14:03:47,25,49,local
2026-08-06 14:03:49,24,48,remote
2026-08-06 14:03:51,25,48,local
2026-08-06 14:03:53,25,48,local
2026-08-06 14:03:53,24,48,remote
2026-08-06 14:03:55,25,48,local
2026-08-06 14:03:55,24,51,remote
2026-08-06 14:03:57,26,48,local
2026-08-06 14:03:57,24,53,remote
2026-08-06 14:03:59,26,48,local
2026-08-06 14:03:59,25,55,remote
2026-08-06 14:04:01,26,48,local
2026-08-06 14:04:01,25,57,remote
2026-08-06 14:04:03,26,46,local
2026-08-06 14:04:03,25,57,remote
2026-08-06 14:04:05,26,47,local
2026-08-06 14:04:05,25,56,remote
2026-08-06 14:04:07,26,47,local
2026-08-06 14:04:07,25,55,remote
2026-08-06 14:04:09,26,47,local
2026-08-06 14:04:09,25,54,remote
2026-08-06 14:04:11,26,47,local
2026-08-06 14:04:11,26,53,remote
2026-08-06 14:04:13,26,47,local
2026-08-06 14:04:13,26,52,remote
2026-08-06 14:04:15,26,47,local
2026-08-06 14:04:15,26,52,remote
2026-08-06 14:04:17,26,47,local
2026-08-06 14:04:17,26,51,remote
2026-08-06 14:04:19,26,47,local
2026-08-06 14:04:19,26,51,remote
2026-08-06 14:04:21,26,47,local
2026-08-06 14:04:21,26,49,remote
2026-08-06 14:04:23,26,47,local
2026-08-06 14:04:23,26,49,remote
2026-08-06 14:04:25,26,47,local
2026-08-06 14:04:25,26,49,remote
2026-08-06 14:04:27,26,47,local
2026-08-06 14:04:27,26,49,remote
2026-08-06 14:04:29,25,47,local
2026-08-06 14:04:29,26,49,remote
2026-08-06 14:04:31,25,47,local
2026-08-06 14:04:31,26,48,remote
2026-08-06 14:04:33,25,46,local
2026-08-06 14:04:33,26,48,remote
2026-08-06 14:04:35,25,46,local
2026-08-06 14:04:35,26,48,remote
2026-08-06 14:04:37,25,46,local
2026-08-06 14:04:37,26,48,remote
2026-08-06 14:04:39,25,46,local
2026-08-06 14:04:39,26,48,remote
2026-08-06 14:04:41,25,46,local
2026-08-06 14:04:41,26,47,remote
2026-08-06 14:04:43,25,46,local
2026-08-06 14:04:43,26,47,remote
2026-08-06 14:04:45,25,46,local
2026-08-06 14:04:45,26,47,remote
2026-08-06 14:04:47,25,46,local
2026-08-06 14:04:48,26,47,remote
2026-08-06 14:04:49,25,46,local
2026-08-06 14:04:50,26,47,remote
2026-08-06 14:04:51,25,46,local
2026-08-06 14:04:52,26,47,remote
2026-08-06 14:04:53,25,46,local
2026-08-06 14:04:54,26,47,remote
2026-08-06 14:04:55,25,46,local
2026-08-06 14:04:56,26,47,remote
2026-08-06 14:04:57,25,46,local
2026-08-06 14:04:58,26,47,remote
2026-08-06 14:04:59,25,46,local
2026-08-06 14:05:00,26,47,remote
2026-08-06 14:05:01,25,46,local
2026-08-06 14:05:02,26,47,remote
2026-08-06 14:05:04,25,46,local
2026-08-06 14:05:04,26,47,remote
2026-08-06 14:05:06,25,46,local
2026-08-06 14:05:06,26,46,remote
2026-08-06 14:05:08,25,46,local
2026-08-06 14:05:08,26,46,remote
2026-08-06 14:05:10,25,46,local
2026-08-06 14:05:10,26,46,remote
2026-08-06 14:05:12,25,46,local
2026-08-06 14:05:12,26,46,remote
2026-08-06 14:05:14,25,46,local
2026-08-06 14:05:14,26,46,remote
2026-08-06 14:05:16,25,46,local
2026-08-06 14:05:16,26,46,remote
2026-08-06 14:05:18,25,46,local
2026-08-06 14:05:18,26,46,remote
2026-08-06 14:05:20,25,46,local
2026-08-06 14:05:20,26,46,remote
2026-08-06 14:05:22,25,46,local
2026-08-06 14:05:22,26,46,remote
2026-08-06 14:05:24,25,46,local
2026-08-06 14:05:24,26,46,remote
2026-08-06 14:05:26,25,46,local
2026-08-06 14:05:26,26,46,remote
2026-08-06 14:05:28,25,47,local
2026-08-06 14:05:28,25,47,remote
2026-08-06 14:05:30,25,47,local
2026-08-06 14:05:30,25,47,remote
2026-08-06 14:05:32,25,47,local
2026-08-06 14:05:32,25,47,remote
2026-08-06 14:05:34,25,47,local
2026-08-06 14:05:34,25,47,remote
2026-08-06 14:05:36,25,47,local
2026-08-06 14:05:36,25,47,remote
2026-08-06 14:05:38,25,47,local
2026-08-06 14:05:38,25,47,remote
2026-08-06 14:05:40,25,47,local
2026-08-06 14:05:40,25,47,remote
2026-08-06 14:05:42,25,47,local
2026-08-06 14:05:42,25,47,remote
2026-08-06 14:05:44,25,47,local
2026-08-06 14:05:44,25,47,remote
2026-08-06 14:05:46,25,47,local
2026-08-06 14:05:46,25,47,remote
2026-08-06 14:05:48,25,47,local
2026-08-06 14:05:48,25,47,remote
2026-08-06 14:05:50,25,47,local
2026-08-06 14:05:50,25,47,remote
2026-08-06 14:05:52,25,47,local
2026-08-06 14:05:52,25,47,remote
2026-08-06 14:05:54,25,47,local
2026-08-06 14:05:55,25,47,remote
2026-08-06 14:05:56,25,47,local
2026-08-06 14:05:57,25,47,remote
2026-08-06 14:05:58,25,47,local
2026-08-06 14:05:59,25,47,remote
2026-08-06 14:06:00,25,47,local
2026-08-06 14:06:01,25,47,remote
2026-08-06 14:06:02,25,47,local
2026-08-06 14:06:03,25,47,remote
2026-08-06 14:06:04,25,47,local
2026-08-06 14:06:05,25,47,remote
2026-08-06 14:06:06,25,47,local
2026-08-06 14:06:07,25,47,remote
2026-08-06 14:06:08,25,47,local
2026-08-06 14:06:09,25,47,remote
2026-08-06 14:06:10,25,47,local
2026-08-06 14:06:11,25,48,remote
2026-08-06 14:06:12,25,47,local
2026-08-06 14:06:13,25,48,remote
2026-08-06 14:06:14,25,47,local
2026-08-06 14:06:15,25,48,remote
2026-08-06 14:06:16,25,47,local
2026-08-06 14:06:17,25,48,remote
2026-08-06 14:06:18,25,47,local
2026-08-06 14:06:19,25,48,remote
2026-08-06 14:06:20,25,47,local
2026-08-06 14:06:21,25,48,remote
2026-08-06 14:06:22,25,47,local
2026-08-06 14:06:23,25,48,remote
2026-08-06 14:06:24,25,47,local
2026-08-06 14:06:25,25,48,remote
2026-08-06 14:06:26,25,47,local
2026-08-06 14:06:27,25,48,remote
2026-08-06 14:06:28,25,47,local
2026-08-06 14:06:29,25,48,remote
2026-08-06 14:06:31,25,47,local
2026-08-06 14:06:31,25,48,remote
2026-08-06 14:06:33,25,47,local
2026-08-06 14:06:33,25,48,remote
2026-08-06 14:06:35,25,47,local
2026-08-06 14:06:35,25,48,remote
2026-08-06 14:06:37,25,47,local
2026-08-06 14:06:37,25,48,remote
2026-08-06 14:06:39,25,47,local
2026-08-06 14:06:39,25,48,remote
2026-08-06 14:06:41,25,47,local
2026-08-06 14:06:41,25,48,remote
2026-08-06 14:06:43,25,47,local
2026-08-06 14:06:43,25,48,remote
2026-08-06 14:06:45,25,47,local
2026-08-06 14:06:45,25,48,remote
2026-08-06 14:06:47,25,47,local
2026-08-06 14:06:47,25,48,remote
2026-08-06 14:06:49,25,47,local
2026-08-06 14:06:49,25,48,remote
2026-08-06 14:06:51,25,47,local
2026-08-06 14:06:51,25,48,remote
2026-08-06 14:06:53,25,47,local
2026-08-06 14:06:53,25,48,remote
2026-08-06 14:06:55,25,48,local
2026-08-06 14:06:55,25,48,remote
2026-08-06 14:06:57,25,48,local
2026-08-06 14:06:57,25,48,remote
2026-08-06 14:06:59,25,48,local
2026-08-06 14:06:59,25,48,remote
2026-08-06 14:07:01,25,48,local
2026-08-06 14:07:02,25,48,remote
2026-08-06 14:07:03,25,48,local
2026-08-06 14:07:04,25,48,remote
2026-08-06 14:07:05,25,48,local
2026-08-06 14:07:06,25,48,remote
2026-08-06 14:07:07,25,48,local
2026-08-06 14:07:08,25,48,remote
2026-08-06 14:07:09,24,48,local
2026-08-06 14:07:10,25,48,remote
2026-08-06 14:07:11,24,48,local
2026-08-06 14:07:12,24,48,remote
2026-08-06 14:07:13,24,48,local
2026-08-06 14:07:14,24,48,remote
2026-08-06 14:07:15,24,48,local
2026-08-06 14:07:16,24,48,remote
2026-08-06 14:07:17,24,48,local
2026-08-06 14:07:18,24,48,remote
2026-08-06 14:07:19,24,48,local
2026-08-06 14:07:20,24,48,remote
2026-08-06 14:07:21,24,48,local
2026-08-06 14:07:22,24,49,remote
2026-08-06 14:07:23,24,48,local
2026-08-06 14:07:24,24,49,remote
2026-08-06 14:07:25,24,48,local
2026-08-06 14:07:26,24,49,remote
2026-08-06 14:07:27,24,48,local
2026-08-06 14:07:28,24,49,remote
2026-08-06 14:07:29,24,48,local
2026-08-06 14:07:30,24,49,remote
2026-08-06 14:07:31,24,48,local
2026-08-06 14:07:32,24,49,remote
2026-08-06 14:07:33,24,48,local
2026-08-06 14:07:34,24,49,remote
2026-08-06 14:07:35,24,47,local
2026-08-06 14:07:36,24,49,remote
2026-08-06 14:07:37,24,48,local
2026-08-06 14:07:38,24,49,remote
2026-08-06 14:07:39,24,51,local
2026-08-06 14:07:40,24,49,remote
2026-08-06 14:07:41,25,55,local
2026-08-06 14:07:42,24,49,remote
2026-08-06 14:07:43,25,58,local
2026-08-06 14:07:44,24,49,remote
2026-08-06 14:07:45,25,60,local
2026-08-06 14:07:46,24,49,remote
2026-08-06 14:07:47,25,63,local
2026-08-06 14:07:48,24,49,remote
2026-08-06 14:07:49,26,65,local
2026-08-06 14:07:50,24,49,remote
2026-08-06 14:07:51,26,65,local
2026-08-06 14:07:52,24,49,remote
2026-08-06 14:07:53,26,63,local
2026-08-06 14:07:54,24,49,remote
2026-08-06 14:07:55,26,60,local
2026-08-06 14:07:56,24,49,remote
2026-08-06 14:07:58,26,59,local
2026-08-06 14:07:58,24,49,remote
2026-08-06 14:08:00,26,57,local
2026-08-06 14:08:00,24,49,remote
2026-08-06 14:08:02,27,55,local
2026-08-06 14:08:02,24,49,remote
2026-08-06 14:08:04,27,54,local
2026-08-06 14:08:04,24,49,remote
2026-08-06 14:08:06,27,52,local
2026-08-06 14:08:06,24,49,remote
2026-08-06 14:08:08,27,51,local
2026-08-06 14:08:09,24,49,remote
2026-08-06 14:08:10,27,50,local
2026-08-06 14:08:11,24,49,remote
2026-08-06 14:08:12,27,50,local
2026-08-06 14:08:13,24,49,remote
2026-08-06 14:08:14,27,49,local
2026-08-06 14:08:15,24,49,remote
2026-08-06 14:08:16,27,48,local
2026-08-06 14:08:17,24,49,remote
2026-08-06 14:08:18,27,48,local
2026-08-06 14:08:19,24,49,remote
2026-08-06 14:08:20,27,47,local
2026-08-06 14:08:21,24,49,remote
2026-08-06 14:08:22,27,47,local
2026-08-06 14:08:23,24,49,remote
2026-08-06 14:08:24,27,47,local
2026-08-06 14:08:25,24,49,remote
2026-08-06 14:08:26,27,46,local
2026-08-06 14:08:27,24,49,remote
2026-08-06 14:08:28,27,46,local
2026-08-06 14:08:29,24,49,remote
2026-08-06 14:08:30,27,46,local
2026-08-06 14:08:31,24,49,remote
2026-08-06 14:08:32,27,46,local
2026-08-06 14:08:33,24,49,remote
2026-08-06 14:08:34,27,46,local
2026-08-06 14:08:35,24,49,remote
2026-08-06 14:08:36,27,46,local
2026-08-06 14:08:37,24,49,remote
2026-08-06 14:08:38,27,45,local
2026-08-06 14:08:39,24,49,remote
2026-08-06 14:08:40,27,45,local
2026-08-06 14:08:41,24,49,remote
2026-08-06 14:08:42,27,45,local
2026-08-06 14:08:43,24,49,remote
2026-08-06 14:08:44,27,45,local
2026-08-06 14:08:45,24,49,remote
2026-08-06 14:08:46,27,45,local
2026-08-06 14:08:47,24,49,remote
2026-08-06 14:08:48,27,45,local
2026-08-06 14:08:49,24,49,remote
2026-08-06 14:08:50,27,45,local
2026-08-06 14:08:51,24,49,remote
2026-08-06 14:08:52,27,45,local
2026-08-06 14:08:53,24,50,remote
2026-08-06 14:08:54,27,45,local
2026-08-06 14:08:55,24,52,remote
2026-08-06 14:08:56,27,45,local
2026-08-06 14:08:57,24,53,remote
2026-08-06 14:08:58,27,45,local
2026-08-06 14:08:59,24,53,remote
2026-08-06 14:09:00,26,45,local
2026-08-06 14:09:01,24,53,remote
2026-08-06 14:09:02,26,45,local
2026-08-06 14:09:03,25,52,remote
2026-08-06 14:09:04,26,45,local
2026-08-06 14:09:05,25,52,remote
2026-08-06 14:09:06,26,45,local
2026-08-06 14:09:07,25,51,remote
2026-08-06 14:09:08,26,45,local
2026-08-06 14:09:09,25,51,remote
2026-08-06 14:09:10,26,45,local
2026-08-06 14:09:11,25,51,remote
2026-08-06 14:09:12,26,45,local
2026-08-06 14:09:13,25,50,remote
2026-08-06 14:09:14,26,45,local
2026-08-06 14:09:16,25,50,remote
2026-08-06 14:09:16,26,45,local
2026-08-06 14:09:18,25,50,remote
2026-08-06 14:09:18,26,45,local
2026-08-06 14:09:20,25,50,remote
2026-08-06 14:09:20,26,45,local
2026-08-06 14:09:22,25,49,remote
2026-08-06 14:09:23,26,45,local
2026-08-06 14:09:24,25,49,remote
2026-08-06 14:09:25,26,45,local
2026-08-06 14:09:26,25,49,remote
2026-08-06 14:09:27,26,45,local
2026-08-06 14:09:28,25,49,remote
2026-08-06 14:09:29,26,45,local
2026-08-06 14:09:30,25,49,remote
2026-08-06 14:09:31,26,45,local
2026-08-06 14:09:32,25,49,remote
2026-08-06 14:09:33,26,45,local
2026-08-06 14:09:34,25,49,remote
2026-08-06 14:09:35,26,45,local
2026-08-06 14:09:36,25,48,remote
2026-08-06 14:09:37,26,45,local
2026-08-06 14:09:38,25,48,remote
2026-08-06 14:09:39,26,45,local
2026-08-06 14:09:40,25,48,remote
2026-08-06 14:09:41,26,46,local
2026-08-06 14:09:42,25,48,remote
2026-08-06 14:09:43,26,46,local
2026-08-06 14:09:44,25,48,remote
2026-08-06 14:09:45,26,46,local
2026-08-06 14:09:46,25,48,remote
2026-08-06 14:09:47,26,46,local
2026-08-06 14:09:48,25,48,remote
2026-08-06 14:09:49,26,46,local
2026-08-06 14:09:50,25,48,remote
2026-08-06 14:09:51,26,46,local
2026-08-06 14:09:52,25,48,remote
2026-08-06 14:09:53,26,46,local
2026-08-06 14:09:54,25,48,remote
2026-08-06 14:09:55,26,46,local
2026-08-06 14:09:56,25,48,remote
2026-08-06 14:09:57,26,46,local
2026-08-06 14:09:58,25,48,remote
2026-08-06 14:09:59,26,46,local
2026-08-06 14:10:00,25,48,remote
2026-08-06 14:10:01,25,46,local
2026-08-06 14:10:02,25,48,remote
2026-08-06 14:10:03,25,46,local
2026-08-06 14:10:04,25,48,remote
2026-08-06 14:10:05,25,46,local
2026-08-06 14:10:06,25,48,remote
2026-08-06 14:10:07,25,46,local
2026-08-06 14:10:08,25,48,remote
2026-08-06 14:10:09,25,46,local
2026-08-06 14:10:10,25,48,remote
2026-08-06 14:10:11,25,46,local
2026-08-06 14:10:12,25,48,remote
2026-08-06 14:10:13,25,46,local
2026-08-06 14:10:14,25,48,remote
2026-08-06 14:10:15,25,46,local
2026-08-06 14:10:16,25,48,remote
2026-08-06 14:10:17,25,46,local
2026-08-06 14:10:18,25,48,remote
2026-08-06 14:10:19,25,46,local
2026-08-06 14:10:20,25,48,remote
2026-08-06 14:10:21,25,46,local
2026-08-06 14:10:22,25,48,remote
2026-08-06 14:10:23,25,46,local
2026-08-06 14:10:25,25,48,remote
2026-08-06 14:10:25,25,46,local
2026-08-06 14:10:27,25,48,remote
2026-08-06 14:10:27,25,46,local
2026-08-06 14:10:29,25,48,remote
2026-08-06 14:10:29,25,46,local
2026-08-06 14:10:31,25,48,remote
2026-08-06 14:10:31,25,46,local
2026-08-06 14:10:33,25,48,remote
2026-08-06 14:10:33,25,46,local
2026-08-06 14:10:35,25,48,remote
2026-08-06 14:10:35,25,47,local
2026-08-06 14:10:37,25,48,remote
2026-08-06 14:10:37,25,47,local
2026-08-06 14:10:39,25,48,remote
2026-08-06 14:10:39,25,47,local
2026-08-06 14:10:41,25,48,remote
2026-08-06 14:10:41,25,47,local
2026-08-06 14:10:43,24,48,remote
2026-08-06 14:10:43,25,47,local
2026-08-06 14:10:45,25,48,remote
2026-08-06 14:10:45,25,47,local
2026-08-06 14:10:47,24,48,remote
2026-08-06 14:10:47,25,47,local
2026-08-06 14:10:49,24,48,remote
2026-08-06 14:10:50,25,47,local
2026-08-06 14:10:51,24,48,remote
2026-08-06 14:10:52,25,47,local
2026-08-06 14:10:53,24,48,remote
2026-08-06 14:10:54,25,47,local
2026-08-06 14:10:55,24,48,remote
2026-08-06 14:10:56,25,47,local
2026-08-06 14:10:57,24,48,remote
2026-08-06 14:10:58,25,47,local
2026-08-06 14:10:59,24,49,remote
2026-08-06 14:11:00,25,47,local
2026-08-06 14:11:01,24,49,remote
2026-08-06 14:11:02,25,47,local
2026-08-06 14:11:03,24,49,remote
2026-08-06 14:11:04,25,47,local
2026-08-06 14:11:05,24,49,remote
2026-08-06 14:11:06,25,47,local
2026-08-06 14:11:07,24,49,remote
2026-08-06 14:11:08,25,47,local
2026-08-06 14:11:09,24,49,remote
2026-08-06 14:11:10,25,47,local
2026-08-06 14:11:11,24,49,remote
2026-08-06 14:11:12,25,47,local
2026-08-06 14:11:13,24,49,remote
2026-08-06 14:11:14,25,47,local
2026-08-06 14:11:15,24,49,remote
2026-08-06 14:11:16,25,47,local
2026-08-06 14:11:17,24,49,remote
2026-08-06 14:11:18,25,47,local
2026-08-06 14:11:19,24,49,remote
2026-08-06 14:11:20,25,47,local
2026-08-06 14:11:21,24,49,remote
2026-08-06 14:11:22,25,48,local
2026-08-06 14:11:23,24,49,remote
2026-08-06 14:11:24,25,48,local
2026-08-06 14:11:25,24,49,remote
2026-08-06 14:11:26,25,48,local
2026-08-06 14:11:27,24,49,remote
2026-08-06 14:11:28,25,48,local
2026-08-06 14:11:29,24,49,remote
2026-08-06 14:11:30,24,48,local
2026-08-06 14:11:32,24,49,remote
2026-08-06 14:11:32,24,48,local
2026-08-06 14:11:34,24,49,remote
2026-08-06 14:11:34,24,48,local
2026-08-06 14:11:36,24,49,remote
2026-08-06 14:11:36,24,48,local
2026-08-06 14:11:38,24,49,remote
2026-08-06 14:11:38,24,48,local
2026-08-06 14:11:40,24,49,remote
2026-08-06 14:11:40,24,48,local
2026-08-06 14:11:42,24,49,remote
2026-08-06 14:11:42,24,48,local
2026-08-06 14:11:44,24,49,remote
2026-08-06 14:11:44,24,48,local
2026-08-06 14:11:46,24,49,remote
2026-08-06 14:11:46,24,48,local
2026-08-06 14:11:48,24,49,remote
2026-08-06 14:11:48,24,48,local
2026-08-06 14:11:50,24,49,remote
2026-08-06 14:11:50,24,48,local
2026-08-06 14:11:52,24,49,remote
2026-08-06 14:11:52,24,48,local
2026-08-06 14:11:54,24,49,remote
2026-08-06 14:11:54,24,48,local
2026-08-06 14:11:56,24,49,remote
2026-08-06 14:11:56,24,48,local
2026-08-06 14:11:58,24,49,remote
2026-08-06 14:11:58,24,48,local
2026-08-06 14:12:00,24,49,remote
2026-08-06 14:12:00,24,48,local
2026-08-06 14:12:02,24,49,remote
2026-08-06 14:12:02,24,48,local
2026-08-06 14:12:04,24,49,remote
2026-08-06 14:12:04,24,48,local
2026-08-06 14:12:06,24,49,remote
2026-08-06 14:12:06,24,48,local
2026-08-06 14:12:08,24,49,remote
2026-08-06 14:12:08,24,48,local
2026-08-06 14:12:10,24,49,remote
2026-08-06 14:12:10,24,48,local
2026-08-06 14:12:12,24,49,remote
2026-08-06 14:12:12,24,48,local
2026-08-06 14:12:14,24,49,remote
2026-08-06 14:12:14,24,48,local
2026-08-06 14:12:16,24,49,remote
2026-08-06 14:12:17,24,48,local
2026-08-06 14:12:18,24,50,remote
2026-08-06 14:12:19,24,48,local
2026-08-06 14:12:20,24,50,remote
2026-08-06 14:12:21,24,49,local
2026-08-06 14:12:22,24,50,remote
2026-08-06 14:12:23,24,49,local
2026-08-06 14:12:24,24,50,remote
2026-08-06 14:12:25,24,49,local
2026-08-06 14:12:26,24,50,remote
2026-08-06 14:12:27,24,49,local
2026-08-06 14:12:28,24,50,remote
2026-08-06 14:12:29,24,49,local
2026-08-06 14:12:30,24,50,remote
2026-08-06 14:12:31,24,49,local
2026-08-06 14:12:32,24,50,remote
2026-08-06 14:12:33,24,49,local
2026-08-06 14:12:34,24,50,remote
2026-08-06 14:12:35,24,49,local
2026-08-06 14:12:36,24,50,remote
2026-08-06 14:12:37,24,49,local
2026-08-06 14:12:39,24,50,remote
2026-08-06 14:12:39,24,49,local
2026-08-06 14:12:41,24,50,remote
2026-08-06 14:12:41,24,49,local
2026-08-06 14:12:43,24,50,remote
2026-08-06 14:12:43,24,49,local
2026-08-06 14:12:45,24,50,remote
2026-08-06 14:12:45,24,49,local
2026-08-06 14:12:47,24,50,remote
2026-08-06 14:12:47,24,49,local
2026-08-06 14:12:49,24,50,remote
2026-08-06 14:12:49,24,49,local
2026-08-06 14:12:51,24,50,remote
2026-08-06 14:12:51,24,49,local
2026-08-06 14:12:53,24,50,remote
2026-08-06 14:12:53,24,49,local
2026-08-06 14:12:55,24,50,remote
2026-08-06 14:12:55,24,49,local
2026-08-06 14:12:57,24,50,remote
2026-08-06 14:12:57,24,49,local
2026-08-06 14:12:59,24,50,remote
2026-08-06 14:12:59,24,49,local
2026-08-06 14:13:01,24,50,remote
2026-08-06 14:13:01,24,49,local
2026-08-06 14:13:03,24,50,remote
2026-08-06 14:13:03,24,49,local
2026-08-06 14:13:05,24,50,remote
2026-08-06 14:13:05,24,49,local
2026-08-06 14:13:07,24,50,remote
2026-08-06 14:13:07,24,49,local
2026-08-06 14:13:09,24,50,remote
2026-08-06 14:13:09,24,49,local
2026-08-06 14:13:11,24,50,remote
2026-08-06 14:13:11,24,49,local
2026-08-06 14:13:13,24,50,remote
2026-08-06 14:13:13,24,49,local
2026-08-06 14:13:15,24,50,remote
2026-08-06 14:13:15,24,49,local
2026-08-06 14:13:17,24,50,remote
2026-08-06 14:13:17,24,49,local
2026-08-06 14:13:19,24,50,remote
2026-08-06 14:13:19,24,49,local
2026-08-06 14:13:21,24,50,remote
2026-08-06 14:13:21,24,49,local
2026-08-06 14:13:23,24,50,remote
2026-08-06 14:13:23,24,49,local
2026-08-06 14:13:25,24,50,remote
2026-08-06 14:13:25,24,49,local
2026-08-06 14:13:27,24,50,remote
2026-08-06 14:13:27,24,49,local
2026-08-06 14:13:29,24,50,remote
2026-08-06 14:13:29,24,49,local
2026-08-06 14:13:31,24,50,remote
2026-08-06 14:13:31,24,49,local
2026-08-06 14:13:33,24,50,remote
2026-08-06 14:13:33,24,50,local
2026-08-06 14:13:35,24,50,remote
2026-08-06 14:13:35,24,51,local
2026-08-06 14:13:37,24,50,remote
2026-08-06 14:13:37,24,53,local
2026-08-06 14:13:39,24,50,remote
2026-08-06 14:13:39,25,56,local
2026-08-06 14:13:41,24,50,remote
2026-08-06 14:13:41,25,58,local
2026-08-06 14:13:43,24,50,remote
2026-08-06 14:13:44,25,60,local
2026-08-06 14:13:46,24,50,remote
2026-08-06 14:13:46,25,62,local
2026-08-06 14:13:48,24,50,remote
2026-08-06 14:13:48,26,63,local
2026-08-06 14:13:50,26,65,local
2026-08-06 14:13:50,24,50,remote
2026-08-06 14:13:52,26,66,local
2026-08-06 14:13:52,24,50,remote
2026-08-06 14:13:54,24,50,remote
2026-08-06 14:13:56,27,69,local
2026-08-06 14:13:56,24,50,remote
2026-08-06 14:13:58,27,69,local
2026-08-06 14:13:58,24,50,remote
2026-08-06 14:14:00,27,70,local
2026-08-06 14:14:00,24,50,remote
2026-08-06 14:14:02,28,71,local
2026-08-06 14:14:02,24,50,remote
2026-08-06 14:14:04,28,71,local
2026-08-06 14:14:04,24,50,remote
2026-08-06 14:14:06,28,72,local
2026-08-06 14:14:06,24,50,remote
2026-08-06 14:14:08,29,72,local
2026-08-06 14:14:08,24,50,remote
2026-08-06 14:14:10,29,72,local
2026-08-06 14:14:10,24,50,remote
2026-08-06 14:14:12,29,73,local
2026-08-06 14:14:12,24,50,remote
2026-08-06 14:14:14,29,66,local
2026-08-06 14:14:14,24,50,remote
2026-08-06 14:14:16,29,72,local
2026-08-06 14:14:16,24,50,remote
2026-08-06 14:14:18,30,65,local
2026-08-06 14:14:18,24,51,remote
2026-08-06 14:14:20,30,67,local
2026-08-06 14:14:20,24,51,remote
2026-08-06 14:14:22,30,67,local
2026-08-06 14:14:22,24,51,remote
2026-08-06 14:14:24,30,67,local
2026-08-06 14:14:24,24,51,remote
2026-08-06 14:14:26,30,67,local
2026-08-06 14:14:26,24,51,remote
2026-08-06 14:14:28,30,67,local
2026-08-06 14:14:28,24,51,remote
2026-08-06 14:14:30,30,67,local
2026-08-06 14:14:30,24,51,remote
2026-08-06 14:14:32,30,67,local
2026-08-06 14:14:32,24,51,remote
2026-08-06 14:14:34,31,67,local
2026-08-06 14:14:34,24,51,remote
2026-08-06 14:14:36,31,67,local
2026-08-06 14:14:36,24,51,remote
2026-08-06 14:14:38,31,67,local
2026-08-06 14:14:38,24,51,remote
2026-08-06 14:14:40,31,67,local
2026-08-06 14:14:40,24,51,remote
2026-08-06 14:14:42,31,67,local
2026-08-06 14:14:42,24,51,remote
2026-08-06 14:14:44,31,68,local
2026-08-06 14:14:44,24,51,remote
2026-08-06 14:14:46,31,68,local
2026-08-06 14:14:46,24,51,remote
2026-08-06 14:14:48,32,68,local
2026-08-06 14:14:48,24,51,remote
2026-08-06 14:14:50,32,68,local
2026-08-06 14:14:50,24,51,remote
2026-08-06 14:14:52,32,68,local
2026-08-06 14:14:53,24,51,remote
2026-08-06 14:14:54,32,68,local
2026-08-06 14:14:55,24,51,remote
2026-08-06 14:14:56,32,68,local
2026-08-06 14:14:57,24,51,remote
2026-08-06 14:14:58,32,68,local
2026-08-06 14:14:59,24,51,remote
2026-08-06 14:15:00,32,67,local
2026-08-06 14:15:01,24,51,remote
2026-08-06 14:15:02,32,67,local
2026-08-06 14:15:03,24,51,remote
2026-08-06 14:15:04,32,65,local
2026-08-06 14:15:05,24,51,remote
2026-08-06 14:15:06,32,65,local
2026-08-06 14:15:07,24,51,remote
2026-08-06 14:15:09,32,65,local
2026-08-06 14:15:09,24,51,remote
2026-08-06 14:15:11,32,65,local
2026-08-06 14:15:11,24,51,remote
2026-08-06 14:15:13,32,66,local
2026-08-06 14:15:13,24,51,remote
2026-08-06 14:15:15,24,51,remote
2026-08-06 14:15:17,32,60,local
2026-08-06 14:15:17,24,51,remote
2026-08-06 14:15:19,32,60,local
2026-08-06 14:15:19,24,51,remote
2026-08-06 14:15:21,32,65,local
2026-08-06 14:15:21,24,51,remote
2026-08-06 14:15:23,33,61,local
2026-08-06 14:15:23,24,51,remote
2026-08-06 14:15:25,33,62,local
2026-08-06 14:15:25,24,51,remote
2026-08-06 14:15:27,33,60,local
2026-08-06 14:15:27,24,51,remote
2026-08-06 14:15:29,32,56,local
2026-08-06 14:15:29,24,51,remote
2026-08-06 14:15:31,32,52,local
2026-08-06 14:15:31,24,51,remote
2026-08-06 14:15:33,32,49,local
2026-08-06 14:15:33,24,51,remote
2026-08-06 14:15:35,32,47,local
2026-08-06 14:15:35,24,51,remote
2026-08-06 14:15:37,32,45,local
2026-08-06 14:15:37,24,51,remote
2026-08-06 14:15:39,32,43,local
2026-08-06 14:15:39,24,51,remote
2026-08-06 14:15:41,32,42,local
2026-08-06 14:15:41,24,51,remote
2026-08-06 14:15:43,32,44,local
2026-08-06 14:15:43,24,51,remote
2026-08-06 14:15:45,32,47,local
2026-08-06 14:15:45,24,51,remote
2026-08-06 14:15:47,32,49,local
2026-08-06 14:15:47,24,51,remote
2026-08-06 14:15:49,32,52,local
2026-08-06 14:15:49,24,51,remote
2026-08-06 14:15:51,32,53,local
2026-08-06 14:15:51,24,51,remote
2026-08-06 14:15:53,32,54,local
2026-08-06 14:15:53,24,51,remote
2026-08-06 14:15:55,32,55,local
2026-08-06 14:15:55,24,51,remote
2026-08-06 14:15:57,32,56,local
2026-08-06 14:15:57,24,51,remote
2026-08-06 14:15:59,32,57,local
2026-08-06 14:16:00,24,51,remote
2026-08-06 14:16:01,32,58,local
2026-08-06 14:16:02,24,51,remote
2026-08-06 14:16:03,32,60,local
2026-08-06 14:16:04,24,51,remote
2026-08-06 14:16:05,32,62,local
2026-08-06 14:16:06,24,51,remote
2026-08-06 14:16:07,32,63,local
2026-08-06 14:16:08,24,51,remote
2026-08-06 14:16:10,24,51,remote
2026-08-06 14:16:11,32,62,local
2026-08-06 14:16:12,24,51,remote
2026-08-06 14:16:13,32,62,local
2026-08-06 14:16:14,24,51,remote
2026-08-06 14:16:15,32,66,local
2026-08-06 14:16:16,24,51,remote
2026-08-06 14:16:17,32,67,local
2026-08-06 14:16:18,24,51,remote
2026-08-06 14:16:19,32,67,local
2026-08-06 14:16:20,24,51,remote
2026-08-06 14:16:21,32,68,local
2026-08-06 14:16:22,24,51,remote
2026-08-06 14:16:23,32,68,local
2026-08-06 14:16:24,24,51,remote
2026-08-06 14:16:25,32,69,local
2026-08-06 14:16:26,24,51,remote
2026-08-06 14:16:27,33,69,local
2026-08-06 14:16:28,24,51,remote
2026-08-06 14:16:29,33,69,local
2026-08-06 14:16:30,24,51,remote
2026-08-06 14:16:31,33,70,local
2026-08-06 14:16:32,24,51,remote
2026-08-06 14:16:33,33,70,local
2026-08-06 14:16:34,24,51,remote
2026-08-06 14:16:36,33,70,local
2026-08-06 14:16:36,24,51,remote
2026-08-06 14:16:38,33,70,local
2026-08-06 14:16:38,24,51,remote
2026-08-06 14:16:40,33,70,local
2026-08-06 14:16:40,24,51,remote
2026-08-06 14:16:42,33,70,local
2026-08-06 14:16:42,24,51,remote
2026-08-06 14:16:44,33,70,local
2026-08-06 14:16:44,24,51,remote
2026-08-06 14:16:46,33,70,local
2026-08-06 14:16:46,24,51,remote
2026-08-06 14:16:48,33,70,local
2026-08-06 14:16:48,24,51,remote
2026-08-06 14:16:50,33,70,local
2026-08-06 14:16:50,24,51,remote
2026-08-06 14:16:52,33,71,local
2026-08-06 14:16:52,24,51,remote
2026-08-06 14:16:54,33,71,local
2026-08-06 14:16:54,24,51,remote
2026-08-06 14:16:56,33,63,local
2026-08-06 14:16:56,24,51,remote
2026-08-06 14:16:58,33,63,local
2026-08-06 14:16:58,24,51,remote
2026-08-06 14:17:00,33,67,local
2026-08-06 14:17:00,24,51,remote
2026-08-06 14:17:02,33,61,local
2026-08-06 14:17:02,24,51,remote
2026-08-06 14:17:04,33,56,local
2026-08-06 14:17:04,24,51,remote
2026-08-06 14:17:06,33,52,local
2026-08-06 14:17:07,24,50,remote
2026-08-06 14:17:08,32,49,local
2026-08-06 14:17:09,24,51,remote
2026-08-06 14:17:10,32,47,local
2026-08-06 14:17:11,24,50,remote
2026-08-06 14:17:12,32,45,local
2026-08-06 14:17:13,24,50,remote
2026-08-06 14:17:14,32,43,local
2026-08-06 14:17:15,24,50,remote
2026-08-06 14:17:16,32,42,local
2026-08-06 14:17:17,24,51,remote
2026-08-06 14:17:18,32,41,local
2026-08-06 14:17:19,24,51,remote
2026-08-06 14:17:20,32,40,local
2026-08-06 14:17:21,24,51,remote
2026-08-06 14:17:22,32,40,local
2026-08-06 14:17:23,24,51,remote
2026-08-06 14:17:24,32,39,local
2026-08-06 14:17:25,24,51,remote
2026-08-06 14:17:26,31,39,local
2026-08-06 14:17:27,24,51,remote
2026-08-06 14:17:28,31,38,local
2026-08-06 14:17:29,24,51,remote
2026-08-06 14:17:30,31,38,local
2026-08-06 14:17:31,24,51,remote
2026-08-06 14:17:32,31,38,local
2026-08-06 14:17:33,24,51,remote
2026-08-06 14:17:34,31,38,local
2026-08-06 14:17:35,24,51,remote
2026-08-06 14:17:36,31,38,local
2026-08-06 14:17:37,24,51,remote
2026-08-06 14:17:38,31,38,local
2026-08-06 14:17:39,24,51,remote
2026-08-06 14:17:40,30,38,local
2026-08-06 14:17:41,24,51,remote
2026-08-06 14:17:42,30,37,local
2026-08-06 14:17:43,24,51,remote
2026-08-06 14:17:44,30,38,local
2026-08-06 14:17:45,24,51,remote
2026-08-06 14:17:46,30,37,local
2026-08-06 14:17:47,24,51,remote
2026-08-06 14:17:48,30,37,local
2026-08-06 14:17:49,24,51,remote
2026-08-06 14:17:50,30,38,local
2026-08-06 14:17:51,24,51,remote
2026-08-06 14:17:52,30,38,local
2026-08-06 14:17:53,24,51,remote
2026-08-06 14:17:54,30,38,local
2026-08-06 14:17:55,24,51,remote
2026-08-06 14:17:56,30,38,local
2026-08-06 14:17:57,24,51,remote
2026-08-06 14:17:58,29,38,local
2026-08-06 14:17:59,24,51,remote
2026-08-06 14:18:00,29,38,local
2026-08-06 14:18:01,24,51,remote
2026-08-06 14:18:03,29,38,local
2026-08-06 14:18:03,24,51,remote
2026-08-06 14:18:05,29,38,local
2026-08-06 14:18:05,24,51,remote
2026-08-06 14:18:07,29,38,local
2026-08-06 14:18:07,24,51,remote
2026-08-06 14:18:09,29,38,local
2026-08-06 14:18:09,24,51,remote
2026-08-06 14:18:11,29,38,local
2026-08-06 14:18:11,24,51,remote
2026-08-06 14:18:13,29,39,local
2026-08-06 14:18:13,24,51,remote
2026-08-06 14:18:15,29,39,local
2026-08-06 14:18:16,24,51,remote
2026-08-06 14:18:17,28,39,local
2026-08-06 14:18:18,24,51,remote
2026-08-06 14:18:19,28,39,local
2026-08-06 14:18:20,24,51,remote
2026-08-06 14:18:21,28,39,local
2026-08-06 14:18:22,24,51,remote
2026-08-06 14:18:23,28,39,local
2026-08-06 14:18:24,24,51,remote
2026-08-06 14:18:25,28,39,local
2026-08-06 14:18:26,24,51,remote
2026-08-06 14:18:27,28,39,local
2026-08-06 14:18:28,24,51,remote
2026-08-06 14:18:29,28,40,local
2026-08-06 14:18:30,24,51,remote
2026-08-06 14:18:31,28,40,local
2026-08-06 14:18:32,24,51,remote
2026-08-06 14:18:33,28,40,local
2026-08-06 14:18:34,24,51,remote
2026-08-06 14:18:35,28,40,local
2026-08-06 14:18:36,24,51,remote
2026-08-06 14:18:37,28,40,local
2026-08-06 14:18:38,24,51,remote
2026-08-06 14:18:39,28,40,local
2026-08-06 14:18:40,24,51,remote
2026-08-06 14:18:41,28,40,local
2026-08-06 14:18:42,24,51,remote
2026-08-06 14:18:43,27,41,local
2026-08-06 14:18:44,24,51,remote
2026-08-06 14:18:45,27,41,local
2026-08-06 14:18:46,24,51,remote
2026-08-06 14:18:47,27,41,local
2026-08-06 14:18:48,24,51,remote
2026-08-06 14:18:49,27,41,local
2026-08-06 14:18:50,24,51,remote
2026-08-06 14:18:51,27,41,local
2026-08-06 14:18:52,24,51,remote
2026-08-06 14:18:53,27,41,local
2026-08-06 14:18:54,24,51,remote
2026-08-06 14:18:55,27,41,local
2026-08-06 14:18:56,24,51,remote
2026-08-06 14:18:57,27,41,local
2026-08-06 14:18:58,24,51,remote
2026-08-06 14:18:59,27,41,local
2026-08-06 14:19:00,24,51,remote
2026-08-06 14:19:01,27,42,local
2026-08-06 14:19:02,24,51,remote
2026-08-06 14:19:03,27,42,local
2026-08-06 14:19:04,24,51,remote
2026-08-06 14:19:05,27,42,local
2026-08-06 14:19:06,24,51,remote
2026-08-06 14:19:07,27,42,local
2026-08-06 14:19:08,24,51,remote
2026-08-06 14:19:09,27,42,local
2026-08-06 14:19:10,24,51,remote
2026-08-06 14:19:11,27,42,local
2026-08-06 14:19:12,24,51,remote
2026-08-06 14:19:13,27,42,local
2026-08-06 14:19:14,24,51,remote
2026-08-06 14:19:15,26,42,local
2026-08-06 14:19:16,24,51,remote
2026-08-06 14:19:17,26,42,local
2026-08-06 14:19:18,24,51,remote
2026-08-06 14:19:19,26,43,local
2026-08-06 14:19:20,24,51,remote
2026-08-06 14:19:21,26,43,local
2026-08-06 14:19:23,24,51,remote
2026-08-06 14:19:23,26,43,local
2026-08-06 14:19:25,24,51,remote
2026-08-06 14:19:25,26,43,local
2026-08-06 14:19:27,24,51,remote
2026-08-06 14:19:27,26,43,local
2026-08-06 14:19:29,24,51,remote
2026-08-06 14:19:30,26,43,local
2026-08-06 14:19:31,24,51,remote
2026-08-06 14:19:32,26,43,local
2026-08-06 14:19:33,24,51,remote
2026-08-06 14:19:34,26,43,local
2026-08-06 14:19:35,24,51,remote
2026-08-06 14:19:36,26,43,local
2026-08-06 14:19:37,24,51,remote
2026-08-06 14:19:38,26,44,local
2026-08-06 14:19:39,24,51,remote
2026-08-06 14:19:40,26,44,local
2026-08-06 14:19:41,24,51,remote
2026-08-06 14:19:42,26,44,local
2026-08-06 14:19:43,24,51,remote
2026-08-06 14:19:44,26,44,local
2026-08-06 14:19:45,24,51,remote
2026-08-06 14:19:46,26,44,local
2026-08-06 14:19:47,24,51,remote
2026-08-06 14:19:48,26,44,local
2026-08-06 14:19:49,24,51,remote
2026-08-06 14:19:50,26,44,local
2026-08-06 14:19:51,24,51,remote
2026-08-06 14:19:52,26,44,local
2026-08-06 14:19:53,24,51,remote
2026-08-06 14:19:54,26,44,local
2026-08-06 14:19:55,24,51,remote
2026-08-06 14:19:56,26,44,local
2026-08-06 14:19:57,24,51,remote
2026-08-06 14:19:58,26,44,local
2026-08-06 14:19:59,24,51,remote
2026-08-06 14:20:00,26,44,local
2026-08-06 14:20:01,24,51,remote
2026-08-06 14:20:02,25,45,local
2026-08-06 14:20:03,24,51,remote
2026-08-06 14:20:04,25,45,local
2026-08-06 14:20:05,24,51,remote
2026-08-06 14:20:06,25,45,local
2026-08-06 14:20:07,24,51,remote
2026-08-06 14:20:08,25,45,local
2026-08-06 14:20:09,24,51,remote
2026-08-06 14:20:10,25,45,local
2026-08-06 14:20:11,24,51,remote
2026-08-06 14:20:12,25,45,local
2026-08-06 14:20:13,24,51,remote
2026-08-06 14:20:14,25,45,local
2026-08-06 14:20:15,24,51,remote
2026-08-06 14:20:16,25,45,local
2026-08-06 14:20:17,24,51,remote
2026-08-06 14:20:18,25,45,local
2026-08-06 14:20:19,24,51,remote
2026-08-06 14:20:20,25,45,local
2026-08-06 14:20:21,24,51,remote
2026-08-06 14:20:22,25,45,local
2026-08-06 14:20:23,24,51,remote
2026-08-06 14:20:24,25,45,local
2026-08-06 14:20:25,24,51,remote
2026-08-06 14:20:26,25,45,local
2026-08-06 14:20:27,24,51,remote
2026-08-06 14:20:28,25,46,local
2026-08-06 14:20:30,24,51,remote
2026-08-06 14:20:30,25,46,local
2026-08-06 14:20:32,24,51,remote
2026-08-06 14:20:32,25,46,local
2026-08-06 14:20:34,24,51,remote
2026-08-06 14:20:34,25,46,local
2026-08-06 14:20:36,24,51,remote
2026-08-06 14:20:36,25,46,local
2026-08-06 14:20:38,24,51,remote
2026-08-06 14:20:38,25,46,local
2026-08-06 14:20:40,24,51,remote
2026-08-06 14:20:40,25,46,local
2026-08-06 14:20:42,24,51,remote
2026-08-06 14:20:42,25,46,local
2026-08-06 14:20:44,24,51,remote
2026-08-06 14:20:44,25,46,local
2026-08-06 14:20:46,24,51,remote
2026-08-06 14:20:46,25,46,local
2026-08-06 14:20:48,24,51,remote
2026-08-06 14:20:48,25,46,local
2026-08-06 14:20:50,24,51,remote
2026-08-06 14:20:50,25,46,local
2026-08-06 14:20:52,24,51,remote
2026-08-06 14:20:52,25,46,local
2026-08-06 14:20:54,24,51,remote
2026-08-06 14:20:54,25,47,local
2026-08-06 14:20:56,24,51,remote
2026-08-06 14:20:57,25,47,local
2026-08-06 14:20:58,24,51,remote
2026-08-06 14:20:59,25,47,local
2026-08-06 14:21:00,24,51,remote
2026-08-06 14:21:01,25,47,local
2026-08-06 14:21:02,24,51,remote
2026-08-06 14:21:03,25,47,local
2026-08-06 14:21:04,24,51,remote
2026-08-06 14:21:05,25,47,local
2026-08-06 14:21:06,24,51,remote
2026-08-06 14:21:07,25,47,local
2026-08-06 14:21:08,24,51,remote
2026-08-06 14:21:09,25,47,local
2026-08-06 14:21:10,24,51,remote
2026-08-06 14:21:11,25,47,local
2026-08-06 14:21:12,24,51,remote
2026-08-06 14:21:13,25,47,local
2026-08-06 14:21:14,24,51,remote
2026-08-06 14:21:15,25,47,local
2026-08-06 14:21:16,24,51,remote
2026-08-06 14:21:17,25,47,local
2026-08-06 14:21:18,24,51,remote
2026-08-06 14:21:19,25,47,local
2026-08-06 14:21:20,24,51,remote
2026-08-06 14:21:21,25,47,local
2026-08-06 14:21:22,24,51,remote
2026-08-06 14:21:23,25,47,local
2026-08-06 14:21:24,24,51,remote
2026-08-06 14:21:25,24,47,local
2026-08-06 14:21:26,24,51,remote
2026-08-06 14:21:27,24,47,local
2026-08-06 14:21:28,24,51,remote
2026-08-06 14:21:29,24,47,local
2026-08-06 14:21:30,24,51,remote
2026-08-06 14:21:31,24,47,local
2026-08-06 14:21:32,24,51,remote
2026-08-06 14:21:33,24,47,local
2026-08-06 14:21:34,24,51,remote
2026-08-06 14:21:35,24,47,local
2026-08-06 14:21:37,24,51,remote
2026-08-06 14:21:37,24,47,local
2026-08-06 14:21:39,24,51,remote
2026-08-06 14:21:39,24,47,local
2026-08-06 14:21:41,24,51,remote
2026-08-06 14:21:41,24,47,local
2026-08-06 14:21:43,24,51,remote
2026-08-06 14:21:43,24,47,local
2026-08-06 14:21:45,24,51,remote
2026-08-06 14:21:45,24,48,local
2026-08-06 14:21:47,24,51,remote
2026-08-06 14:21:47,24,48,local
2026-08-06 14:21:49,24,51,remote
2026-08-06 14:21:49,24,48,local
2026-08-06 14:21:51,24,51,remote
2026-08-06 14:21:51,24,48,local
2026-08-06 14:21:53,24,51,remote
2026-08-06 14:21:53,24,48,local
2026-08-06 14:21:55,24,51,remote
2026-08-06 14:21:55,24,48,local
2026-08-06 14:21:57,24,51,remote
2026-08-06 14:21:57,24,48,local
2026-08-06 14:21:59,24,51,remote
2026-08-06 14:21:59,24,48,local
2026-08-06 14:22:01,23,51,remote
2026-08-06 14:22:01,24,48,local
2026-08-06 14:22:03,24,51,remote
2026-08-06 14:22:03,24,48,local
2026-08-06 14:22:05,24,51,remote
2026-08-06 14:22:05,24,48,local
2026-08-06 14:22:07,24,51,remote
2026-08-06 14:22:07,24,48,local
2026-08-06 14:22:09,24,51,remote
2026-08-06 14:22:09,24,48,local
2026-08-06 14:22:11,24,51,remote
2026-08-06 14:22:11,24,48,local
2026-08-06 14:22:13,23,51,remote
2026-08-06 14:22:13,24,48,local
2026-08-06 14:22:15,24,51,remote
2026-08-06 14:22:15,24,48,local
2026-08-06 14:22:17,24,51,remote
2026-08-06 14:22:17,24,48,local
2026-08-06 14:22:19,24,51,remote
2026-08-06 14:22:19,24,48,local
2026-08-06 14:22:21,24,51,remote
2026-08-06 14:22:22,24,48,local
2026-08-06 14:22:23,24,51,remote
2026-08-06 14:22:24,24,48,local
2026-08-06 14:22:25,24,51,remote
2026-08-06 14:22:26,24,48,local
2026-08-06 14:22:27,24,51,remote
2026-08-06 14:22:28,24,48,local
2026-08-06 14:22:29,24,51,remote
2026-08-06 14:22:30,24,48,local
2026-08-06 14:22:31,24,51,remote
2026-08-06 14:22:32,24,48,local
2026-08-06 14:22:33,24,51,remote
2026-08-06 14:22:34,24,48,local
2026-08-06 14:22:35,24,51,remote
2026-08-06 14:22:36,24,49,local
2026-08-06 14:22:37,24,51,remote
2026-08-06 14:22:38,24,49,local
2026-08-06 14:22:39,24,51,remote
2026-08-06 14:22:40,24,49,local
2026-08-06 14:22:41,23,51,remote
2026-08-06 14:22:42,24,49,local
2026-08-06 14:22:44,24,51,remote
2026-08-06 14:22:44,24,49,local
2026-08-06 14:22:46,23,51,remote
2026-08-06 14:22:46,24,49,local
2026-08-06 14:22:48,23,51,remote
2026-08-06 14:22:48,24,49,local
2026-08-06 14:22:50,24,51,remote
2026-08-06 14:22:50,24,50,local
2026-08-06 14:22:52,24,51,remote
2026-08-06 14:22:52,24,50,local
2026-08-06 14:22:54,24,51,remote
2026-08-06 14:22:54,24,50,local
2026-08-06 14:22:56,23,51,remote
2026-08-06 14:22:56,24,49,local
2026-08-06 14:22:58,24,51,remote
2026-08-06 14:22:58,24,49,local
2026-08-06 14:23:00,23,51,remote
2026-08-06 14:23:00,24,49,local
2026-08-06 14:23:02,23,51,remote
2026-08-06 14:23:02,24,49,local
2026-08-06 14:23:04,24,51,remote
2026-08-06 14:23:04,24,49,local
2026-08-06 14:23:06,24,51,remote
2026-08-06 14:23:06,24,49,local
2026-08-06 14:23:08,24,51,remote
2026-08-06 14:23:08,24,49,local
2026-08-06 14:23:10,24,51,remote
2026-08-06 14:23:10,24,49,local
2026-08-06 14:23:12,23,51,remote
2026-08-06 14:23:12,24,49,local
2026-08-06 14:23:14,23,51,remote
2026-08-06 14:23:14,24,49,local
2026-08-06 14:23:16,24,51,remote
2026-08-06 14:23:16,24,49,local
2026-08-06 14:23:18,23,51,remote
2026-08-06 14:23:18,24,49,local
2026-08-06 14:23:20,24,51,remote
2026-08-06 14:23:20,24,49,local
2026-08-06 14:23:22,23,51,remote
2026-08-06 14:23:22,24,49,local
2026-08-06 14:23:24,23,51,remote
2026-08-06 14:23:24,24,49,local
2026-08-06 14:23:26,24,51,remote
2026-08-06 14:23:26,24,49,local
2026-08-06 14:23:28,23,51,remote
2026-08-06 14:23:28,24,49,local
2026-08-06 14:23:30,23,51,remote
2026-08-06 14:23:30,24,49,local
2026-08-06 14:23:32,24,51,remote
2026-08-06 14:23:32,24,49,local
2026-08-06 14:23:34,24,51,remote
2026-08-06 14:23:34,24,49,local
2026-08-06 14:23:36,23,51,remote
2026-08-06 14:23:36,24,49,local
2026-08-06 14:23:38,24,51,remote
2026-08-06 14:23:38,24,49,local
2026-08-06 14:23:40,23,51,remote
2026-08-06 14:23:40,24,49,local
2026-08-06 14:23:42,24,51,remote
2026-08-06 14:23:42,24,49,local
2026-08-06 14:23:44,23,51,remote
2026-08-06 14:23:44,24,49,local
2026-08-06 14:23:46,23,51,remote
2026-08-06 14:23:46,24,49,local
2026-08-06 14:23:48,24,51,remote
2026-08-06 14:23:49,24,49,local
2026-08-06 14:23:51,24,51,remote
2026-08-06 14:23:51,24,49,local
2026-08-06 14:23:53,24,49,local
2026-08-06 14:23:53,24,51,remote
2026-08-06 14:23:55,24,49,local
2026-08-06 14:23:55,24,51,remote
2026-08-06 14:23:57,24,51,remote
2026-08-06 14:23:59,24,49,local
2026-08-06 14:23:59,24,51,remote
2026-08-06 14:24:01,24,49,local
2026-08-06 14:24:01,24,51,remote
2026-08-06 14:24:03,24,49,local
2026-08-06 14:24:03,24,51,remote
2026-08-06 14:24:05,24,49,local
2026-08-06 14:24:05,24,51,remote
2026-08-06 14:24:07,24,49,local
2026-08-06 14:24:07,24,51,remote
2026-08-06 14:24:09,24,49,local
2026-08-06 14:24:09,24,51,remote
2026-08-06 14:24:11,24,49,local
2026-08-06 14:24:11,24,51,remote
2026-08-06 14:24:13,24,49,local
2026-08-06 14:24:13,24,51,remote
2026-08-06 14:24:15,24,49,local
2026-08-06 14:24:15,24,51,remote
2026-08-06 14:24:17,24,49,local
2026-08-06 14:24:17,24,51,remote
2026-08-06 14:24:19,24,49,local
2026-08-06 14:24:19,24,51,remote
2026-08-06 14:24:21,24,49,local
2026-08-06 14:24:21,24,51,remote
2026-08-06 14:24:23,24,49,local
2026-08-06 14:24:23,24,51,remote
2026-08-06 14:24:25,24,49,local
2026-08-06 14:24:25,24,51,remote
2026-08-06 14:24:27,24,49,local
2026-08-06 14:24:27,24,51,remote
2026-08-06 14:24:29,24,49,local
2026-08-06 14:24:29,24,51,remote
2026-08-06 14:24:31,24,49,local
2026-08-06 14:24:31,24,51,remote
2026-08-06 14:24:33,24,49,local
2026-08-06 14:24:33,24,51,remote
2026-08-06 14:24:35,24,49,local
2026-08-06 14:24:35,24,51,remote
2026-08-06 14:24:37,24,49,local
2026-08-06 14:24:37,24,51,remote
2026-08-06 14:24:39,24,49,local
2026-08-06 14:24:39,24,51,remote
2026-08-06 14:24:41,24,49,local
2026-08-06 14:24:41,24,51,remote
2026-08-06 14:24:43,24,49,local
2026-08-06 14:24:43,24,51,remote
2026-08-06 14:24:45,24,49,local
2026-08-06 14:24:45,24,51,remote
2026-08-06 14:24:47,24,49,local
2026-08-06 14:24:47,24,51,remote
2026-08-06 14:24:49,24,49,local
2026-08-06 14:24:49,24,51,remote
2026-08-06 14:24:51,24,49,local
2026-08-06 14:24:51,24,51,remote
2026-08-06 14:24:53,24,49,local
2026-08-06 14:24:53,24,51,remote
2026-08-06 14:24:55,24,49,local
2026-08-06 14:24:55,24,51,remote
2026-08-06 14:24:57,24,49,local
2026-08-06 14:24:57,24,51,remote
2026-08-06 14:24:59,24,49,local
2026-08-06 14:25:00,24,51,remote
2026-08-06 14:25:01,24,49,local
2026-08-06 14:25:02,23,51,remote
2026-08-06 14:25:03,24,49,local
2026-08-06 14:25:04,24,51,remote
2026-08-06 14:25:05,24,49,local
2026-08-06 14:25:06,24,51,remote
2026-08-06 14:25:07,24,49,local
2026-08-06 14:25:08,24,51,remote
2026-08-06 14:25:09,24,49,local
2026-08-06 14:25:10,23,51,remote
2026-08-06 14:25:11,24,49,local
2026-08-06 14:25:12,23,51,remote
2026-08-06 14:25:13,24,49,local
2026-08-06 14:25:14,24,51,remote
2026-08-06 14:25:16,24,49,local
2026-08-06 14:25:16,24,51,remote
2026-08-06 14:25:18,24,49,local
2026-08-06 14:25:18,23,51,remote
2026-08-06 14:25:20,24,49,local
2026-08-06 14:25:20,24,51,remote
2026-08-06 14:25:22,24,49,local
2026-08-06 14:25:22,23,51,remote
2026-08-06 14:25:24,24,49,local
2026-08-06 14:25:24,24,51,remote
2026-08-06 14:25:26,24,49,local
2026-08-06 14:25:26,23,51,remote
2026-08-06 14:25:28,24,50,local
2026-08-06 14:25:28,24,51,remote
2026-08-06 14:25:30,24,50,local
2026-08-06 14:25:30,23,51,remote
2026-08-06 14:25:32,24,50,local
2026-08-06 14:25:32,23,51,remote
2026-08-06 14:25:34,24,50,local
2026-08-06 14:25:34,23,51,remote
2026-08-06 14:25:36,24,50,local
2026-08-06 14:25:36,23,51,remote
2026-08-06 14:25:38,24,50,local
2026-08-06 14:25:38,23,51,remote
2026-08-06 14:25:40,24,50,local
2026-08-06 14:25:40,23,51,remote
2026-08-06 14:25:42,24,50,local
2026-08-06 14:25:42,23,51,remote
2026-08-06 14:25:44,24,50,local
2026-08-06 14:25:44,23,51,remote
2026-08-06 14:25:46,24,50,local
2026-08-06 14:25:46,23,51,remote
2026-08-06 14:25:48,24,50,local
2026-08-06 14:25:48,23,51,remote
2026-08-06 14:25:50,24,50,local
2026-08-06 14:25:50,23,51,remote
2026-08-06 14:25:52,24,50,local
2026-08-06 14:25:52,23,51,remote
2026-08-06 14:25:54,24,50,local
2026-08-06 14:25:54,23,51,remote
2026-08-06 14:25:56,24,50,local
2026-08-06 14:25:56,23,51,remote
2026-08-06 14:25:58,24,50,local
2026-08-06 14:25:58,23,51,remote
2026-08-06 14:26:00,24,50,local
2026-08-06 14:26:00,23,51,remote
2026-08-06 14:26:02,24,50,local
2026-08-06 14:26:02,23,51,remote
2026-08-06 14:26:04,24,50,local
2026-08-06 14:26:04,23,51,remote
2026-08-06 14:26:06,24,50,local
2026-08-06 14:26:07,23,51,remote
2026-08-06 14:26:08,24,50,local
2026-08-06 14:26:09,23,51,remote
2026-08-06 14:26:10,24,50,local
2026-08-06 14:26:11,23,51,remote
2026-08-06 14:26:12,24,50,local
2026-08-06 14:26:13,23,51,remote
2026-08-06 14:26:14,24,50,local
2026-08-06 14:26:15,23,51,remote
2026-08-06 14:26:16,24,50,local
2026-08-06 14:26:17,23,51,remote
2026-08-06 14:26:18,24,50,local
2026-08-06 14:26:19,23,51,remote
2026-08-06 14:26:20,24,50,local
2026-08-06 14:26:21,23,51,remote
2026-08-06 14:26:22,24,50,local
2026-08-06 14:26:23,23,51,remote
2026-08-06 14:26:24,24,50,local
2026-08-06 14:26:25,23,51,remote
2026-08-06 14:26:26,24,50,local
2026-08-06 14:26:27,23,51,remote
2026-08-06 14:26:28,24,50,local
2026-08-06 14:26:29,23,51,remote
2026-08-06 14:26:30,24,50,local
2026-08-06 14:26:31,23,51,remote
2026-08-06 14:26:32,24,50,local
2026-08-06 14:26:33,23,51,remote
2026-08-06 14:26:34,24,50,local
2026-08-06 14:26:35,23,51,remote
2026-08-06 14:26:36,24,50,local
2026-08-06 14:26:37,23,51,remote
2026-08-06 14:26:38,24,50,local
2026-08-06 14:26:39,23,51,remote
2026-08-06 14:26:40,24,50,local
2026-08-06 14:26:41,23,51,remote
2026-08-06 14:26:43,24,50,local
2026-08-06 14:26:43,23,51,remote
2026-08-06 14:26:45,24,50,local
2026-08-06 14:26:45,23,51,remote
2026-08-06 14:26:47,24,50,local
2026-08-06 14:26:47,23,51,remote
2026-08-06 14:26:49,24,50,local
2026-08-06 14:26:49,23,51,remote
2026-08-06 14:26:51,24,50,local
2026-08-06 14:26:51,23,51,remote
2026-08-06 14:26:53,24,50,local
2026-08-06 14:26:53,23,51,remote
2026-08-06 14:26:55,24,50,local
2026-08-06 14:26:55,23,51,remote
2026-08-06 14:26:57,24,50,local
2026-08-06 14:26:57,23,51,remote
2026-08-06 14:26:59,24,50,local
2026-08-06 14:26:59,23,51,remote
2026-08-06 14:27:01,24,50,local
2026-08-06 14:27:01,23,51,remote
2026-08-06 14:27:03,24,50,local
2026-08-06 14:27:03,23,51,remote
2026-08-06 14:27:05,24,50,local
2026-08-06 14:27:05,23,51,remote
2026-08-06 14:27:07,24,50,local
2026-08-06 14:27:07,23,51,remote
2026-08-06 14:27:09,24,50,local
2026-08-06 14:27:09,23,51,remote
2026-08-06 14:27:11,24,50,local
2026-08-06 14:27:11,23,51,remote
2026-08-06 14:27:13,24,50,local
2026-08-06 14:27:14,23,51,remote
2026-08-06 14:27:15,24,50,local
2026-08-06 14:27:16,23,51,remote
2026-08-06 14:27:17,24,50,local
2026-08-06 14:27:18,23,51,remote
2026-08-06 14:27:19,24,50,local
2026-08-06 14:27:20,23,51,remote
2026-08-06 14:27:21,24,50,local
2026-08-06 14:27:22,23,51,remote
2026-08-06 14:27:23,24,50,local
2026-08-06 14:27:24,23,51,remote
2026-08-06 14:27:25,24,50,local
2026-08-06 14:27:26,23,51,remote
2026-08-06 14:27:27,24,50,local
2026-08-06 14:27:28,23,51,remote
2026-08-06 14:27:29,24,50,local
2026-08-06 14:27:30,23,51,remote
2026-08-06 14:27:31,24,50,local
2026-08-06 14:27:32,23,51,remote
2026-08-06 14:27:33,24,50,local
2026-08-06 14:27:34,23,51,remote
2026-08-06 14:27:35,24,50,local
2026-08-06 14:27:36,23,51,remote
2026-08-06 14:27:37,24,50,local
2026-08-06 14:27:38,23,51,remote
2026-08-06 14:27:39,24,50,local
2026-08-06 14:27:40,23,51,remote
2026-08-06 14:27:41,24,50,local
2026-08-06 14:27:42,23,51,remote
2026-08-06 14:27:43,24,50,local
2026-08-06 14:27:44,23,51,remote
2026-08-06 14:27:45,24,50,local
2026-08-06 14:27:46,23,51,remote
2026-08-06 14:27:47,24,50,local
2026-08-06 14:27:48,23,51,remote
2026-08-06 14:27:49,24,50,local
2026-08-06 14:27:50,23,51,remote
2026-08-06 14:27:51,24,50,local
2026-08-06 14:27:52,23,51,remote
2026-08-06 14:27:53,24,50,local
2026-08-06 14:27:54,23,51,remote
2026-08-06 14:27:55,24,50,local
2026-08-06 14:27:56,23,51,remote
2026-08-06 14:27:57,24,50,local
2026-08-06 14:27:58,23,51,remote
2026-08-06 14:27:59,24,50,local
2026-08-06 14:28:00,23,51,remote
2026-08-06 14:28:01,24,50,local
2026-08-06 14:28:02,23,51,remote
2026-08-06 14:28:03,24,50,local
2026-08-06 14:28:04,23,51,remote
2026-08-06 14:28:05,24,50,local
2026-08-06 14:28:06,23,51,remote
2026-08-06 14:28:07,24,50,local
2026-08-06 14:28:08,24,51,remote
2026-08-06 14:28:10,24,50,local
2026-08-06 14:28:10,24,51,remote
2026-08-06 14:28:12,24,50,local
2026-08-06 14:28:12,24,51,remote
2026-08-06 14:28:14,24,50,local
2026-08-06 14:28:14,23,51,remote
2026-08-06 14:28:16,24,50,local
2026-08-06 14:28:16,24,51,remote
2026-08-06 14:28:18,24,50,local
2026-08-06 14:28:19,23,51,remote
2026-08-06 14:28:20,24,50,local
2026-08-06 14:28:21,23,51,remote
2026-08-06 14:28:22,24,50,local
2026-08-06 14:28:23,24,51,remote
2026-08-06 14:28:24,24,50,local
2026-08-06 14:28:25,23,51,remote
2026-08-06 14:28:26,24,50,local
2026-08-06 14:28:27,24,51,remote
2026-08-06 14:28:28,24,50,local
2026-08-06 14:28:29,23,51,remote
2026-08-06 14:28:30,24,50,local
2026-08-06 14:28:31,23,51,remote
2026-08-06 14:28:32,24,50,local
2026-08-06 14:28:33,23,51,remote
2026-08-06 14:28:34,24,50,local
2026-08-06 14:28:35,23,51,remote
2026-08-06 14:28:36,24,50,local
2026-08-06 14:28:37,24,51,remote
2026-08-06 14:28:38,24,50,local
2026-08-06 14:28:39,24,51,remote
2026-08-06 14:28:40,24,50,local
2026-08-06 14:28:41,23,51,remote
2026-08-06 14:28:42,24,50,local
2026-08-06 14:28:43,24,51,remote
2026-08-06 14:28:44,24,50,local
2026-08-06 14:28:45,24,51,remote
2026-08-06 14:28:46,24,50,local
2026-08-06 14:28:47,23,51,remote
2026-08-06 14:28:48,24,50,local
2026-08-06 14:28:49,24,51,remote
2026-08-06 14:28:50,24,50,local
2026-08-06 14:28:51,23,51,remote
2026-08-06 14:28:52,24,50,local
2026-08-06 14:28:53,24,51,remote
2026-08-06 14:28:54,24,50,local
2026-08-06 14:28:55,23,51,remote
2026-08-06 14:28:56,24,50,local
2026-08-06 14:28:57,24,51,remote
2026-08-06 14:28:58,24,50,local
2026-08-06 14:28:59,23,51,remote
2026-08-06 14:29:00,24,50,local
2026-08-06 14:29:01,24,51,remote
2026-08-06 14:29:02,24,50,local
2026-08-06 14:29:03,23,51,remote
2026-08-06 14:29:04,24,50,local
2026-08-06 14:29:05,24,51,remote
2026-08-06 14:29:06,24,50,local
2026-08-06 14:29:07,24,51,remote
2026-08-06 14:29:08,24,50,local
2026-08-06 14:29:09,23,51,remote
2026-08-06 14:29:10,24,50,local
2026-08-06 14:29:11,24,51,remote
2026-08-06 14:29:12,24,50,local
2026-08-06 14:29:13,24,51,remote
2026-08-06 14:29:14,24,50,local
2026-08-06 14:29:15,24,51,remote
2026-08-06 14:29:16,24,50,local
2026-08-06 14:29:17,24,51,remote
2026-08-06 14:29:18,24,50,local
2026-08-06 14:29:19,24,51,remote
2026-08-06 14:29:20,24,50,local
2026-08-06 14:29:21,24,51,remote
2026-08-06 14:29:22,24,50,local
2026-08-06 14:29:23,24,51,remote
2026-08-06 14:29:24,24,50,local
2026-08-06 14:29:25,24,51,remote
2026-08-06 14:29:26,24,50,local
2026-08-06 14:29:28,24,51,remote
2026-08-06 14:29:28,24,50,local
2026-08-06 14:29:30,23,51,remote
2026-08-06 14:29:30,24,50,local
2026-08-06 14:29:32,24,51,remote
2026-08-06 14:29:32,24,50,local
2026-08-06 14:29:34,24,51,remote
2026-08-06 14:29:34,24,50,local
2026-08-06 14:29:36,24,51,remote
2026-08-06 14:29:37,24,50,local
2026-08-06 14:29:38,24,51,remote
2026-08-06 14:29:39,24,50,local
2026-08-06 14:29:40,24,51,remote
2026-08-06 14:29:41,24,50,local
2026-08-06 14:29:42,24,51,remote
2026-08-06 14:29:43,24,50,local
2026-08-06 14:29:44,24,51,remote
2026-08-06 14:29:45,24,50,local
2026-08-06 14:29:46,24,51,remote
2026-08-06 14:29:47,24,50,local
2026-08-06 14:29:48,24,51,remote
2026-08-06 14:29:49,24,50,local
2026-08-06 14:29:50,23,51,remote
2026-08-06 14:29:51,24,50,local
2026-08-06 14:29:52,23,51,remote
2026-08-06 14:29:53,24,50,local
2026-08-06 14:29:54,24,51,remote
2026-08-06 14:29:55,24,50,local
2026-08-06 14:29:56,24,51,remote
2026-08-06 14:29:57,24,50,local
2026-08-06 14:29:58,23,51,remote
2026-08-06 14:29:59,24,50,local
2026-08-06 14:30:00,23,51,remote
2026-08-06 14:30:01,24,50,local
2026-08-06 14:30:02,24,51,remote
2026-08-06 14:30:03,24,50,local
2026-08-06 14:30:04,24,51,remote
2026-08-06 14:30:05,24,50,local
2026-08-06 14:30:06,24,51,remote
2026-08-06 14:30:07,24,50,local
2026-08-06 14:30:08,23,51,remote
2026-08-06 14:30:09,24,50,local
2026-08-06 14:30:10,24,51,remote
2026-08-06 14:30:11,24,50,local
2026-08-06 14:30:12,24,51,remote
2026-08-06 14:30:13,24,50,local
2026-08-06 14:30:14,24,51,remote
2026-08-06 14:30:15,24,50,local
2026-08-06 14:30:16,24,51,remote
2026-08-06 14:30:17,24,50,local
2026-08-06 14:30:18,24,51,remote
2026-08-06 14:30:19,24,50,local
2026-08-06 14:30:20,24,51,remote
2026-08-06 14:30:21,24,50,local
2026-08-06 14:30:22,24,51,remote
2026-08-06 14:30:23,24,50,local
2026-08-06 14:30:24,23,51,remote
2026-08-06 14:30:25,24,50,local
2026-08-06 14:30:26,24,51,remote
2026-08-06 14:30:27,24,50,local
2026-08-06 14:30:28,24,51,remote
2026-08-06 14:30:29,24,50,local
2026-08-06 14:30:30,24,51,remote
2026-08-06 14:30:31,24,50,local
2026-08-06 14:30:32,24,51,remote
2026-08-06 14:30:33,24,50,local
2026-08-06 14:30:35,24,52,remote
2026-08-06 14:30:35,24,50,local
2026-08-06 14:30:37,24,51,remote
2026-08-06 14:30:37,24,50,local
2026-08-06 14:30:39,24,52,remote
2026-08-06 14:30:39,24,50,local
2026-08-06 14:30:41,24,52,remote
2026-08-06 14:30:41,24,50,local
2026-08-06 14:30:43,23,52,remote
2026-08-06 14:30:43,24,50,local
2026-08-06 14:30:45,23,52,remote
2026-08-06 14:30:45,24,50,local
2026-08-06 14:30:47,24,52,remote
2026-08-06 14:30:47,24,51,local
2026-08-06 14:30:49,24,52,remote
2026-08-06 14:30:49,24,52,local
2026-08-06 14:30:51,24,52,remote
2026-08-06 14:30:51,24,54,local
2026-08-06 14:30:53,24,52,remote
2026-08-06 14:30:53,24,58,local
2026-08-06 14:30:55,24,52,remote
2026-08-06 14:30:55,24,61,local
2026-08-06 14:30:57,24,52,remote
2026-08-06 14:30:57,24,64,local
2026-08-06 14:30:59,24,52,remote
2026-08-06 14:30:59,25,65,local
2026-08-06 14:31:01,24,52,remote
2026-08-06 14:31:01,25,63,local
2026-08-06 14:31:03,24,51,remote
2026-08-06 14:31:04,25,62,local
2026-08-06 14:31:05,24,51,remote
2026-08-06 14:31:06,25,60,local
2026-08-06 14:31:07,24,51,remote
2026-08-06 14:31:08,25,58,local
2026-08-06 14:31:09,24,51,remote
2026-08-06 14:31:10,25,57,local
2026-08-06 14:31:11,24,51,remote
2026-08-06 14:31:12,26,56,local
2026-08-06 14:31:13,24,51,remote
2026-08-06 14:31:14,26,55,local
2026-08-06 14:31:15,24,51,remote
2026-08-06 14:31:16,26,54,local
2026-08-06 14:31:17,24,51,remote
2026-08-06 14:31:18,26,53,local
2026-08-06 14:31:19,24,51,remote
2026-08-06 14:31:20,26,52,local
2026-08-06 14:31:21,24,51,remote
2026-08-06 14:31:22,26,51,local
2026-08-06 14:31:23,24,51,remote
2026-08-06 14:31:24,26,51,local
2026-08-06 14:31:25,24,51,remote
2026-08-06 14:31:26,26,50,local
2026-08-06 14:31:27,24,51,remote
2026-08-06 14:31:28,26,50,local
2026-08-06 14:31:29,24,51,remote
2026-08-06 14:31:30,26,49,local
2026-08-06 14:31:31,24,51,remote
2026-08-06 14:31:32,26,49,local
2026-08-06 14:31:33,24,51,remote
2026-08-06 14:31:34,26,49,local
2026-08-06 14:31:35,24,51,remote
2026-08-06 14:31:36,26,49,local
2026-08-06 14:31:37,24,51,remote
2026-08-06 14:31:38,26,48,local
2026-08-06 14:31:39,24,51,remote
2026-08-06 14:31:40,26,48,local
2026-08-06 14:31:42,24,51,remote
2026-08-06 14:31:42,26,48,local
2026-08-06 14:31:44,24,51,remote
2026-08-06 14:31:44,26,48,local
2026-08-06 14:31:46,24,51,remote
2026-08-06 14:31:46,26,48,local
2026-08-06 14:31:48,24,51,remote
2026-08-06 14:31:48,26,48,local
2026-08-06 14:31:50,24,51,remote
2026-08-06 14:31:50,26,48,local
2026-08-06 14:31:52,24,51,remote
2026-08-06 14:31:52,26,48,local
2026-08-06 14:31:54,24,51,remote
2026-08-06 14:31:54,26,48,local
2026-08-06 14:31:56,24,52,remote
2026-08-06 14:31:56,26,48,local
2026-08-06 14:31:58,24,52,remote
2026-08-06 14:31:58,26,48,local
2026-08-06 14:32:00,24,52,remote
2026-08-06 14:32:00,26,48,local
2026-08-06 14:32:02,24,52,remote
2026-08-06 14:32:02,26,47,local
2026-08-06 14:32:04,24,51,remote
2026-08-06 14:32:04,26,47,local
2026-08-06 14:32:06,24,52,remote
2026-08-06 14:32:06,26,47,local
2026-08-06 14:32:08,24,52,remote
2026-08-06 14:32:08,26,48,local
2026-08-06 14:32:10,24,52,remote
2026-08-06 14:32:10,26,48,local
2026-08-06 14:32:12,24,52,remote
2026-08-06 14:32:12,26,48,local
2026-08-06 14:32:14,24,52,remote
2026-08-06 14:32:14,26,48,local
2026-08-06 14:32:16,24,52,remote
2026-08-06 14:32:16,25,48,local
2026-08-06 14:32:18,24,51,remote
2026-08-06 14:32:18,26,48,local
2026-08-06 14:32:20,24,52,remote
2026-08-06 14:32:20,25,48,local
2026-08-06 14:32:22,24,52,remote
2026-08-06 14:32:22,25,48,local
2026-08-06 14:32:24,24,52,remote
2026-08-06 14:32:24,25,48,local
2026-08-06 14:32:26,24,52,remote
2026-08-06 14:32:26,25,48,local
2026-08-06 14:32:28,24,51,remote
2026-08-06 14:32:28,25,48,local
2026-08-06 14:32:30,24,51,remote
2026-08-06 14:32:31,25,48,local
2026-08-06 14:32:32,24,51,remote
2026-08-06 14:32:33,25,48,local
2026-08-06 14:32:34,24,51,remote
2026-08-06 14:32:35,25,48,local
2026-08-06 14:32:36,24,51,remote
2026-08-06 14:32:37,25,48,local
2026-08-06 14:32:38,24,52,remote
2026-08-06 14:32:39,25,48,local
2026-08-06 14:32:40,24,51,remote
2026-08-06 14:32:41,25,48,local
2026-08-06 14:32:42,24,51,remote
2026-08-06 14:32:43,25,48,local
2026-08-06 14:32:44,24,51,remote
2026-08-06 14:32:45,25,48,local
2026-08-06 14:32:46,24,51,remote
2026-08-06 14:32:47,25,48,local
2026-08-06 14:32:49,24,51,remote
2026-08-06 14:32:49,25,48,local
2026-08-06 14:32:51,24,52,remote
2026-08-06 14:32:51,25,48,local
2026-08-06 14:32:53,24,52,remote
2026-08-06 14:32:53,25,48,local
2026-08-06 14:32:55,24,51,remote
2026-08-06 14:32:55,25,48,local
2026-08-06 14:32:57,24,51,remote
2026-08-06 14:32:57,25,48,local
2026-08-06 14:32:59,24,51,remote
2026-08-06 14:32:59,25,48,local
2026-08-06 14:33:01,24,51,remote
2026-08-06 14:33:01,25,48,local
2026-08-06 14:33:03,24,51,remote
2026-08-06 14:33:03,25,48,local
2026-08-06 14:33:05,24,51,remote
2026-08-06 14:33:05,25,48,local
2026-08-06 14:33:07,24,51,remote
2026-08-06 14:33:07,25,48,local
2026-08-06 14:33:09,24,51,remote
2026-08-06 14:33:09,25,48,local
2026-08-06 14:33:11,24,51,remote
2026-08-06 14:33:11,25,48,local
2026-08-06 14:33:13,24,51,remote
2026-08-06 14:33:13,25,48,local
2026-08-06 14:33:15,24,51,remote
2026-08-06 14:33:15,25,48,local
2026-08-06 14:33:17,24,51,remote
2026-08-06 14:33:17,25,48,local
2026-08-06 14:33:19,24,51,remote
2026-08-06 14:33:19,25,48,local
2026-08-06 14:33:21,24,51,remote
2026-08-06 14:33:21,25,48,local
2026-08-06 14:33:23,24,51,remote
2026-08-06 14:33:23,25,49,local
2026-08-06 14:33:25,24,51,remote
2026-08-06 14:33:25,25,49,local
2026-08-06 14:33:27,24,51,remote
2026-08-06 14:33:27,25,49,local
2026-08-06 14:33:29,24,51,remote
2026-08-06 14:33:29,25,49,local
2026-08-06 14:33:31,24,51,remote
2026-08-06 14:33:31,25,49,local
2026-08-06 14:33:33,24,51,remote
2026-08-06 14:33:33,25,49,local
2026-08-06 14:33:35,24,51,remote
2026-08-06 14:33:35,25,49,local
2026-08-06 14:33:37,24,51,remote
2026-08-06 14:33:37,25,49,local
2026-08-06 14:33:39,24,51,remote
2026-08-06 14:33:39,25,49,local
2026-08-06 14:33:41,24,51,remote
2026-08-06 14:33:41,25,49,local
2026-08-06 14:33:43,24,51,remote
2026-08-06 14:33:43,25,49,local
2026-08-06 14:33:45,24,51,remote
2026-08-06 14:33:45,25,49,local
2026-08-06 14:33:47,24,51,remote
2026-08-06 14:33:48,25,49,local
2026-08-06 14:33:49,25,49,local
2026-08-06 14:33:49,24,51,remote
2026-08-06 14:33:51,25,49,local
2026-08-06 14:33:51,24,52,remote
2026-08-06 14:33:53,25,49,local
2026-08-06 14:33:54,24,52,remote
2026-08-06 14:33:56,25,49,local
2026-08-06 14:33:56,24,52,remote
2026-08-06 14:33:58,25,49,local
2026-08-06 14:33:58,24,51,remote
2026-08-06 14:34:00,25,49,local
2026-08-06 14:34:00,24,51,remote
2026-08-06 14:34:02,25,49,local
2026-08-06 14:34:02,24,51,remote
2026-08-06 14:34:04,25,49,local
2026-08-06 14:34:04,24,51,remote
2026-08-06 14:34:06,25,49,local
2026-08-06 14:34:06,24,51,remote
2026-08-06 14:34:08,25,54,local
2026-08-06 14:34:08,24,51,remote
2026-08-06 14:34:10,25,60,local
2026-08-06 14:34:10,24,51,remote
2026-08-06 14:34:12,25,67,local
2026-08-06 14:34:12,24,51,remote
2026-08-06 14:34:14,25,72,local
2026-08-06 14:34:14,24,51,remote
2026-08-06 14:34:16,25,76,local
2026-08-06 14:34:16,24,51,remote
2026-08-06 14:34:18,26,78,local
2026-08-06 14:34:18,24,51,remote
2026-08-06 14:34:20,26,80,local
2026-08-06 14:34:20,24,51,remote
2026-08-06 14:34:22,26,82,local
2026-08-06 14:34:22,24,51,remote
2026-08-06 14:34:24,27,83,local
2026-08-06 14:34:24,24,51,remote
2026-08-06 14:34:26,27,84,local
2026-08-06 14:34:26,24,51,remote
2026-08-06 14:34:28,27,85,local
2026-08-06 14:34:28,24,51,remote
2026-08-06 14:34:30,28,85,local
2026-08-06 14:34:30,24,51,remote
2026-08-06 14:34:32,28,86,local
2026-08-06 14:34:32,24,51,remote
2026-08-06 14:34:34,28,86,local
2026-08-06 14:34:34,24,51,remote
2026-08-06 14:34:36,28,86,local
2026-08-06 14:34:36,24,51,remote
2026-08-06 14:34:38,28,86,local
2026-08-06 14:34:38,24,51,remote
2026-08-06 14:34:40,29,86,local
2026-08-06 14:34:40,24,51,remote
2026-08-06 14:34:42,29,85,local
2026-08-06 14:34:42,24,51,remote
2026-08-06 14:34:44,29,83,local
2026-08-06 14:34:44,24,51,remote
2026-08-06 14:35:10,29,48,local
2026-08-06 14:35:11,24,51,remote
2026-08-06 14:35:12,29,47,local
2026-08-06 14:35:13,24,51,remote
2026-08-06 14:35:14,29,46,local
2026-08-06 14:35:15,24,51,remote
2026-08-06 14:35:16,29,45,local
2026-08-06 14:35:17,24,51,remote
2026-08-06 14:35:18,29,45,local
2026-08-06 14:35:19,24,51,remote
2026-08-06 14:35:20,29,45,local
2026-08-06 14:35:21,24,51,remote
2026-08-06 14:35:23,29,44,local
2026-08-06 14:35:23,24,51,remote
2026-08-06 14:35:25,29,44,local
2026-08-06 14:35:25,24,51,remote
2026-08-06 14:35:27,29,46,local
2026-08-06 14:35:27,24,51,remote
2026-08-06 14:35:29,29,46,local
2026-08-06 14:35:29,24,53,remote
2026-08-06 14:35:31,29,46,local
2026-08-06 14:35:31,24,57,remote
2026-08-06 14:35:33,29,45,local
2026-08-06 14:35:33,24,60,remote
2026-08-06 14:35:35,28,45,local
2026-08-06 14:35:35,24,63,remote
2026-08-06 14:35:37,28,45,local
2026-08-06 14:35:37,25,66,remote
2026-08-06 14:35:39,28,44,local
2026-08-06 14:35:39,25,68,remote
2026-08-06 14:35:41,28,44,local
2026-08-06 14:35:41,25,68,remote
2026-08-06 14:35:43,28,44,local
2026-08-06 14:35:43,26,67,remote
2026-08-06 14:35:45,28,44,local
2026-08-06 14:35:45,26,65,remote
2026-08-06 14:35:47,28,44,local
2026-08-06 14:35:47,26,63,remote
2026-08-06 14:35:49,28,44,local
2026-08-06 14:35:49,26,61,remote
2026-08-06 14:35:51,28,44,local
2026-08-06 14:35:51,26,63,remote
2026-08-06 14:35:53,28,44,local
2026-08-06 14:35:53,26,64,remote
2026-08-06 14:35:55,28,43,local
2026-08-06 14:35:55,27,62,remote
2026-08-06 14:35:57,28,43,local
2026-08-06 14:35:57,27,60,remote
2026-08-06 14:35:59,28,43,local
2026-08-06 14:35:59,27,59,remote
2026-08-06 14:36:01,28,43,local
2026-08-06 14:36:01,27,57,remote
2026-08-06 14:36:03,28,43,local
2026-08-06 14:36:03,27,56,remote
2026-08-06 14:36:05,28,43,local
2026-08-06 14:36:05,27,54,remote
2026-08-06 14:36:07,28,43,local
2026-08-06 14:36:07,27,53,remote
2026-08-06 14:36:09,28,43,local
2026-08-06 14:36:10,27,52,remote
2026-08-06 14:36:11,27,43,local
2026-08-06 14:36:12,27,51,remote
2026-08-06 14:36:13,27,43,local
2026-08-06 14:36:14,27,50,remote
2026-08-06 14:36:15,27,43,local
2026-08-06 14:36:16,27,50,remote
2026-08-06 14:36:17,27,43,local
2026-08-06 14:36:18,27,49,remote
2026-08-06 14:36:19,27,43,local
2026-08-06 14:36:20,27,49,remote
2026-08-06 14:36:21,27,43,local
2026-08-06 14:36:22,27,48,remote
2026-08-06 14:36:23,27,43,local
2026-08-06 14:36:24,27,48,remote
2026-08-06 14:36:25,27,43,local
2026-08-06 14:36:26,27,48,remote
2026-08-06 14:36:27,27,43,local
2026-08-06 14:36:28,27,47,remote
2026-08-06 14:36:29,27,43,local
2026-08-06 14:36:30,27,47,remote
2026-08-06 14:36:31,27,43,local
2026-08-06 14:36:32,27,47,remote
2026-08-06 14:36:33,27,43,local
2026-08-06 14:36:34,27,47,remote
2026-08-06 14:36:35,27,43,local
2026-08-06 14:36:36,27,47,remote
2026-08-06 14:36:37,27,44,local
2026-08-06 14:36:38,27,47,remote
2026-08-06 14:36:39,27,44,local
2026-08-06 14:36:40,27,47,remote
2026-08-06 14:36:41,27,44,local
2026-08-06 14:36:42,27,46,remote
2026-08-06 14:36:43,26,44,local
2026-08-06 14:36:44,27,46,remote
2026-08-06 14:36:45,26,44,local
2026-08-06 14:36:46,27,46,remote
2026-08-06 14:36:47,26,44,local
2026-08-06 14:36:48,27,46,remote
2026-08-06 14:36:50,26,44,local
2026-08-06 14:36:50,27,46,remote
2026-08-06 14:36:52,26,44,local
2026-08-06 14:36:52,27,46,remote
2026-08-06 14:36:54,26,44,local
2026-08-06 14:36:54,27,46,remote
2026-08-06 14:36:56,26,44,local
2026-08-06 14:36:56,26,46,remote
2026-08-06 14:36:58,26,44,local
2026-08-06 14:36:58,26,46,remote
2026-08-06 14:37:00,26,44,local
2026-08-06 14:37:00,26,46,remote
2026-08-06 14:37:02,26,44,local
2026-08-06 14:37:02,26,46,remote
2026-08-06 14:37:04,26,45,local
2026-08-06 14:37:04,26,46,remote
2026-08-06 14:37:06,26,45,local
2026-08-06 14:37:06,26,46,remote
2026-08-06 14:37:08,26,45,local
2026-08-06 14:37:08,26,46,remote
2026-08-06 14:37:10,26,45,local
2026-08-06 14:37:10,26,46,remote
2026-08-06 14:37:12,26,45,local
2026-08-06 14:37:12,26,46,remote
2026-08-06 14:37:14,26,45,local
2026-08-06 14:37:14,26,46,remote
2026-08-06 14:37:16,26,45,local
2026-08-06 14:37:17,26,46,remote
2026-08-06 14:37:18,26,45,local
2026-08-06 14:37:19,26,47,remote
2026-08-06 14:37:20,26,45,local
2026-08-06 14:37:21,26,47,remote
2026-08-06 14:37:22,26,45,local
2026-08-06 14:37:23,26,47,remote
2026-08-06 14:37:24,26,45,local
2026-08-06 14:37:25,26,47,remote
2026-08-06 14:37:26,26,45,local
2026-08-06 14:37:27,26,47,remote
2026-08-06 14:37:28,26,45,local
2026-08-06 14:37:29,26,47,remote
2026-08-06 14:37:30,26,45,local
2026-08-06 14:37:31,26,47,remote
2026-08-06 14:37:32,26,45,local
2026-08-06 14:37:33,26,47,remote
2026-08-06 14:37:34,26,46,local
2026-08-06 14:37:35,26,47,remote
2026-08-06 14:37:36,26,46,local
2026-08-06 14:37:37,26,47,remote
2026-08-06 14:37:38,26,46,local
2026-08-06 14:37:39,26,47,remote
2026-08-06 14:37:40,25,46,local
2026-08-06 14:37:41,26,47,remote
2026-08-06 14:37:42,25,46,local
2026-08-06 14:37:43,26,47,remote
2026-08-06 14:37:44,25,46,local
2026-08-06 14:37:45,26,47,remote
2026-08-06 14:37:46,25,46,local
2026-08-06 14:37:47,26,47,remote
2026-08-06 14:37:48,25,46,local
2026-08-06 14:37:49,26,47,remote
2026-08-06 14:37:50,25,46,local
2026-08-06 14:37:51,25,47,remote
2026-08-06 14:37:52,25,46,local
2026-08-06 14:37:53,25,47,remote
2026-08-06 14:37:54,25,46,local
2026-08-06 14:37:55,25,47,remote
2026-08-06 14:37:56,25,46,local
2026-08-06 14:37:57,25,47,remote
2026-08-06 14:37:58,25,47,local
2026-08-06 14:37:59,25,47,remote
2026-08-06 14:38:00,25,47,local
2026-08-06 14:38:01,25,47,remote
2026-08-06 14:38:02,25,47,local
2026-08-06 14:38:03,25,48,remote
2026-08-06 14:38:04,25,47,local
2026-08-06 14:38:05,25,48,remote
2026-08-06 14:38:06,25,47,local
2026-08-06 14:38:07,25,48,remote
2026-08-06 14:38:08,25,47,local
2026-08-06 14:38:09,25,48,remote
2026-08-06 14:38:10,25,47,local
2026-08-06 14:38:11,25,48,remote
2026-08-06 14:38:12,25,47,local
2026-08-06 14:38:13,25,48,remote
2026-08-06 14:38:15,25,47,local
2026-08-06 14:38:15,25,48,remote
2026-08-06 14:38:17,25,47,local
2026-08-06 14:38:17,25,48,remote
2026-08-06 14:38:19,25,47,local
2026-08-06 14:38:19,25,48,remote
2026-08-06 14:38:21,25,47,local
2026-08-06 14:38:21,25,48,remote
2026-08-06 14:38:23,25,47,local
2026-08-06 14:38:24,25,48,remote
2026-08-06 14:38:25,25,47,local
2026-08-06 14:38:26,25,48,remote
2026-08-06 14:38:27,25,47,local
2026-08-06 15:24:20,23,50,local
2026-08-06 15:24:20,24,51,remote
2026-08-06 15:24:22,23,50,local
2026-08-06 15:24:22,24,51,remote
2026-08-06 15:24:24,24,50,local
2026-08-06 15:24:24,24,51,remote
2026-08-06 15:24:26,24,50,local
2026-08-06 15:24:26,24,51,remote
2026-08-06 15:24:28,24,50,local
2026-08-06 15:24:28,24,51,remote
2026-08-06 15:24:30,24,50,local
2026-08-06 15:24:30,24,51,remote
2026-08-06 15:24:32,24,50,local
2026-08-06 15:24:32,24,51,remote
2026-08-06 15:24:34,24,50,local
2026-08-06 15:24:35,24,51,remote
2026-08-06 15:24:36,24,50,local
2026-08-06 15:24:37,24,51,remote
2026-08-06 15:24:38,24,50,local
2026-08-06 15:24:39,24,51,remote
2026-08-06 15:24:40,24,50,local
2026-08-06 15:24:41,24,51,remote
2026-08-06 15:24:42,24,50,local
2026-08-06 15:24:43,24,51,remote
2026-08-06 15:24:45,24,50,local
2026-08-06 15:24:45,24,51,remote
2026-08-06 15:24:47,24,50,local
2026-08-06 15:24:47,24,51,remote
2026-08-06 15:24:49,24,50,local
2026-08-06 15:24:49,24,51,remote
2026-08-06 15:24:51,24,50,local
2026-08-06 15:24:51,24,51,remote
2026-08-06 15:24:53,24,50,local
2026-08-06 15:24:53,24,51,remote
2026-08-06 15:24:55,24,50,local
2026-08-06 15:24:55,24,51,remote
2026-08-06 15:24:57,24,50,local
2026-08-06 15:24:57,24,51,remote
2026-08-06 15:24:59,24,50,local
2026-08-06 15:24:59,24,51,remote
2026-08-06 15:25:01,24,50,local
2026-08-06 15:25:01,24,51,remote
2026-08-06 15:25:03,24,50,local
2026-08-06 15:25:03,24,51,remote
2026-08-06 15:25:05,24,50,local
2026-08-06 15:25:05,24,51,remote
2026-08-06 15:25:07,24,50,local
2026-08-06 15:25:07,24,51,remote
2026-08-06 15:25:09,24,50,local
2026-08-06 15:25:09,24,51,remote
2026-08-06 15:25:11,24,50,local
2026-08-06 15:25:11,24,51,remote
2026-08-06 15:25:13,24,50,local
2026-08-06 15:25:13,24,51,remote
2026-08-06 15:25:15,24,50,local
2026-08-06 15:25:15,24,51,remote
2026-08-06 15:25:17,24,50,local
2026-08-06 15:25:17,24,51,remote
2026-08-06 15:25:19,24,50,local
2026-08-06 15:25:19,24,51,remote
2026-08-06 15:25:21,24,50,local
2026-08-06 15:25:21,24,51,remote
2026-08-06 15:25:23,24,50,local
2026-08-06 15:25:23,24,51,remote
2026-08-06 15:25:25,24,50,local
2026-08-06 15:25:25,24,51,remote
2026-08-06 15:25:27,24,50,local
2026-08-06 15:25:27,24,51,remote
2026-08-06 15:25:29,24,50,local
2026-08-06 15:25:29,24,51,remote
2026-08-06 15:25:31,24,50,local
2026-08-06 15:25:31,24,51,remote
2026-08-06 15:25:33,24,50,local
2026-08-06 15:25:33,24,51,remote
2026-08-06 15:25:35,24,50,local
2026-08-06 15:25:35,24,51,remote
2026-08-06 15:25:37,24,50,local
2026-08-06 15:25:37,24,51,remote
2026-08-06 15:25:39,24,50,local
2026-08-06 15:25:39,24,51,remote
2026-08-06 15:25:41,24,50,local
2026-08-06 15:25:42,24,51,remote
2026-08-06 15:25:43,24,50,local
2026-08-06 15:25:44,24,50,remote
2026-08-06 15:25:45,24,50,local
2026-08-06 15:25:46,24,50,remote
2026-08-06 15:25:47,24,50,local
2026-08-06 15:25:48,24,50,remote
2026-08-06 15:25:49,24,50,local
2026-08-06 15:25:50,24,50,remote
2026-08-06 15:25:51,24,50,local
2026-08-06 15:25:52,24,50,remote
2026-08-06 15:25:53,24,50,local
2026-08-06 15:25:54,24,50,remote
2026-08-06 15:25:55,24,50,local
2026-08-06 15:25:56,24,50,remote
2026-08-06 15:25:57,24,50,local
2026-08-06 15:25:58,24,50,remote
2026-08-06 15:25:59,24,50,local
2026-08-06 15:26:00,24,50,remote
2026-08-06 15:26:01,24,50,local
2026-08-06 15:26:02,24,50,remote
2026-08-06 15:26:03,24,50,local
2026-08-06 15:26:04,24,50,remote
2026-08-06 15:26:05,24,50,local
2026-08-06 15:26:06,24,50,remote
2026-08-06 15:26:07,24,50,local
2026-08-06 15:26:08,24,50,remote
2026-08-06 15:26:09,24,50,local
2026-08-06 15:26:10,24,50,remote
2026-08-06 15:26:12,24,50,local
2026-08-06 15:26:12,24,50,remote
2026-08-06 15:26:14,24,50,local
2026-08-06 15:26:14,24,50,remote
2026-08-06 15:26:16,24,50,local
2026-08-06 15:26:16,24,50,remote
2026-08-06 15:26:18,24,50,local
2026-08-06 15:26:18,24,50,remote
2026-08-06 15:26:20,24,50,local
2026-08-06 15:26:20,24,50,remote
2026-08-06 15:26:22,24,50,local
2026-08-06 15:26:22,24,50,remote
2026-08-06 15:26:24,24,50,local
2026-08-06 15:26:24,24,50,remote
2026-08-06 15:26:26,24,50,local
2026-08-06 15:26:26,24,50,remote
2026-08-06 15:26:28,24,50,local
2026-08-06 15:26:28,24,50,remote
2026-08-06 15:26:30,24,50,local
2026-08-06 15:26:30,24,50,remote
2026-08-06 15:26:32,24,50,local
2026-08-06 15:26:32,24,50,remote
2026-08-06 15:26:34,24,50,local
2026-08-06 15:26:34,24,50,remote
2026-08-06 15:26:36,24,50,local
2026-08-06 15:26:36,24,50,remote
2026-08-06 15:26:38,24,50,local
2026-08-06 15:26:38,24,50,remote
2026-08-06 15:26:40,24,50,local
2026-08-06 15:26:40,24,50,remote
2026-08-06 15:26:42,24,50,local
2026-08-06 15:26:42,24,50,remote
2026-08-06 15:26:44,24,50,local
2026-08-06 15:26:44,24,50,remote
2026-08-06 15:26:46,24,50,local
2026-08-06 15:26:46,24,50,remote
2026-08-06 15:26:48,24,50,local
2026-08-06 15:26:49,24,50,remote
2026-08-06 15:26:50,24,50,local
2026-08-06 15:26:51,24,50,remote
2026-08-06 15:26:52,24,50,local
2026-08-06 15:26:53,24,50,remote
2026-08-06 15:26:54,24,50,local
2026-08-06 15:26:55,24,50,remote
2026-08-06 15:26:56,24,50,local
2026-08-06 15:26:57,24,50,remote
2026-08-06 15:26:58,24,50,local
2026-08-06 15:26:59,24,50,remote
2026-08-06 15:27:00,24,50,local
2026-08-06 15:27:01,24,50,remote
2026-08-06 15:27:02,24,50,local
2026-08-06 15:27:03,24,50,remote
2026-08-06 15:27:04,24,50,local
2026-08-06 15:27:05,24,50,remote
2026-08-06 15:27:06,24,50,local
2026-08-06 15:27:07,24,50,remote
2026-08-06 15:27:08,24,50,local
2026-08-06 15:27:09,24,50,remote
2026-08-06 15:27:10,24,50,local
2026-08-06 15:27:11,24,50,remote
2026-08-06 15:27:12,24,50,local
2026-08-06 15:27:13,24,50,remote
2026-08-06 15:27:14,24,50,local
2026-08-06 15:27:15,24,50,remote
2026-08-06 15:27:16,24,50,local
2026-08-06 15:27:17,24,50,remote
2026-08-06 15:27:18,24,49,local
2026-08-06 15:27:19,24,50,remote
2026-08-06 15:27:20,24,50,local
2026-08-06 15:27:21,24,50,remote
2026-08-06 15:27:22,24,50,local
2026-08-06 15:27:23,24,50,remote
2026-08-06 15:27:24,24,49,local
2026-08-06 15:27:25,24,50,remote
2026-08-06 15:27:26,24,49,local
2026-08-06 15:27:27,24,50,remote
2026-08-06 15:27:28,24,49,local
2026-08-06 15:27:29,24,50,remote
2026-08-06 15:27:30,24,50,local
2026-08-06 15:27:31,24,50,remote
2026-08-06 15:27:32,24,50,local
2026-08-06 15:27:33,24,50,remote
2026-08-06 15:27:34,24,50,local
2026-08-06 15:27:35,24,50,remote
2026-08-06 15:27:36,24,49,local
2026-08-06 15:27:37,24,50,remote
2026-08-06 15:27:39,24,49,local
2026-08-06 15:27:39,24,50,remote
2026-08-06 15:27:41,24,49,local
2026-08-06 15:27:41,24,50,remote
2026-08-06 15:27:43,24,49,local
2026-08-06 15:27:43,24,50,remote
2026-08-06 15:27:45,24,49,local
2026-08-06 15:27:45,24,50,remote
2026-08-06 15:27:47,24,49,local
2026-08-06 15:27:47,24,50,remote
2026-08-06 15:27:49,24,49,local
2026-08-06 15:27:49,24,50,remote
2026-08-06 15:27:51,24,49,local
2026-08-06 15:27:51,24,50,remote
2026-08-06 15:27:53,24,49,local
2026-08-06 15:27:53,24,50,remote
2026-08-06 15:27:55,24,49,local
2026-08-06 15:27:55,24,50,remote
2026-08-06 15:27:57,24,49,local
2026-08-06 15:27:58,24,50,remote
2026-08-06 15:27:59,24,49,local
2026-08-06 15:28:00,24,50,remote
2026-08-06 15:28:01,24,49,local
2026-08-06 15:28:02,24,50,remote
2026-08-06 15:28:03,24,49,local
2026-08-06 15:28:04,24,50,remote
2026-08-06 15:28:05,24,49,local
2026-08-06 15:28:06,24,50,remote
2026-08-06 15:28:07,24,49,local
2026-08-06 15:28:08,24,50,remote
2026-08-06 15:28:09,24,49,local
2026-08-06 15:28:10,24,50,remote
2026-08-06 15:28:11,24,49,local
2026-08-06 15:28:12,24,50,remote
2026-08-06 15:28:13,24,49,local
2026-08-06 15:28:14,24,50,remote
2026-08-06 15:28:15,24,49,local
2026-08-06 15:28:16,24,50,remote
2026-08-06 15:28:17,24,49,local
2026-08-06 15:28:18,24,50,remote
2026-08-06 15:28:19,24,49,local
2026-08-06 15:28:20,24,50,remote
2026-08-06 15:28:21,24,49,local
2026-08-06 15:28:22,24,50,remote
2026-08-06 15:28:23,24,49,local
2026-08-06 15:28:27,24,50,remote
2026-08-06 15:28:41,24,49,local
2026-08-06 15:28:42,24,50,remote
2026-08-06 15:28:43,24,49,local
2026-08-06 15:28:44,24,50,remote
2026-08-06 15:28:45,24,49,local
2026-08-06 15:28:46,24,50,remote
2026-08-06 15:28:47,24,49,local
2026-08-06 15:28:48,24,50,remote
2026-08-06 15:28:49,24,49,local
2026-08-06 15:28:50,24,50,remote
2026-08-06 15:28:51,24,49,local
2026-08-06 15:28:52,24,50,remote
2026-08-06 15:28:53,24,49,local
2026-08-06 15:28:54,24,50,remote
2026-08-06 15:28:55,24,49,local
2026-08-06 15:28:56,24,50,remote
2026-08-06 15:28:57,24,49,local
2026-08-06 15:28:58,24,50,remote
2026-08-06 15:28:59,24,49,local
2026-08-06 15:29:00,24,50,remote
2026-08-06 15:29:01,24,49,local
2026-08-06 15:29:02,24,50,remote
2026-08-06 15:29:03,24,49,local
2026-08-06 15:29:05,24,50,remote
2026-08-06 15:29:06,24,49,local
2026-08-06 15:29:07,24,50,remote
2026-08-06 15:29:08,24,49,local
2026-08-06 15:29:09,24,50,remote
2026-08-06 15:29:10,24,49,local
2026-08-06 15:29:11,24,50,remote
2026-08-06 15:29:12,24,49,local
2026-08-06 15:29:13,24,50,remote
2026-08-06 15:29:14,24,49,local
2026-08-06 15:29:15,24,50,remote
2026-08-06 15:29:16,24,49,local
2026-08-06 15:29:17,24,50,remote
2026-08-06 15:29:18,24,49,local
2026-08-06 15:29:19,24,50,remote
2026-08-06 15:29:20,24,49,local
2026-08-06 15:29:21,24,50,remote
2026-08-06 15:29:22,24,49,local
2026-08-06 15:29:23,24,50,remote
2026-08-06 15:29:24,24,49,local
2026-08-06 15:29:25,24,50,remote
2026-08-06 15:29:26,24,49,local
2026-08-06 15:29:27,24,50,remote
2026-08-06 15:29:28,24,49,local
2026-08-06 15:29:29,24,50,remote
2026-08-06 15:29:30,24,50,local
2026-08-06 15:29:31,24,50,remote
2026-08-06 15:29:32,24,53,local
2026-08-06 15:29:33,24,50,remote
2026-08-06 15:29:34,24,56,local
2026-08-06 15:29:35,24,50,remote
2026-08-06 15:29:36,24,59,local
2026-08-06 15:29:37,24,50,remote
2026-08-06 15:29:38,25,61,local
2026-08-06 15:29:39,24,50,remote
2026-08-06 15:29:40,25,63,local
2026-08-06 15:29:41,24,50,remote
2026-08-06 15:29:42,25,62,local
2026-08-06 15:29:43,24,50,remote
2026-08-06 15:29:44,25,61,local
2026-08-06 15:29:45,24,50,remote
2026-08-06 15:29:46,26,59,local
2026-08-06 15:29:47,24,50,remote
2026-08-06 15:29:48,26,58,local
2026-08-06 15:29:49,24,50,remote
2026-08-06 15:29:50,26,56,local
2026-08-06 15:29:51,24,50,remote
2026-08-06 15:29:52,26,55,local
2026-08-06 15:29:53,24,50,remote
2026-08-06 15:29:54,26,54,local
2026-08-06 15:29:55,24,50,remote
2026-08-06 15:29:56,26,53,local
2026-08-06 15:29:57,24,50,remote
2026-08-06 15:29:58,26,52,local
2026-08-06 15:29:59,24,50,remote
2026-08-06 15:30:00,26,51,local
2026-08-06 15:30:01,24,50,remote
2026-08-06 15:30:02,26,50,local
2026-08-06 15:30:03,24,50,remote
2026-08-06 15:30:04,26,50,local
2026-08-06 15:30:05,24,50,remote
2026-08-06 15:30:06,26,49,local
2026-08-06 15:30:07,24,50,remote
2026-08-06 15:30:08,26,49,local
2026-08-06 15:30:09,24,50,remote
2026-08-06 15:30:10,26,48,local
2026-08-06 15:30:12,24,50,remote
2026-08-06 15:30:12,26,48,local
2026-08-06 15:30:14,24,50,remote
2026-08-06 15:30:14,26,48,local
2026-08-06 15:30:16,24,50,remote
2026-08-06 15:30:16,26,47,local
2026-08-06 15:30:18,24,50,remote
2026-08-06 15:30:18,26,47,local
2026-08-06 15:30:20,24,50,remote
2026-08-06 15:30:20,26,47,local
2026-08-06 15:30:22,24,50,remote
2026-08-06 15:30:22,26,47,local
2026-08-06 15:30:24,24,50,remote
2026-08-06 15:30:24,26,47,local
2026-08-06 15:30:26,24,50,remote
2026-08-06 15:30:26,26,47,local
2026-08-06 15:30:28,24,53,remote
2026-08-06 15:30:28,26,47,local
2026-08-06 15:30:30,24,58,remote
2026-08-06 15:30:30,26,46,local
2026-08-06 15:30:32,24,61,remote
2026-08-06 15:30:33,26,46,local
2026-08-06 15:30:34,24,64,remote
2026-08-06 15:30:35,26,46,local
2026-08-06 15:30:36,25,67,remote
2026-08-06 15:30:37,26,46,local
2026-08-06 15:30:38,25,69,remote
2026-08-06 15:30:39,26,46,local
2026-08-06 15:30:40,25,70,remote
2026-08-06 15:30:41,26,46,local
2026-08-06 15:30:42,26,72,remote
2026-08-06 15:30:43,26,46,local
2026-08-06 15:30:44,26,73,remote
2026-08-06 15:30:45,26,46,local
2026-08-06 15:30:46,26,74,remote
2026-08-06 15:30:47,26,46,local
2026-08-06 15:30:48,26,74,remote
2026-08-06 15:30:49,26,46,local
2026-08-06 15:30:50,27,73,remote
2026-08-06 15:30:51,26,46,local
2026-08-06 15:30:52,27,72,remote
2026-08-06 15:30:53,26,46,local
2026-08-06 15:30:54,27,69,remote
2026-08-06 15:30:55,26,46,local
2026-08-06 15:30:56,27,67,remote
2026-08-06 15:30:57,26,46,local
2026-08-06 15:30:58,27,64,remote
2026-08-06 15:30:59,26,46,local
2026-08-06 15:31:00,28,62,remote
2026-08-06 15:31:01,26,46,local
2026-08-06 15:31:02,28,60,remote
2026-08-06 15:31:03,26,46,local
2026-08-06 15:31:04,28,58,remote
2026-08-06 15:31:05,26,46,local
2026-08-06 15:31:06,28,56,remote
2026-08-06 15:31:07,26,46,local
2026-08-06 15:31:08,28,55,remote
2026-08-06 15:31:09,26,46,local
2026-08-06 15:31:10,28,53,remote
2026-08-06 15:31:11,26,46,local
2026-08-06 15:31:12,28,52,remote
2026-08-06 15:31:13,26,46,local
2026-08-06 15:31:14,28,51,remote
2026-08-06 15:31:15,26,46,local
2026-08-06 15:31:16,28,50,remote
2026-08-06 15:31:17,26,46,local
2026-08-06 15:31:19,28,49,remote
2026-08-06 15:31:19,26,46,local
2026-08-06 15:31:21,28,49,remote
2026-08-06 15:31:21,26,46,local
2026-08-06 15:31:23,28,48,remote
2026-08-06 15:31:23,26,46,local
2026-08-06 15:31:25,28,48,remote
2026-08-06 15:31:25,26,46,local
2026-08-06 15:31:27,28,47,remote
2026-08-06 15:31:27,26,46,local
2026-08-06 15:31:29,28,47,remote
2026-08-06 15:31:29,26,46,local
2026-08-06 15:31:31,28,46,remote
2026-08-06 15:31:31,25,46,local
2026-08-06 15:31:33,28,46,remote
2026-08-06 15:31:33,25,46,local
2026-08-06 15:31:35,28,46,remote
2026-08-06 15:31:35,25,46,local
2026-08-06 15:31:37,28,46,remote
2026-08-06 15:31:37,25,46,local
2026-08-06 15:31:39,28,45,remote
2026-08-06 15:31:39,25,46,local
2026-08-06 15:31:41,28,45,remote
2026-08-06 15:31:41,25,46,local
2026-08-06 15:31:43,27,45,remote
2026-08-06 15:31:43,25,46,local
2026-08-06 15:31:45,28,45,remote
2026-08-06 15:31:45,25,46,local
2026-08-06 15:31:47,27,45,remote
2026-08-06 15:31:47,25,46,local
2026-08-06 15:31:49,27,45,remote
2026-08-06 15:31:49,25,46,local
2026-08-06 15:31:51,27,44,remote
2026-08-06 15:31:51,25,46,local
2026-08-06 15:31:53,27,44,remote
2026-08-06 15:31:53,25,46,local
2026-08-06 15:31:55,27,44,remote
2026-08-06 15:31:55,25,46,local
2026-08-06 15:31:57,27,44,remote
2026-08-06 15:31:58,25,46,local
2026-08-06 15:31:59,27,44,remote
2026-08-06 15:32:00,25,47,local
2026-08-06 15:32:01,27,44,remote
2026-08-06 15:32:02,25,47,local
2026-08-06 15:32:03,27,44,remote
2026-08-06 15:32:04,25,47,local
2026-08-06 15:32:05,27,44,remote
2026-08-06 15:32:06,25,47,local
2026-08-06 15:32:07,27,44,remote
2026-08-06 15:32:08,25,47,local
2026-08-06 15:32:09,27,44,remote
2026-08-06 15:32:10,25,47,local
2026-08-06 15:32:11,27,44,remote
2026-08-06 15:32:12,25,47,local
2026-08-06 15:32:13,27,44,remote
2026-08-06 15:32:14,25,47,local
2026-08-06 15:32:15,27,44,remote
2026-08-06 15:32:16,25,47,local
2026-08-06 15:32:17,27,44,remote
2026-08-06 15:32:18,25,47,local
2026-08-06 15:32:19,27,44,remote
2026-08-06 15:32:20,25,47,local
2026-08-06 15:32:21,27,44,remote
2026-08-06 15:32:22,25,47,local
2026-08-06 15:32:23,27,44,remote
2026-08-06 15:32:24,25,47,local
2026-08-06 15:32:26,26,44,remote
2026-08-06 15:32:26,25,47,local
2026-08-06 15:32:28,26,44,remote
2026-08-06 15:32:28,25,47,local
2026-08-06 15:32:30,26,44,remote
2026-08-06 15:32:30,25,47,local
2026-08-06 15:32:32,26,44,remote
2026-08-06 15:32:32,25,47,local
2026-08-06 15:32:34,26,45,remote
2026-08-06 15:32:34,25,47,local
2026-08-06 15:32:36,26,45,remote
2026-08-06 15:32:36,25,47,local
2026-08-06 15:32:38,26,46,remote
2026-08-06 15:32:38,25,47,local
2026-08-06 15:32:40,26,46,remote
2026-08-06 15:32:40,25,47,local
2026-08-06 15:32:42,26,46,remote
2026-08-06 15:32:42,25,47,local
2026-08-06 15:32:44,26,46,remote
2026-08-06 15:32:44,25,47,local
2026-08-06 15:32:46,26,46,remote
2026-08-06 15:32:46,25,47,local
2026-08-06 15:32:48,26,46,remote
2026-08-06 15:32:48,25,47,local
2026-08-06 15:32:50,26,49,remote
2026-08-06 15:32:50,25,47,local
2026-08-06 15:32:52,26,52,remote
2026-08-06 15:32:52,25,47,local
2026-08-06 15:32:54,26,55,remote
2026-08-06 15:32:54,25,47,local
2026-08-06 15:32:56,26,57,remote
2026-08-06 15:32:56,25,47,local
2026-08-06 15:32:58,27,59,remote
2026-08-06 15:32:58,25,47,local
2026-08-06 15:33:00,27,61,remote
2026-08-06 15:33:00,25,47,local
2026-08-06 15:33:02,27,63,remote
2026-08-06 15:33:02,25,48,local
2026-08-06 15:33:04,27,64,remote
2026-08-06 15:33:04,25,48,local
2026-08-06 15:33:06,27,62,remote
2026-08-06 15:33:06,25,48,local
2026-08-06 15:33:08,28,60,remote
2026-08-06 15:33:08,25,48,local
2026-08-06 15:33:10,28,58,remote
2026-08-06 15:33:10,25,48,local
2026-08-06 15:33:12,28,56,remote
2026-08-06 15:33:12,25,48,local
2026-08-06 15:33:14,28,55,remote
2026-08-06 15:33:14,25,48,local
2026-08-06 15:33:16,28,53,remote
2026-08-06 15:33:16,25,48,local
2026-08-06 15:33:18,28,52,remote
2026-08-06 15:33:18,25,48,local
2026-08-06 15:33:20,28,51,remote
2026-08-06 15:33:20,25,48,local
2026-08-06 15:33:22,28,50,remote
2026-08-06 15:33:22,25,48,local
2026-08-06 15:33:24,28,49,remote
2026-08-06 15:33:25,25,48,local
2026-08-06 15:33:26,28,48,remote
2026-08-06 15:33:27,25,48,local
2026-08-06 15:33:28,28,47,remote
2026-08-06 15:33:29,25,48,local
2026-08-06 15:33:30,28,47,remote
2026-08-06 15:33:31,25,48,local
2026-08-06 15:33:33,28,46,remote
2026-08-06 15:33:33,25,48,local
2026-08-06 15:33:35,28,46,remote
2026-08-06 15:33:35,25,48,local
2026-08-06 15:33:37,28,45,remote
2026-08-06 15:33:37,25,48,local
2026-08-06 15:33:39,28,45,remote
2026-08-06 15:33:39,25,48,local
2026-08-06 15:33:41,28,45,remote
2026-08-06 15:33:41,25,48,local
2026-08-06 15:33:43,28,45,remote
2026-08-06 15:33:43,25,48,local
2026-08-06 15:33:45,28,44,remote
2026-08-06 15:33:45,25,48,local
2026-08-06 15:33:47,28,44,remote
2026-08-06 15:33:47,25,48,local
2026-08-06 15:33:49,28,44,remote
2026-08-06 15:33:49,25,48,local
2026-08-06 15:33:51,28,44,remote
2026-08-06 15:33:51,25,48,local
2026-08-06 15:33:53,28,44,remote
2026-08-06 15:33:53,25,48,local
2026-08-06 15:33:55,25,48,local
2026-08-06 15:33:55,28,44,remote
2026-08-06 15:33:57,25,48,local
2026-08-06 15:33:57,28,44,remote
2026-08-06 15:33:59,27,44,remote
2026-08-06 15:34:01,25,48,local
2026-08-06 15:34:01,27,44,remote
2026-08-06 15:34:03,25,48,local
2026-08-06 15:34:03,27,43,remote
2026-08-06 15:34:05,25,48,local
2026-08-06 15:34:05,27,43,remote
2026-08-06 15:34:07,25,48,local
2026-08-06 15:34:07,27,43,remote
2026-08-06 15:34:09,25,48,local
2026-08-06 15:34:09,27,43,remote
2026-08-06 15:34:11,25,48,local
2026-08-06 15:34:11,27,43,remote
2026-08-06 15:34:13,25,48,local
2026-08-06 15:34:13,27,43,remote
2026-08-06 15:34:15,25,48,local
2026-08-06 15:34:15,27,43,remote
2026-08-06 15:34:17,25,48,local
2026-08-06 15:34:17,27,43,remote
2026-08-06 15:34:19,25,48,local
2026-08-06 15:34:19,27,43,remote
2026-08-06 15:34:21,24,48,local
2026-08-06 15:34:21,27,43,remote
2026-08-06 15:34:23,24,48,local
2026-08-06 15:34:23,27,43,remote
2026-08-06 15:34:25,24,48,local
2026-08-06 15:34:25,27,43,remote
2026-08-06 15:34:27,24,48,local
2026-08-06 15:34:27,27,44,remote
2026-08-06 15:34:29,24,48,local
2026-08-06 15:34:29,27,44,remote
2026-08-06 15:34:31,24,48,local
2026-08-06 15:34:31,27,44,remote
2026-08-06 15:34:33,24,48,local
2026-08-06 15:34:33,27,44,remote
2026-08-06 15:34:35,24,48,local
2026-08-06 15:34:35,27,44,remote
2026-08-06 15:34:37,24,48,local
2026-08-06 15:34:37,27,44,remote
2026-08-06 15:34:39,24,48,local
2026-08-06 15:34:40,27,44,remote
2026-08-06 15:34:41,24,48,local
2026-08-06 15:34:42,26,44,remote
2026-08-06 15:34:43,24,48,local
2026-08-06 15:34:44,26,44,remote
2026-08-06 15:34:45,24,48,local
2026-08-06 15:34:46,26,44,remote
2026-08-06 15:34:47,24,48,local
2026-08-06 15:34:48,26,44,remote
2026-08-06 15:34:49,24,48,local
2026-08-06 15:34:50,26,44,remote
2026-08-06 15:34:52,24,48,local
2026-08-06 15:34:52,26,44,remote
2026-08-06 15:34:54,24,48,local
2026-08-06 15:34:54,26,44,remote
2026-08-06 15:34:56,24,48,local
2026-08-06 15:34:56,26,44,remote
2026-08-06 15:34:58,24,48,local
2026-08-06 15:34:58,26,44,remote
2026-08-06 15:35:00,24,48,local
2026-08-06 15:35:00,26,44,remote
2026-08-06 15:35:02,24,48,local
2026-08-06 15:35:02,26,44,remote
2026-08-06 15:35:04,24,48,local
2026-08-06 15:35:04,26,44,remote
2026-08-06 15:35:06,24,48,local
2026-08-06 15:35:06,26,44,remote
2026-08-06 15:35:08,24,48,local
2026-08-06 15:35:08,26,44,remote
2026-08-06 15:35:10,24,48,local
2026-08-06 15:35:10,26,44,remote
2026-08-06 15:35:12,24,48,local
2026-08-06 15:35:12,26,45,remote
2026-08-06 15:35:14,24,48,local
2026-08-06 15:35:14,26,45,remote
2026-08-06 15:35:16,24,48,local
2026-08-06 15:35:16,26,45,remote
2026-08-06 15:35:18,24,48,local
2026-08-06 15:35:18,26,45,remote
2026-08-06 15:35:20,24,48,local
2026-08-06 15:35:20,26,45,remote
2026-08-06 15:35:22,24,48,local
2026-08-06 15:35:22,26,45,remote
2026-08-06 15:35:24,24,48,local
2026-08-06 15:35:24,26,45,remote
2026-08-06 15:35:26,24,48,local
2026-08-06 15:35:26,26,45,remote
2026-08-06 15:35:28,24,48,local
2026-08-06 15:35:28,26,45,remote
2026-08-06 15:35:30,24,48,local
2026-08-06 15:35:30,26,45,remote
2026-08-06 15:35:32,24,48,local
2026-08-06 15:35:32,26,45,remote
2026-08-06 15:35:34,24,48,local
2026-08-06 15:35:34,26,45,remote
2026-08-06 15:35:36,24,48,local
2026-08-06 15:35:36,26,45,remote
2026-08-06 15:35:38,24,48,local
2026-08-06 15:35:38,26,45,remote
2026-08-06 15:35:40,24,48,local
2026-08-06 15:35:40,25,45,remote
2026-08-06 15:35:42,24,48,local
2026-08-06 15:35:42,26,45,remote
2026-08-06 15:35:44,24,48,local
2026-08-06 15:35:44,25,45,remote
2026-08-06 15:35:46,24,48,local
2026-08-06 15:35:47,25,45,remote
2026-08-06 15:35:48,24,48,local
2026-08-06 15:35:49,25,46,remote
2026-08-06 15:35:50,24,48,local
2026-08-06 15:35:51,25,46,remote
2026-08-06 15:35:52,24,48,local
2026-08-06 15:35:53,25,46,remote
2026-08-06 15:35:54,24,48,local
2026-08-06 15:35:55,25,46,remote
2026-08-06 15:35:56,24,48,local
2026-08-06 15:35:57,25,46,remote
2026-08-06 15:35:58,24,48,local
2026-08-06 15:35:59,25,46,remote
2026-08-06 15:36:00,24,48,local
2026-08-06 15:36:01,25,46,remote
2026-08-06 15:36:02,24,48,local
2026-08-06 15:36:03,25,46,remote
2026-08-06 15:36:04,24,48,local
2026-08-06 15:36:05,25,46,remote
2026-08-06 15:36:06,24,48,local
2026-08-06 15:36:07,25,46,remote
2026-08-06 15:36:08,24,48,local
2026-08-06 15:36:09,25,46,remote
2026-08-06 15:36:10,24,48,local
2026-08-06 15:36:11,25,46,remote
2026-08-06 15:36:12,24,48,local
2026-08-06 15:36:13,25,46,remote
2026-08-06 15:36:14,24,48,local
2026-08-06 15:36:15,25,46,remote
2026-08-06 15:36:16,24,48,local
2026-08-06 15:36:17,25,46,remote
2026-08-06 15:36:19,24,48,local
2026-08-06 15:36:19,25,46,remote
2026-08-06 15:36:21,24,48,local
2026-08-06 15:36:21,25,46,remote
2026-08-06 15:36:23,24,48,local
2026-08-06 15:36:23,25,46,remote
2026-08-06 15:36:25,24,48,local
2026-08-06 15:36:25,25,46,remote
2026-08-06 15:36:27,24,48,local
2026-08-06 15:36:27,25,46,remote
2026-08-06 15:36:29,24,48,local
2026-08-06 15:36:29,25,47,remote
2026-08-06 15:36:31,24,48,local
2026-08-06 15:36:31,25,47,remote
2026-08-06 15:36:33,24,48,local
2026-08-06 15:36:33,25,47,remote
2026-08-06 15:36:35,24,48,local
2026-08-06 15:36:35,25,47,remote
2026-08-06 15:36:37,24,48,local
2026-08-06 15:36:37,25,47,remote
2026-08-06 15:36:39,24,48,local
2026-08-06 15:36:39,25,47,remote
2026-08-06 15:36:41,24,48,local
2026-08-06 15:36:41,25,47,remote
2026-08-06 15:36:43,24,48,local
2026-08-06 15:36:43,25,47,remote
2026-08-06 15:36:45,24,48,local
2026-08-06 15:36:45,25,47,remote
2026-08-06 15:36:47,24,48,local
2026-08-06 15:36:47,25,47,remote
2026-08-06 15:36:49,24,48,local
2026-08-06 15:36:49,25,47,remote
2026-08-06 15:36:51,24,48,local
2026-08-06 15:36:51,25,47,remote
2026-08-06 15:36:53,24,48,local
2026-08-06 15:36:53,25,47,remote
2026-08-06 15:36:55,24,48,local
2026-08-06 15:36:56,25,47,remote
2026-08-06 15:36:57,24,48,local
2026-08-06 15:36:58,25,47,remote
2026-08-06 15:36:59,24,48,local
2026-08-06 15:37:00,25,47,remote
2026-08-06 15:37:01,24,48,local
2026-08-06 15:37:02,25,47,remote
2026-08-06 15:37:03,24,48,local
2026-08-06 15:37:04,25,47,remote
2026-08-06 15:37:05,24,48,local
2026-08-06 15:37:06,25,47,remote
2026-08-06 15:37:07,24,48,local
2026-08-06 15:37:08,25,47,remote
2026-08-06 15:37:09,24,48,local
2026-08-06 15:37:10,25,47,remote
2026-08-06 15:37:11,24,48,local
2026-08-06 15:37:12,25,47,remote
2026-08-06 15:37:13,24,48,local
2026-08-06 15:37:14,25,47,remote
2026-08-06 15:37:15,24,48,local
2026-08-06 15:37:16,25,47,remote
2026-08-06 15:37:17,24,48,local
2026-08-06 15:37:18,25,47,remote
2026-08-06 15:37:19,24,48,local
2026-08-06 15:37:20,25,47,remote
2026-08-06 15:37:21,24,48,local
2026-08-06 15:37:22,24,47,remote
2026-08-06 15:37:23,24,48,local
2026-08-06 15:37:24,24,48,remote
2026-08-06 15:37:25,24,48,local
2026-08-06 15:37:26,24,48,remote
2026-08-06 15:37:27,24,48,local
2026-08-06 15:37:28,24,48,remote
2026-08-06 15:37:29,24,48,local
2026-08-06 15:37:30,24,48,remote
2026-08-06 15:37:31,24,48,local
2026-08-06 15:37:32,24,48,remote
2026-08-06 15:37:33,24,48,local
2026-08-06 15:37:34,24,48,remote
2026-08-06 15:37:35,24,48,local
2026-08-06 15:37:36,24,48,remote
2026-08-06 15:37:37,24,48,local
2026-08-06 15:37:38,24,48,remote
2026-08-06 15:37:39,24,48,local
2026-08-06 15:37:40,24,48,remote
2026-08-06 15:37:41,24,49,local
2026-08-06 15:37:42,24,48,remote
2026-08-06 15:37:43,24,49,local
2026-08-06 15:37:44,24,48,remote
2026-08-06 15:37:46,24,49,local
2026-08-06 15:37:46,24,48,remote
2026-08-06 15:37:48,24,49,local
2026-08-06 15:37:48,24,48,remote
2026-08-06 15:37:50,24,49,local
2026-08-06 15:37:50,24,48,remote
2026-08-06 15:37:52,24,49,local
2026-08-06 15:37:52,24,48,remote
2026-08-06 15:37:54,24,49,local
2026-08-06 15:37:54,24,48,remote
2026-08-06 15:37:56,24,49,local
2026-08-06 15:37:56,24,48,remote
2026-08-06 15:37:58,24,49,local
2026-08-06 15:37:58,24,48,remote
2026-08-06 15:38:00,24,49,local
2026-08-06 15:38:00,24,48,remote
2026-08-06 15:38:02,24,49,local
2026-08-06 15:38:03,24,48,remote
2026-08-06 15:38:04,24,49,local
2026-08-06 15:38:05,24,48,remote
2026-08-06 15:38:06,24,49,local
2026-08-06 15:38:07,24,48,remote
2026-08-06 15:38:08,24,49,local
2026-08-06 15:38:09,24,48,remote
2026-08-06 15:38:10,24,49,local
2026-08-06 15:38:11,24,48,remote
2026-08-06 15:38:12,24,49,local
2026-08-06 15:38:13,24,48,remote
2026-08-06 15:38:14,24,49,local
2026-08-06 15:38:15,24,49,remote
2026-08-06 15:38:16,24,49,local
2026-08-06 15:38:17,24,49,remote
2026-08-06 15:38:18,24,49,local
2026-08-06 15:38:19,24,49,remote
2026-08-06 15:38:20,24,49,local
2026-08-06 15:38:21,24,49,remote
2026-08-06 15:38:22,24,49,local
2026-08-06 15:38:23,24,49,remote
2026-08-06 15:38:24,24,49,local
2026-08-06 15:38:25,24,49,remote
2026-08-06 15:38:26,24,49,local
2026-08-06 15:38:27,24,49,remote
2026-08-06 15:38:28,24,49,local
2026-08-06 15:38:29,24,49,remote
2026-08-06 15:38:30,24,49,local
2026-08-06 15:38:31,24,49,remote
2026-08-06 15:38:32,24,49,local
2026-08-06 15:38:33,24,49,remote
2026-08-06 15:38:34,24,49,local
2026-08-06 15:38:35,24,49,remote
2026-08-06 15:38:36,24,49,local
2026-08-06 15:38:37,24,49,remote
2026-08-06 15:38:38,24,49,local
2026-08-06 15:38:39,24,49,remote
2026-08-06 15:38:40,24,49,local
2026-08-06 15:38:41,24,49,remote
2026-08-06 15:38:42,24,49,local
2026-08-06 15:38:43,24,49,remote
2026-08-06 15:38:44,24,49,local
2026-08-06 15:38:45,24,49,remote
2026-08-06 15:38:46,24,49,local
2026-08-06 15:38:47,24,49,remote
2026-08-06 15:38:48,24,49,local
2026-08-06 15:38:49,24,49,remote
2026-08-06 15:38:50,24,49,local
2026-08-06 15:38:51,24,49,remote
2026-08-06 15:38:52,24,49,local
2026-08-06 15:38:53,24,49,remote
2026-08-06 15:38:54,24,49,local
2026-08-06 15:38:55,24,49,remote
2026-08-06 15:38:56,24,49,local
2026-08-06 15:38:57,24,49,remote
2026-08-06 15:38:58,24,49,local
2026-08-06 15:38:59,24,49,remote
2026-08-06 15:39:00,24,49,local
2026-08-06 15:39:01,24,49,remote
2026-08-06 15:39:02,24,49,local
2026-08-06 15:39:03,24,49,remote
2026-08-06 15:39:04,24,49,local
2026-08-06 15:39:05,24,49,remote
2026-08-06 15:39:06,24,49,local
2026-08-06 15:39:07,24,49,remote
2026-08-06 15:39:08,24,49,local
2026-08-06 15:39:10,24,49,remote
2026-08-06 15:39:10,24,49,local
2026-08-06 15:39:12,24,49,remote
2026-08-06 15:39:13,24,49,local
2026-08-06 15:39:14,24,49,remote
2026-08-06 15:39:15,24,49,local
2026-08-06 15:39:16,24,49,remote
2026-08-06 15:39:17,24,49,local
2026-08-06 15:39:18,24,49,remote
2026-08-06 15:39:19,24,49,local
2026-08-06 15:39:20,24,49,remote
2026-08-06 15:39:21,24,49,local
2026-08-06 15:39:22,24,49,remote
2026-08-06 15:39:23,24,49,local
2026-08-06 15:39:24,24,49,remote
2026-08-06 15:39:25,24,49,local
2026-08-06 15:39:26,24,49,remote
2026-08-06 15:39:27,24,49,local
2026-08-06 15:39:28,24,49,remote
2026-08-06 15:39:29,24,49,local
2026-08-06 15:39:30,24,49,remote
2026-08-06 15:39:31,24,49,local
2026-08-06 15:39:32,24,49,remote
2026-08-06 15:39:33,24,49,local
2026-08-06 15:39:34,24,49,remote
2026-08-06 15:39:35,24,49,local
2026-08-06 15:39:36,24,49,remote
2026-08-06 15:39:37,24,49,local
2026-08-06 15:39:38,24,49,remote
2026-08-06 15:39:39,24,49,local
2026-08-06 15:39:40,24,49,remote
2026-08-06 15:39:41,24,49,local
2026-08-06 15:39:42,24,49,remote
2026-08-06 15:39:43,24,49,local
2026-08-06 15:39:44,24,49,remote
2026-08-06 15:39:45,24,49,local
2026-08-06 15:39:46,24,49,remote
2026-08-06 15:39:47,24,49,local
2026-08-06 15:39:48,24,49,remote
2026-08-06 15:39:49,24,49,local
2026-08-06 15:39:50,24,49,remote
2026-08-06 15:39:51,24,49,local
2026-08-06 15:39:52,24,49,remote
2026-08-06 15:39:53,24,49,local
2026-08-06 15:39:54,24,49,remote
2026-08-06 15:39:55,24,49,local
2026-08-06 15:39:56,24,49,remote
2026-08-06 15:39:57,24,49,local
2026-08-06 15:39:58,24,49,remote
2026-08-06 15:39:59,24,49,local
2026-08-06 15:40:00,24,50,remote
2026-08-06 15:40:01,24,49,local
2026-08-06 15:40:02,24,49,remote
2026-08-06 15:40:03,24,49,local
2026-08-06 15:40:04,24,50,remote
2026-08-06 15:40:05,24,49,local
2026-08-06 15:40:06,24,50,remote
2026-08-06 15:40:07,24,49,local
2026-08-06 15:40:08,24,50,remote
2026-08-06 15:40:09,24,49,local
2026-08-06 15:40:10,24,50,remote
2026-08-06 15:40:11,24,49,local
2026-08-06 15:40:12,24,50,remote
2026-08-06 15:40:13,24,49,local
2026-08-06 15:40:14,24,50,remote
2026-08-06 15:40:15,24,49,local
2026-08-06 15:40:17,24,50,remote
2026-08-06 15:40:17,24,49,local
2026-08-06 15:40:19,24,50,remote
2026-08-06 15:40:19,24,49,local
2026-08-06 15:40:21,24,50,remote
2026-08-06 15:40:21,24,49,local
2026-08-06 15:40:23,24,50,remote
2026-08-06 15:40:23,24,49,local
2026-08-06 15:40:25,24,50,remote
2026-08-06 15:40:25,24,49,local
2026-08-06 15:40:27,24,50,remote
2026-08-06 15:40:27,24,49,local
2026-08-06 15:40:29,24,50,remote
2026-08-06 15:40:29,24,49,local
2026-08-06 15:40:31,24,50,remote
2026-08-06 15:40:31,24,49,local
2026-08-06 15:40:33,24,50,remote
2026-08-06 15:40:33,24,49,local
2026-08-06 15:40:35,24,50,remote
2026-08-06 15:40:35,24,49,local
2026-08-06 15:40:37,24,50,remote
2026-08-06 15:40:37,24,49,local
2026-08-06 15:40:39,24,50,remote
2026-08-06 15:40:40,24,49,local
2026-08-06 15:40:41,24,50,remote
2026-08-06 15:40:42,24,49,local
2026-08-06 15:40:43,24,50,remote
2026-08-06 15:40:44,24,49,local
2026-08-06 15:40:45,24,50,remote
2026-08-06 15:40:46,24,49,local
2026-08-06 15:40:47,24,50,remote
2026-08-06 15:40:48,24,49,local
2026-08-06 15:40:49,24,50,remote
2026-08-06 15:40:50,24,49,local
2026-08-06 15:40:51,24,50,remote
2026-08-06 15:40:52,24,49,local
2026-08-06 15:40:53,24,50,remote
2026-08-06 15:40:54,24,49,local
2026-08-06 15:40:55,24,50,remote
2026-08-06 15:40:56,24,49,local
2026-08-06 15:40:57,24,50,remote
2026-08-06 15:40:58,24,49,local
2026-08-06 15:40:59,24,50,remote
2026-08-06 15:41:00,24,49,local
2026-08-06 15:41:01,24,50,remote
2026-08-06 15:41:02,24,49,local
2026-08-06 15:41:03,24,50,remote
2026-08-06 15:41:04,24,49,local
2026-08-06 15:41:05,24,50,remote
2026-08-06 15:41:06,24,49,local
2026-08-06 15:41:07,24,50,remote
2026-08-06 15:41:08,24,49,local
2026-08-06 15:41:09,24,50,remote
2026-08-06 15:41:10,24,49,local
2026-08-06 15:41:11,24,50,remote
2026-08-06 15:41:12,24,49,local
2026-08-06 15:41:13,24,50,remote
2026-08-06 15:41:14,24,49,local
2026-08-06 15:41:15,24,50,remote
2026-08-06 15:41:16,24,49,local
2026-08-06 15:41:17,24,50,remote
2026-08-06 15:41:18,24,49,local
2026-08-06 15:41:19,24,50,remote
2026-08-06 15:41:20,24,49,local
2026-08-06 15:41:21,24,50,remote
2026-08-06 15:41:22,24,49,local
2026-08-06 15:41:24,24,50,remote
2026-08-06 15:41:24,24,49,local
2026-08-06 15:41:26,24,50,remote
2026-08-06 15:41:26,24,49,local
2026-08-06 15:41:28,24,50,remote
2026-08-06 15:41:28,24,49,local
2026-08-06 15:41:30,24,50,remote
2026-08-06 15:41:30,24,49,local
2026-08-06 15:41:32,24,50,remote
2026-08-06 15:41:32,24,49,local
2026-08-06 15:41:34,24,50,remote
2026-08-06 15:41:34,24,49,local
2026-08-06 15:41:36,24,50,remote
2026-08-06 15:41:36,24,49,local
2026-08-06 15:41:38,24,50,remote
2026-08-06 15:41:38,24,49,local
2026-08-06 15:41:40,24,50,remote
2026-08-06 15:41:40,24,49,local
2026-08-06 15:41:42,24,50,remote
2026-08-06 15:41:42,24,49,local
2026-08-06 15:41:44,24,50,remote
2026-08-06 15:41:44,24,49,local
2026-08-06 15:41:46,24,50,remote
2026-08-06 15:41:46,24,49,local
2026-08-06 15:41:48,24,50,remote
2026-08-06 15:41:48,24,49,local
2026-08-06 15:41:50,24,50,remote
2026-08-06 15:41:50,24,49,local
2026-08-06 15:41:52,24,50,remote
2026-08-06 15:41:52,24,49,local
2026-08-06 15:41:54,24,50,remote
2026-08-06 15:41:54,24,49,local
2026-08-06 15:41:56,24,50,remote
2026-08-06 15:41:56,24,49,local
2026-08-06 15:41:58,24,50,remote
2026-08-06 15:41:58,24,49,local
2026-08-06 15:42:00,24,50,remote
2026-08-06 15:42:00,24,49,local
2026-08-06 15:42:02,24,50,remote
2026-08-06 15:42:02,24,49,local
2026-08-06 15:42:04,24,50,remote
2026-08-06 15:42:04,24,49,local
2026-08-06 15:42:06,24,50,remote
2026-08-06 15:42:07,24,49,local
2026-08-06 15:42:08,24,50,remote
2026-08-06 15:42:09,24,49,local
2026-08-06 15:42:10,24,50,remote
2026-08-06 15:42:11,24,49,local
2026-08-06 15:42:12,24,50,remote
2026-08-06 15:42:13,24,49,local
2026-08-06 15:42:14,24,50,remote
2026-08-06 15:42:15,24,49,local
2026-08-06 15:42:16,24,50,remote
2026-08-06 15:42:17,24,49,local
2026-08-06 15:42:18,24,50,remote
2026-08-06 15:42:19,24,49,local
2026-08-06 15:42:20,24,50,remote
2026-08-06 15:42:21,24,49,local
2026-08-06 15:42:22,24,50,remote
2026-08-06 15:42:23,24,49,local
2026-08-06 15:42:24,24,50,remote
2026-08-06 15:42:25,24,49,local
2026-08-06 15:42:26,24,50,remote
2026-08-06 15:42:27,24,49,local
2026-08-06 15:42:28,24,50,remote
2026-08-06 15:42:29,24,49,local
2026-08-06 15:42:31,24,50,remote
2026-08-06 15:42:31,24,49,local
2026-08-06 15:42:33,24,50,remote
2026-08-06 15:42:33,24,49,local
2026-08-06 15:42:35,24,50,remote
2026-08-06 15:42:35,24,49,local
2026-08-06 15:42:37,24,50,remote
2026-08-06 15:42:37,24,49,local
2026-08-06 15:42:39,24,50,remote
2026-08-06 15:42:39,24,49,local
2026-08-06 15:42:41,24,50,remote
2026-08-06 15:42:41,24,49,local
2026-08-06 15:42:43,24,50,remote
2026-08-06 15:42:43,24,49,local
2026-08-06 15:42:45,24,50,remote
2026-08-06 15:42:45,24,49,local
2026-08-06 15:42:47,24,50,remote
2026-08-06 15:42:47,24,49,local
2026-08-06 15:42:49,24,50,remote
2026-08-06 15:42:49,24,49,local
2026-08-06 15:42:51,24,50,remote
2026-08-06 15:42:51,24,49,local
2026-08-06 15:42:53,24,50,remote
2026-08-06 15:42:53,24,49,local
2026-08-06 15:42:55,24,50,remote
2026-08-06 15:42:55,24,49,local
2026-08-06 15:42:57,24,50,remote
2026-08-06 15:42:57,24,49,local
2026-08-06 15:42:59,24,50,remote
2026-08-06 15:42:59,24,49,local
2026-08-06 15:43:01,24,50,remote
2026-08-06 15:43:01,24,49,local
2026-08-06 15:43:03,24,50,remote
2026-08-06 15:43:03,24,49,local
2026-08-06 15:43:05,24,50,remote
2026-08-06 15:43:05,24,49,local
2026-08-06 15:43:07,24,50,remote
2026-08-06 15:43:07,24,49,local
2026-08-06 15:43:09,24,50,remote
2026-08-06 15:43:09,24,49,local
2026-08-06 15:43:11,24,50,remote
2026-08-06 15:43:11,24,49,local
2026-08-06 15:43:13,24,50,remote
2026-08-06 15:43:13,24,49,local
2026-08-06 15:43:15,24,50,remote
2026-08-06 15:43:15,24,49,local
2026-08-06 15:43:17,24,50,remote
2026-08-06 15:43:17,24,49,local
2026-08-06 15:43:19,24,50,remote
2026-08-06 15:43:19,24,49,local
2026-08-06 15:43:21,24,50,remote
2026-08-06 15:43:21,24,49,local
2026-08-06 15:43:23,24,50,remote
2026-08-06 15:43:23,24,49,local
2026-08-06 15:43:25,24,50,remote
2026-08-06 15:43:25,24,49,local
2026-08-06 15:43:27,24,50,remote
2026-08-06 15:43:27,24,49,local
2026-08-06 15:43:29,24,50,remote
2026-08-06 15:43:29,24,49,local
2026-08-06 15:43:31,24,50,remote
2026-08-06 15:43:32,24,49,local
2026-08-06 15:43:33,24,50,remote
2026-08-06 15:43:34,24,49,local
2026-08-06 15:43:35,24,50,remote
2026-08-06 15:43:36,24,49,local
2026-08-06 15:43:37,24,50,remote
2026-08-06 15:43:38,24,49,local
2026-08-06 15:43:40,24,50,remote
2026-08-06 15:43:40,24,49,local
2026-08-06 15:43:42,24,50,remote
2026-08-06 15:43:42,24,49,local
2026-08-06 15:43:44,24,50,remote
2026-08-06 15:43:44,24,49,local
2026-08-06 15:43:46,24,50,remote
2026-08-06 15:43:46,24,49,local
2026-08-06 15:43:48,24,50,remote
2026-08-06 15:43:48,24,49,local
2026-08-06 15:43:50,24,50,remote
2026-08-06 15:43:50,24,49,local
2026-08-06 15:43:52,24,50,remote
2026-08-06 15:43:52,24,49,local
2026-08-06 15:43:54,24,49,local
2026-08-06 15:43:54,24,50,remote
2026-08-06 15:43:56,24,49,local
2026-08-06 15:43:56,24,50,remote
2026-08-06 15:43:58,24,49,local
2026-08-06 15:43:58,24,50,remote
2026-08-06 15:44:00,24,49,local
2026-08-06 15:44:00,24,50,remote
2026-08-06 15:44:02,24,49,local
2026-08-06 15:44:02,24,50,remote
2026-08-06 15:44:04,24,49,local
2026-08-06 15:44:04,24,50,remote
2026-08-06 15:44:06,24,49,local
2026-08-06 15:44:06,24,50,remote
2026-08-06 15:44:08,24,49,local
2026-08-06 15:44:08,24,50,remote
2026-08-06 15:44:10,24,49,local
2026-08-06 15:44:10,24,50,remote
2026-08-06 15:44:12,24,49,local
2026-08-06 15:44:12,24,50,remote
2026-08-06 15:44:14,24,49,local
2026-08-06 15:44:14,24,50,remote
2026-08-06 15:44:16,24,49,local
2026-08-06 15:44:16,24,50,remote
2026-08-06 15:44:18,24,49,local
2026-08-06 15:44:18,24,50,remote
2026-08-06 15:44:20,24,49,local
2026-08-06 15:44:20,24,50,remote
2026-08-06 15:44:22,24,49,local
2026-08-06 15:44:22,24,50,remote
2026-08-06 15:44:24,24,49,local
2026-08-06 15:44:24,24,50,remote
2026-08-06 15:44:26,24,49,local
2026-08-06 15:44:26,24,50,remote
2026-08-06 15:44:28,24,49,local
2026-08-06 15:44:28,24,50,remote
2026-08-06 15:44:30,24,49,local
2026-08-06 15:44:30,24,50,remote
2026-08-06 15:44:32,24,49,local
2026-08-06 15:44:32,24,50,remote
2026-08-06 15:44:34,24,49,local
2026-08-06 15:44:34,24,50,remote
2026-08-06 15:44:36,24,49,local
2026-08-06 15:44:36,24,50,remote
2026-08-06 15:44:38,24,49,local
2026-08-06 15:44:38,24,50,remote
2026-08-06 15:44:40,24,49,local
2026-08-06 15:44:40,24,50,remote
2026-08-06 15:44:42,24,49,local
2026-08-06 15:44:42,24,50,remote
2026-08-06 15:44:44,24,49,local
2026-08-06 15:44:44,24,50,remote
2026-08-06 15:44:46,24,49,local
2026-08-06 15:44:47,24,50,remote
2026-08-06 15:44:48,24,49,local
2026-08-06 15:44:49,24,50,remote
2026-08-06 15:44:50,24,49,local
2026-08-06 15:44:51,24,50,remote
2026-08-06 15:44:52,24,49,local
2026-08-06 15:44:53,24,50,remote
2026-08-06 15:44:54,24,49,local
2026-08-06 15:44:55,24,50,remote
2026-08-06 15:44:56,24,49,local
2026-08-06 15:44:57,24,50,remote
2026-08-06 15:44:59,24,49,local
2026-08-06 15:44:59,24,50,remote
2026-08-06 15:45:01,24,49,local
2026-08-06 15:45:01,24,50,remote
2026-08-06 15:45:03,24,49,local
2026-08-06 15:45:03,24,50,remote
2026-08-06 15:45:05,24,49,local
2026-08-06 15:45:05,24,50,remote
2026-08-06 15:45:07,24,49,local
2026-08-06 15:45:07,24,50,remote
2026-08-06 15:45:09,24,49,local
2026-08-06 15:45:09,24,50,remote
2026-08-06 15:45:11,24,49,local
2026-08-06 15:45:11,24,50,remote
2026-08-06 15:45:13,24,49,local
2026-08-06 15:45:13,24,50,remote
2026-08-06 15:45:15,24,49,local
2026-08-06 15:45:15,24,50,remote
2026-08-06 15:45:17,24,49,local
2026-08-06 15:45:17,24,50,remote
2026-08-06 15:45:19,24,49,local
2026-08-06 15:45:19,24,50,remote
2026-08-06 15:45:21,24,49,local
2026-08-06 15:45:21,24,50,remote
2026-08-06 15:45:23,24,49,local
2026-08-06 15:45:23,24,50,remote
2026-08-06 15:45:25,24,49,local
2026-08-06 15:45:25,24,50,remote
2026-08-06 15:45:27,24,49,local
2026-08-06 15:45:27,24,50,remote
2026-08-06 15:45:29,24,49,local
2026-08-06 15:45:29,24,50,remote
2026-08-06 15:45:31,24,49,local
2026-08-06 15:45:31,24,50,remote
2026-08-06 15:45:33,24,49,local
2026-08-06 15:45:33,24,50,remote
2026-08-06 15:45:35,24,49,local
2026-08-06 15:45:35,24,50,remote
2026-08-06 15:45:37,24,49,local
2026-08-06 15:45:37,24,50,remote
2026-08-06 15:45:39,24,49,local
2026-08-06 15:45:39,24,50,remote
2026-08-06 15:45:41,24,49,local
2026-08-06 15:45:41,24,50,remote
2026-08-06 15:45:43,24,49,local
2026-08-06 15:45:43,24,50,remote
2026-08-06 15:45:45,24,49,local
2026-08-06 15:45:45,24,50,remote
2026-08-06 15:45:47,24,49,local
2026-08-06 15:45:47,24,50,remote
2026-08-06 15:45:49,24,49,local
2026-08-06 15:45:49,24,50,remote
2026-08-06 15:45:51,24,49,local
2026-08-06 15:45:51,24,50,remote
2026-08-06 15:45:53,24,49,local
2026-08-06 15:45:54,24,50,remote
2026-08-06 15:45:55,24,49,local
2026-08-06 15:45:56,24,50,remote
2026-08-06 15:45:57,24,49,local
2026-08-06 15:45:58,24,50,remote
2026-08-06 15:45:59,24,49,local
2026-08-06 15:46:00,24,50,remote
2026-08-06 15:46:01,24,49,local
2026-08-06 15:46:02,24,50,remote
2026-08-06 15:46:03,24,49,local
2026-08-06 15:46:04,24,50,remote
2026-08-06 15:46:05,24,49,local
2026-08-06 15:46:06,24,50,remote
2026-08-06 15:46:07,24,49,local
2026-08-06 15:46:08,24,50,remote
2026-08-06 15:46:09,24,49,local
2026-08-06 15:46:10,24,50,remote
2026-08-06 15:46:11,24,49,local
2026-08-06 15:46:12,24,50,remote
2026-08-06 15:46:13,24,49,local
2026-08-06 15:46:14,24,50,remote
2026-08-06 15:46:15,24,49,local
2026-08-06 15:46:16,24,50,remote
2026-08-06 15:46:17,24,49,local
2026-08-06 15:46:18,24,50,remote
2026-08-06 15:46:19,24,49,local
2026-08-06 15:46:20,24,50,remote
2026-08-06 15:46:21,24,49,local
2026-08-06 15:46:22,24,50,remote
2026-08-06 15:46:23,24,49,local
2026-08-06 15:46:24,24,50,remote
2026-08-06 15:46:26,24,49,local
2026-08-06 15:46:26,24,50,remote
2026-08-06 15:46:28,24,49,local
2026-08-06 15:46:28,24,50,remote
2026-08-06 15:46:30,24,49,local
2026-08-06 15:46:30,24,50,remote
2026-08-06 15:46:32,24,49,local
2026-08-06 15:46:32,24,50,remote
2026-08-06 15:46:34,24,49,local
2026-08-06 15:46:34,24,50,remote
2026-08-06 15:46:36,24,49,local
2026-08-06 15:46:36,24,50,remote
2026-08-06 15:46:38,24,49,local
2026-08-06 15:46:38,24,50,remote
2026-08-06 15:46:40,24,49,local
2026-08-06 15:46:40,24,50,remote
2026-08-06 15:46:58,24,50,remote
2026-08-06 15:47:00,24,49,local
2026-08-06 15:47:01,24,50,remote
2026-08-06 15:47:02,24,49,local
2026-08-06 15:47:03,24,50,remote
2026-08-06 15:47:04,24,49,local
2026-08-06 15:47:05,24,50,remote
2026-08-06 15:47:06,24,49,local
2026-08-06 15:47:07,24,50,remote
2026-08-06 15:47:08,24,49,local
2026-08-06 15:47:09,24,50,remote
2026-08-06 15:47:10,24,49,local
2026-08-06 15:47:11,24,50,remote
2026-08-06 15:47:12,24,49,local
2026-08-06 15:47:13,24,50,remote
2026-08-06 15:47:14,24,49,local
2026-08-06 15:47:15,24,50,remote
2026-08-06 15:47:16,24,49,local
2026-08-06 15:47:17,24,50,remote
2026-08-06 15:47:18,24,49,local
2026-08-06 15:47:19,24,50,remote
2026-08-06 15:47:20,24,50,local
2026-08-06 15:47:21,24,50,remote
2026-08-06 15:47:22,24,50,local
2026-08-06 15:47:23,24,53,remote
2026-08-06 15:47:24,24,50,local
2026-08-06 15:47:25,24,54,remote
2026-08-06 15:47:26,24,50,local
2026-08-06 15:47:27,24,57,remote
2026-08-06 15:47:28,24,50,local
2026-08-06 15:47:29,24,60,remote
2026-08-06 15:47:30,24,50,local
2026-08-06 15:47:31,24,60,remote
2026-08-06 15:47:32,24,49,local
2026-08-06 15:47:33,25,59,remote
2026-08-06 15:47:34,24,49,local
2026-08-06 15:47:35,25,58,remote
2026-08-06 15:47:36,24,49,local
2026-08-06 15:47:37,25,57,remote
2026-08-06 15:47:38,24,49,local
2026-08-06 15:47:39,25,56,remote
2026-08-06 15:47:40,24,49,local
2026-08-06 15:47:41,25,55,remote
2026-08-06 15:47:42,24,49,local
2026-08-06 15:47:43,25,54,remote
2026-08-06 15:47:44,24,49,local
2026-08-06 15:47:45,25,54,remote
2026-08-06 15:47:46,24,49,local
2026-08-06 15:47:47,25,53,remote
2026-08-06 15:47:48,24,49,local
2026-08-06 15:47:49,25,52,remote
2026-08-06 15:47:50,24,49,local
2026-08-06 15:47:51,25,52,remote
2026-08-06 15:47:53,24,49,local
2026-08-06 15:47:53,25,51,remote
2026-08-06 15:47:55,24,49,local
2026-08-06 15:47:55,25,51,remote
2026-08-06 15:47:57,24,49,local
2026-08-06 15:47:57,26,51,remote
2026-08-06 15:47:59,24,49,local
2026-08-06 15:47:59,26,50,remote
2026-08-06 15:48:01,24,49,local
2026-08-06 15:48:01,26,50,remote
2026-08-06 15:48:03,24,49,local
2026-08-06 15:48:03,26,50,remote
2026-08-06 15:48:05,24,49,local
2026-08-06 15:48:05,26,50,remote
2026-08-06 15:48:07,24,49,local
2026-08-06 15:48:08,26,49,remote
2026-08-06 15:48:09,24,49,local
2026-08-06 15:48:10,26,49,remote
2026-08-06 15:48:11,24,49,local
2026-08-06 15:48:12,26,49,remote
2026-08-06 15:48:13,24,49,local
2026-08-06 15:48:14,26,49,remote
2026-08-06 15:48:15,24,49,local
2026-08-06 15:48:16,26,49,remote
2026-08-06 15:48:17,24,49,local
2026-08-06 15:48:18,26,48,remote
2026-08-06 15:48:19,24,49,local
2026-08-06 15:48:20,26,48,remote
2026-08-06 15:48:21,24,49,local
2026-08-06 15:48:22,26,48,remote
2026-08-06 15:48:23,24,49,local
2026-08-06 15:48:24,26,48,remote
2026-08-06 15:48:25,24,49,local
2026-08-06 15:48:26,26,48,remote
2026-08-06 15:48:27,24,49,local
2026-08-06 15:48:28,25,48,remote
2026-08-06 15:48:29,24,49,local
2026-08-06 15:48:30,26,48,remote
2026-08-06 15:48:31,24,49,local
2026-08-06 15:48:32,25,48,remote
2026-08-06 15:48:33,24,49,local
2026-08-06 15:48:34,25,48,remote
2026-08-06 15:48:35,24,49,local
2026-08-06 15:48:36,25,48,remote
2026-08-06 15:48:37,24,49,local
2026-08-06 15:48:38,25,48,remote
2026-08-06 15:48:39,24,49,local
2026-08-06 15:48:40,25,48,remote
2026-08-06 15:48:41,24,49,local
2026-08-06 15:48:42,25,48,remote
2026-08-06 15:48:43,24,49,local
2026-08-06 15:48:44,25,48,remote
2026-08-06 15:48:45,24,49,local
2026-08-06 15:48:46,25,48,remote
2026-08-06 15:48:47,24,49,local
2026-08-06 15:48:48,25,48,remote
2026-08-06 15:48:49,24,49,local
2026-08-06 15:48:50,25,48,remote
2026-08-06 15:48:51,24,49,local
2026-08-06 15:48:52,25,48,remote
2026-08-06 15:48:53,24,49,local
2026-08-06 15:48:54,25,48,remote
2026-08-06 15:48:55,24,49,local
2026-08-06 15:48:56,25,48,remote
2026-08-06 15:48:57,24,49,local
2026-08-06 15:48:58,25,48,remote
2026-08-06 15:48:59,24,49,local
2026-08-06 15:49:00,25,48,remote
2026-08-06 15:49:01,24,49,local
2026-08-06 15:49:02,25,48,remote
2026-08-06 15:49:03,24,49,local
2026-08-06 15:49:04,25,48,remote
2026-08-06 15:49:05,24,49,local
2026-08-06 15:49:06,25,48,remote
2026-08-06 15:49:07,24,49,local
2026-08-06 15:49:08,25,48,remote
2026-08-06 15:49:09,24,49,local
2026-08-06 15:49:10,25,48,remote
2026-08-06 15:49:11,24,49,local
2026-08-06 15:49:12,25,48,remote
2026-08-06 15:49:13,24,49,local
2026-08-06 15:49:14,25,48,remote
2026-08-06 15:49:15,24,49,local
2026-08-06 15:49:17,25,48,remote
2026-08-06 15:49:17,24,49,local
2026-08-06 15:49:19,25,48,remote
2026-08-06 15:49:20,24,49,local
2026-08-06 15:49:21,25,48,remote
2026-08-06 15:49:22,24,49,local
2026-08-06 15:49:23,25,48,remote
2026-08-06 15:49:24,24,48,local
2026-08-06 15:49:25,25,48,remote
2026-08-06 15:49:26,24,49,local
2026-08-06 15:49:27,25,48,remote
2026-08-06 15:49:28,24,48,local
2026-08-06 15:49:29,25,48,remote
2026-08-06 15:49:30,24,49,local
2026-08-06 15:49:31,25,48,remote
2026-08-06 15:49:32,24,49,local
2026-08-06 15:49:33,25,48,remote
2026-08-06 15:49:34,24,49,local
2026-08-06 15:49:35,25,48,remote
2026-08-06 15:49:36,24,49,local
2026-08-06 15:49:37,25,48,remote
2026-08-06 15:49:38,24,49,local
2026-08-06 15:49:39,25,48,remote
2026-08-06 15:49:40,24,49,local
2026-08-06 15:49:41,25,48,remote
2026-08-06 15:49:42,24,49,local
2026-08-06 15:49:43,25,48,remote
2026-08-06 15:49:44,24,49,local
2026-08-06 15:49:45,25,48,remote
2026-08-06 15:49:46,24,49,local
2026-08-06 15:49:47,25,48,remote
2026-08-06 15:49:48,24,49,local
2026-08-06 15:49:49,25,48,remote
2026-08-06 15:49:50,24,49,local
2026-08-06 15:49:51,25,48,remote
2026-08-06 15:49:52,24,49,local
2026-08-06 15:49:53,25,48,remote
2026-08-06 15:49:54,24,49,local
2026-08-06 15:49:55,25,48,remote
2026-08-06 15:49:56,24,49,local
2026-08-06 15:49:57,25,48,remote
2026-08-06 15:49:58,24,49,local
2026-08-06 15:49:59,25,48,remote
2026-08-06 15:50:00,24,49,local
2026-08-06 15:50:01,25,48,remote
2026-08-06 15:50:02,24,49,local
2026-08-06 15:50:03,25,48,remote
2026-08-06 15:50:04,24,49,local
2026-08-06 15:50:05,25,48,remote
2026-08-06 15:50:06,24,49,local
2026-08-06 15:50:07,25,48,remote
2026-08-06 15:50:08,24,49,local
2026-08-06 15:50:09,25,48,remote
2026-08-06 15:50:10,24,49,local
2026-08-06 15:50:11,25,48,remote
2026-08-06 15:50:12,24,49,local
2026-08-06 15:50:13,25,48,remote
2026-08-06 15:50:14,24,49,local
2026-08-06 15:50:15,25,48,remote
2026-08-06 15:50:16,24,49,local
2026-08-06 15:50:17,25,48,remote
2026-08-06 15:50:18,24,49,local
2026-08-06 15:50:19,25,48,remote
2026-08-06 15:50:20,24,49,local
2026-08-06 15:50:21,25,48,remote
2026-08-06 15:50:22,24,49,local
2026-08-06 15:50:24,25,48,remote
2026-08-06 15:50:24,24,49,local
2026-08-06 15:50:26,25,48,remote
2026-08-06 15:50:26,24,49,local
2026-08-06 15:50:28,25,48,remote
2026-08-06 15:50:28,24,49,local
2026-08-06 15:50:30,25,48,remote
2026-08-06 15:50:30,24,49,local
2026-08-06 15:50:32,25,48,remote
2026-08-06 15:50:32,24,49,local
2026-08-06 15:50:34,25,49,remote
2026-08-06 15:50:34,24,49,local
2026-08-06 15:50:36,25,49,remote
2026-08-06 15:50:36,24,49,local
2026-08-06 15:50:38,25,49,remote
2026-08-06 15:50:38,24,49,local
2026-08-06 15:50:40,25,49,remote
2026-08-06 15:50:40,24,49,local
2026-08-06 15:50:42,25,49,remote
2026-08-06 15:50:42,24,49,local
2026-08-06 15:50:44,25,49,remote
2026-08-06 15:50:44,24,49,local
2026-08-06 15:50:46,24,49,remote
2026-08-06 15:50:47,24,49,local
2026-08-06 15:50:48,24,49,remote
2026-08-06 15:50:49,24,49,local
2026-08-06 15:50:50,25,49,remote
2026-08-06 15:50:51,24,49,local
2026-08-06 15:50:52,25,49,remote
2026-08-06 15:50:53,24,49,local
2026-08-06 15:50:54,24,49,remote
2026-08-06 15:50:55,24,49,local
2026-08-06 15:50:56,24,49,remote
2026-08-06 15:50:57,24,49,local
2026-08-06 15:50:58,24,49,remote
2026-08-06 15:50:59,24,49,local
2026-08-06 15:51:00,24,49,remote
2026-08-06 15:51:01,24,49,local
2026-08-06 15:51:02,24,49,remote
2026-08-06 15:51:03,24,49,local
2026-08-06 15:51:04,24,49,remote
2026-08-06 15:51:05,24,49,local
2026-08-06 15:51:06,24,49,remote
2026-08-06 15:51:07,24,49,local
2026-08-06 15:51:08,24,49,remote
2026-08-06 15:51:09,24,49,local
2026-08-06 15:51:10,24,49,remote
2026-08-06 15:51:11,24,49,local
2026-08-06 15:51:12,24,49,remote
2026-08-06 15:51:13,24,49,local
2026-08-06 15:51:14,24,49,remote
2026-08-06 15:51:15,24,49,local
2026-08-06 15:51:16,24,49,remote
2026-08-06 15:51:17,24,49,local
2026-08-06 15:51:18,24,49,remote
2026-08-06 15:51:19,24,49,local
2026-08-06 15:51:20,24,49,remote
2026-08-06 15:51:21,24,49,local
2026-08-06 15:51:22,24,49,remote
2026-08-06 15:51:23,24,49,local
2026-08-06 15:51:24,24,49,remote
2026-08-06 15:51:25,24,49,local
2026-08-06 15:51:26,24,49,remote
2026-08-06 15:51:27,24,49,local
2026-08-06 15:51:28,24,49,remote
2026-08-06 15:51:29,24,49,local
2026-08-06 15:51:31,24,49,remote
2026-08-06 15:51:31,24,49,local
2026-08-06 15:51:33,24,49,remote
2026-08-06 15:51:33,24,49,local
2026-08-06 15:51:35,24,49,remote
2026-08-06 15:51:35,24,49,local
2026-08-06 15:51:37,24,49,remote
2026-08-06 15:51:37,24,49,local
2026-08-06 15:51:39,24,49,remote
2026-08-06 15:51:39,24,49,local
2026-08-06 15:51:41,24,49,remote
2026-08-06 15:51:41,24,49,local
2026-08-06 15:51:43,24,49,remote
2026-08-06 15:51:43,24,49,local
2026-08-06 15:51:45,24,49,remote
2026-08-06 15:51:45,24,49,local
2026-08-06 15:51:47,24,49,remote
2026-08-06 15:51:47,24,49,local
2026-08-06 15:51:49,24,49,remote
2026-08-06 15:51:49,24,49,local
2026-08-06 15:51:51,24,49,remote
2026-08-06 15:51:51,24,49,local
2026-08-06 15:51:53,24,49,remote
2026-08-06 15:51:53,24,49,local
2026-08-06 15:51:55,24,49,remote
2026-08-06 15:51:55,24,49,local
2026-08-06 15:51:57,24,49,remote
2026-08-06 15:51:57,24,49,local
2026-08-06 15:51:59,24,49,remote
2026-08-06 15:51:59,24,49,local
2026-08-06 15:52:01,24,49,remote
2026-08-06 15:52:01,24,49,local
2026-08-06 15:52:03,24,49,remote
2026-08-06 15:52:03,24,49,local
2026-08-06 15:52:05,24,49,remote
2026-08-06 15:52:05,24,49,local
2026-08-06 15:52:07,24,49,remote
2026-08-06 15:52:07,24,49,local
2026-08-06 15:52:09,24,49,remote
2026-08-06 15:52:09,24,49,local
2026-08-06 15:52:11,24,49,remote
2026-08-06 15:52:11,24,49,local
2026-08-06 15:52:13,24,49,remote
2026-08-06 15:52:14,24,49,local
2026-08-06 15:52:15,24,49,remote
2026-08-06 15:52:16,24,49,local
2026-08-06 15:52:17,24,49,remote
2026-08-06 15:52:18,24,49,local
2026-08-06 15:52:19,24,49,remote
2026-08-06 15:52:20,24,49,local
2026-08-06 15:52:21,24,49,remote
2026-08-06 15:52:22,24,49,local
2026-08-06 15:52:23,24,49,remote
2026-08-06 15:52:24,24,49,local
2026-08-06 15:52:25,24,49,remote
2026-08-06 15:52:26,24,49,local
2026-08-06 15:52:27,24,49,remote
2026-08-06 15:52:28,24,49,local
2026-08-06 15:52:29,24,50,remote
2026-08-06 15:52:30,24,49,local
2026-08-06 15:52:31,24,50,remote
2026-08-06 15:52:32,24,49,local
2026-08-06 15:52:33,24,50,remote
2026-08-06 15:52:34,24,49,local
2026-08-06 15:52:35,24,50,remote
2026-08-06 15:52:36,24,49,local
2026-08-06 15:52:38,24,50,remote
2026-08-06 15:52:38,24,49,local
2026-08-06 15:52:40,24,50,remote
2026-08-06 15:52:40,24,49,local
2026-08-06 15:52:42,24,50,remote
2026-08-06 15:52:42,24,49,local
2026-08-06 15:52:44,24,50,remote
2026-08-06 15:52:44,24,49,local
2026-08-06 15:52:46,24,50,remote
2026-08-06 15:52:46,24,49,local
2026-08-06 15:52:48,24,50,remote
2026-08-06 15:52:48,24,49,local
2026-08-06 15:52:50,24,50,remote
2026-08-06 15:52:50,24,49,local
2026-08-06 15:52:52,24,50,remote
2026-08-06 15:52:52,24,49,local
2026-08-06 15:52:54,24,50,remote
2026-08-06 15:52:54,24,49,local
2026-08-06 15:52:56,24,50,remote
2026-08-06 15:52:56,24,49,local
2026-08-06 15:52:58,24,50,remote
2026-08-06 15:52:58,24,49,local
2026-08-06 15:53:00,24,50,remote
2026-08-06 15:53:00,24,49,local
2026-08-06 15:53:02,24,50,remote
2026-08-06 15:53:02,24,49,local
2026-08-06 15:53:04,24,50,remote
2026-08-06 15:53:04,24,49,local
2026-08-06 15:53:06,24,50,remote
2026-08-06 15:53:06,24,49,local
2026-08-06 15:53:08,24,50,remote
2026-08-06 15:53:08,24,49,local
2026-08-06 15:53:10,24,50,remote
2026-08-06 15:53:10,24,49,local
2026-08-06 15:53:12,24,50,remote
2026-08-06 15:53:12,24,49,local
2026-08-06 15:53:14,24,50,remote
2026-08-06 15:53:14,24,49,local
2026-08-06 15:53:16,24,50,remote
2026-08-06 15:53:16,24,49,local
2026-08-06 15:53:18,24,49,remote
2026-08-06 15:53:18,24,49,local
2026-08-06 15:53:20,24,49,remote
2026-08-06 15:53:20,24,49,local
2026-08-06 15:53:22,24,49,remote
2026-08-06 15:53:22,24,49,local
2026-08-06 15:53:24,24,49,remote
2026-08-06 15:53:24,24,49,local
2026-08-06 15:53:26,24,49,remote
2026-08-06 15:53:26,24,49,local
2026-08-06 15:53:28,24,49,remote
2026-08-06 15:53:28,24,49,local
2026-08-06 15:53:30,24,49,remote
2026-08-06 15:53:30,24,49,local
2026-08-06 15:53:32,24,49,remote
2026-08-06 15:53:32,24,49,local
2026-08-06 15:53:34,24,49,remote
2026-08-06 15:53:34,24,49,local
2026-08-06 15:53:36,24,49,remote
2026-08-06 15:53:36,24,49,local
2026-08-06 15:53:38,24,49,remote
2026-08-06 15:53:38,24,49,local
2026-08-06 15:53:40,24,49,remote
2026-08-06 15:53:41,24,49,local
2026-08-06 15:53:42,24,49,remote
2026-08-06 15:53:43,24,49,local
2026-08-06 15:53:45,24,49,remote
2026-08-06 15:53:45,24,49,local
2026-08-06 15:53:47,24,49,remote
2026-08-06 15:53:47,24,49,local
2026-08-06 15:53:49,24,49,remote
2026-08-06 15:53:49,24,49,local
2026-08-06 15:53:51,24,49,remote
2026-08-06 15:53:51,24,49,local
2026-08-06 15:53:53,24,49,remote
2026-08-06 15:53:53,24,49,local
2026-08-06 15:53:55,24,49,local
2026-08-06 15:53:55,24,49,remote
2026-08-06 15:53:57,24,49,local
2026-08-06 15:53:57,24,49,remote
2026-08-06 15:53:59,24,49,local
2026-08-06 15:53:59,24,49,remote
2026-08-06 15:54:01,24,49,local
2026-08-06 15:54:01,24,49,remote
2026-08-06 15:54:03,24,49,local
2026-08-06 15:54:03,24,49,remote
2026-08-06 15:54:05,24,49,local
2026-08-06 15:54:05,24,49,remote
2026-08-06 15:54:07,24,49,local
2026-08-06 15:54:07,24,49,remote
2026-08-06 15:54:09,24,49,local
2026-08-06 15:54:09,24,49,remote
2026-08-06 15:54:11,24,49,local
2026-08-06 15:54:11,24,49,remote
2026-08-06 15:54:13,24,49,local
2026-08-06 15:54:13,24,49,remote
2026-08-06 15:54:15,24,49,local
2026-08-06 15:54:15,24,49,remote
2026-08-06 15:54:17,24,49,local
2026-08-06 15:54:17,24,49,remote
2026-08-06 15:54:19,24,49,local
2026-08-06 15:54:19,24,49,remote
2026-08-06 15:54:21,24,49,local
2026-08-06 15:54:21,24,50,remote
2026-08-06 15:54:23,24,49,local
2026-08-06 15:54:23,24,49,remote
2026-08-06 15:54:25,24,49,local
2026-08-06 15:54:25,24,50,remote
2026-08-06 15:54:27,24,49,local
2026-08-06 15:54:27,24,50,remote
2026-08-06 15:54:29,24,49,local
2026-08-06 15:54:29,24,50,remote
2026-08-06 15:54:31,24,49,local
2026-08-06 15:54:31,24,50,remote
2026-08-06 15:54:33,24,49,local
2026-08-06 15:54:33,24,50,remote
2026-08-06 15:54:35,24,49,local
2026-08-06 15:54:35,24,50,remote
2026-08-06 15:54:37,24,49,local
2026-08-06 15:54:37,24,50,remote
2026-08-06 15:54:39,24,49,local
2026-08-06 15:54:39,24,50,remote
2026-08-06 15:54:41,24,49,local
2026-08-06 15:54:41,24,50,remote
2026-08-06 15:54:43,24,49,local
2026-08-06 15:54:43,24,50,remote
2026-08-06 15:54:45,24,49,local
2026-08-06 15:54:45,24,50,remote
2026-08-06 15:54:47,24,49,local
2026-08-06 15:54:47,24,50,remote
2026-08-06 15:54:49,24,49,local
2026-08-06 15:54:49,24,50,remote
2026-08-06 15:54:51,24,49,local
2026-08-06 15:54:52,24,50,remote
2026-08-06 15:54:53,24,49,local
2026-08-06 15:54:54,24,50,remote
2026-08-06 15:54:55,24,49,local
2026-08-06 15:54:56,24,50,remote
2026-08-06 15:54:57,24,49,local
2026-08-06 15:54:58,24,50,remote
2026-08-06 15:54:59,24,49,local
2026-08-06 15:55:00,24,50,remote
2026-08-06 15:55:01,24,49,local
2026-08-06 15:55:02,24,50,remote
2026-08-06 15:55:03,24,49,local
2026-08-06 15:55:04,24,50,remote
2026-08-06 15:55:05,24,49,local
2026-08-06 15:55:06,24,50,remote
2026-08-06 15:55:08,24,49,local
2026-08-06 15:55:08,24,50,remote
2026-08-06 15:55:10,24,49,local
2026-08-06 15:55:10,24,50,remote
2026-08-06 15:55:12,24,49,local
2026-08-06 15:55:12,24,50,remote
2026-08-06 15:55:14,24,49,local
2026-08-06 15:55:14,24,50,remote
2026-08-06 15:55:16,24,49,local
2026-08-06 15:55:16,24,50,remote
2026-08-06 15:55:18,24,49,local
2026-08-06 15:55:18,24,50,remote
2026-08-06 15:55:20,24,49,local
2026-08-06 15:55:20,24,50,remote
2026-08-06 15:55:22,24,49,local
2026-08-06 15:55:22,24,50,remote
2026-08-06 15:55:24,24,49,local
2026-08-06 15:55:24,24,50,remote
2026-08-06 15:55:26,24,49,local
2026-08-06 15:55:26,24,50,remote
2026-08-06 15:55:28,24,49,local
2026-08-06 15:55:28,24,50,remote
2026-08-06 15:55:30,24,49,local
2026-08-06 15:55:30,24,50,remote
2026-08-06 15:55:32,24,49,local
2026-08-06 15:55:32,24,50,remote
2026-08-06 15:55:34,24,49,local
2026-08-06 15:55:34,24,50,remote
2026-08-06 15:55:36,24,49,local
2026-08-06 15:55:36,24,50,remote
2026-08-06 15:55:38,24,49,local
2026-08-06 15:55:38,24,50,remote
2026-08-06 15:55:40,24,49,local
2026-08-06 15:55:40,24,50,remote
2026-08-06 15:55:42,24,49,local
2026-08-06 15:55:42,24,50,remote
2026-08-06 15:55:44,24,49,local
2026-08-06 15:55:44,24,50,remote
2026-08-06 15:55:46,24,49,local
2026-08-06 15:55:46,24,50,remote
2026-08-06 15:55:48,24,49,local
2026-08-06 15:55:48,24,50,remote
2026-08-06 15:55:50,24,49,local
2026-08-06 15:55:50,24,50,remote
2026-08-06 15:55:52,24,49,local
2026-08-06 15:55:52,24,50,remote
2026-08-06 15:55:54,24,49,local
2026-08-06 15:55:54,24,50,remote
2026-08-06 15:55:56,24,49,local
2026-08-06 15:55:56,24,50,remote
2026-08-06 15:55:58,24,49,local
2026-08-06 15:55:58,24,50,remote
2026-08-06 15:56:00,24,49,local
2026-08-06 15:56:01,24,50,remote
2026-08-06 15:56:02,24,49,local
2026-08-06 15:56:03,24,50,remote
2026-08-06 15:56:04,24,49,local
2026-08-06 15:56:05,24,50,remote
2026-08-06 15:56:06,24,49,local
2026-08-06 15:56:07,24,49,remote
2026-08-06 15:56:08,24,49,local
2026-08-06 15:56:09,24,49,remote
2026-08-06 16:02:27,24,52,remote
2026-08-06 16:02:28,24,49,local
2026-08-06 16:02:29,24,52,remote
2026-08-06 16:02:30,24,49,local
2026-08-06 16:02:31,24,52,remote
2026-08-06 16:02:32,24,49,local
2026-08-06 16:02:33,24,51,remote
2026-08-06 16:02:34,24,49,local
2026-08-06 16:02:35,24,51,remote
2026-08-06 16:02:36,24,49,local
2026-08-06 16:02:37,24,51,remote
2026-08-06 16:02:38,24,49,local
2026-08-06 16:02:39,24,51,remote
2026-08-06 16:02:40,24,49,local
2026-08-06 16:02:41,24,51,remote
2026-08-06 16:02:42,24,49,local
2026-08-06 16:02:43,24,51,remote
2026-08-06 16:02:44,24,49,local
2026-08-06 16:02:46,24,51,remote
2026-08-06 16:02:46,24,49,local
2026-08-06 16:02:48,24,49,remote
2026-08-06 16:02:48,24,49,local
2026-08-06 16:02:50,24,50,remote
2026-08-06 16:02:50,24,49,local
2026-08-06 16:02:52,24,51,remote
2026-08-06 16:02:52,24,49,local
2026-08-06 16:02:54,24,51,remote
2026-08-06 16:02:54,24,49,local
2026-08-06 16:02:56,24,51,remote
2026-08-06 16:02:56,24,49,local
2026-08-06 16:02:58,24,51,remote
2026-08-06 16:02:58,24,49,local
2026-08-06 16:03:00,24,50,remote
2026-08-06 16:03:00,24,49,local
2026-08-06 16:03:02,24,50,remote
2026-08-06 16:03:02,24,49,local
2026-08-06 16:03:04,24,50,remote
2026-08-06 16:03:04,24,49,local
2026-08-06 16:03:06,24,50,remote
2026-08-06 16:03:06,24,49,local
2026-08-06 16:03:08,24,50,remote
2026-08-06 16:03:08,24,49,local
2026-08-06 16:03:10,24,50,remote
2026-08-06 16:03:10,24,49,local
2026-08-06 16:03:12,24,50,remote
2026-08-06 16:03:12,24,49,local
2026-08-06 16:03:14,24,50,remote
2026-08-06 16:03:14,24,49,local
2026-08-06 16:03:16,24,50,remote
2026-08-06 16:03:16,24,49,local
2026-08-06 16:03:18,24,50,remote
2026-08-06 16:03:18,24,49,local
2026-08-06 16:03:20,24,50,remote
2026-08-06 16:03:21,24,49,local
2026-08-06 16:03:22,24,50,remote
2026-08-06 16:03:23,24,49,local
2026-08-06 16:03:24,25,50,remote
2026-08-06 16:03:25,24,49,local
2026-08-06 16:03:26,24,50,remote
2026-08-06 16:03:27,24,49,local
2026-08-06 16:03:28,25,50,remote
2026-08-06 16:03:29,24,49,local
2026-08-06 16:03:30,24,50,remote
2026-08-06 16:03:31,24,49,local
2026-08-06 16:03:32,24,50,remote
2026-08-06 16:03:33,24,49,local
2026-08-06 16:03:34,24,50,remote
2026-08-06 16:03:35,24,49,local
2026-08-06 16:03:36,25,50,remote
2026-08-06 16:03:37,24,49,local
2026-08-06 16:03:38,24,50,remote
2026-08-06 16:03:39,24,49,local
2026-08-06 16:03:40,25,50,remote
2026-08-06 16:03:41,24,49,local
2026-08-06 16:03:42,25,50,remote
2026-08-06 16:03:43,24,49,local
2026-08-06 16:03:44,24,50,remote
2026-08-06 16:03:45,24,49,local
2026-08-06 16:03:46,25,50,remote
2026-08-06 16:03:47,24,49,local
2026-08-09 16:02:28,26,68,local
2026-08-09 16:02:30,26,68,local
2026-08-09 16:02:32,26,68,local
2026-08-09 16:02:34,26,68,local
2026-08-09 16:02:36,26,67,local
2026-08-09 16:02:38,26,68,local
2026-08-09 16:02:40,26,68,local
2026-08-09 16:02:42,26,68,local
2026-08-09 16:02:44,26,68,local
2026-08-09 16:02:47,26,67,local
2026-08-09 16:02:49,26,67,local
2026-08-09 16:02:51,26,67,local
2026-08-09 16:02:53,26,67,local
2026-08-09 16:02:55,26,67,local
2026-08-09 16:02:57,26,68,local
2026-08-09 16:02:59,26,68,local
2026-08-09 16:03:01,26,68,local
2026-08-09 16:03:03,26,68,local
2026-08-09 16:03:05,26,68,local
2026-08-09 16:03:07,26,67,local
2026-08-09 16:03:09,26,67,local
2026-08-09 16:03:11,26,67,local
2026-08-09 16:03:13,26,67,local
2026-08-09 16:03:15,26,66,local
2026-08-09 16:03:17,26,66,local
2026-08-09 16:03:19,26,66,local
2026-08-09 16:03:21,26,66,local
2026-08-09 16:03:23,26,66,local
2026-08-09 16:03:25,26,66,local
2026-08-09 16:03:27,26,66,local
2026-08-09 16:03:29,26,66,local
2026-08-09 16:03:31,27,66,local
2026-08-09 16:03:33,27,66,local
2026-08-09 16:03:35,27,66,local
2026-08-09 16:03:37,27,66,local
2026-08-09 16:03:39,27,66,local
2026-08-09 16:03:41,27,65,local
2026-08-09 16:03:43,27,65,local
2026-08-09 16:03:45,27,65,local
2026-08-09 16:03:47,27,65,local
2026-08-09 16:03:49,27,65,local
2026-08-09 16:03:51,27,65,local
2026-08-09 16:03:53,27,65,local
2026-08-09 16:03:55,27,65,local
2026-08-09 16:03:57,27,65,local
2026-08-09 16:03:59,27,65,local
2026-08-09 16:04:01,27,65,local
2026-08-09 16:04:03,27,65,local
2026-08-09 16:04:05,27,65,local
2026-08-09 16:04:07,27,65,local
2026-08-09 16:04:09,27,65,local
2026-08-09 16:04:11,27,65,local
2026-08-09 16:04:14,27,65,local
2026-08-09 16:04:16,27,65,local
2026-08-09 16:04:18,27,65,local
2026-08-09 16:04:20,27,65,local
2026-08-09 16:04:22,27,65,local
2026-08-09 16:04:24,27,66,local
2026-08-09 16:04:26,27,66,local
2026-08-09 16:04:28,27,65,local
2026-08-09 16:04:30,27,65,local
2026-08-09 16:04:32,27,65,local
2026-08-09 16:04:34,27,65,local
2026-08-09 16:04:36,27,65,local
2026-08-09 16:04:38,27,65,local
2026-08-09 16:04:40,27,65,local
2026-08-09 16:04:42,27,65,local
2026-08-09 16:04:44,27,65,local
2026-08-09 16:04:46,27,64,local
2026-08-09 16:04:48,27,64,local
2026-08-09 16:04:50,27,64,local
2026-08-09 16:04:52,27,64,local
2026-08-09 16:04:54,27,64,local
2026-08-09 16:04:56,27,64,local
2026-08-09 16:04:58,27,64,local
2026-08-09 16:05:00,27,64,local
2026-08-09 16:05:02,27,65,local
2026-08-09 16:05:04,27,65,local
2026-08-09 16:05:06,27,65,local
2026-08-09 16:05:08,27,65,local
2026-08-09 16:05:10,27,66,local
2026-08-09 16:05:12,27,66,local
2026-08-09 16:05:14,27,65,local
2026-08-09 16:05:16,27,66,local
2026-08-09 16:05:18,27,66,local
2026-08-09 16:05:20,27,65,local
2026-08-09 16:05:22,27,65,local
2026-08-09 16:05:24,27,65,local
2026-08-09 16:05:26,27,65,local
2026-08-09 16:05:28,27,65,local
2026-08-09 16:05:30,27,65,local
2026-08-09 16:05:32,27,64,local
2026-08-09 16:05:34,27,64,local
2026-08-09 16:05:36,27,64,local
2026-08-09 16:05:38,27,64,local
2026-08-09 16:05:41,27,64,local
2026-08-09 16:05:43,27,64,local
2026-08-09 16:05:45,27,64,local
2026-08-09 16:05:47,27,64,local
2026-08-09 16:05:49,27,64,local
2026-08-09 16:05:51,27,64,local
2026-08-09 16:05:53,27,63,local
2026-08-09 16:05:55,27,64,local
2026-08-09 16:05:57,27,64,local
2026-08-09 16:05:59,27,64,local
2026-08-09 16:06:01,27,64,local
2026-08-09 16:06:03,27,63,local
2026-08-09 16:06:05,27,64,local
2026-08-09 16:06:07,27,64,local
2026-08-09 16:06:09,27,63,local
2026-08-09 16:06:11,27,63,local
2026-08-09 16:06:13,27,63,local
2026-08-09 16:06:15,27,63,local
2026-08-09 16:06:17,27,63,local
2026-08-09 16:06:19,27,63,local
2026-08-09 16:06:21,27,63,local
2026-08-09 16:06:23,27,63,local
2026-08-09 16:06:25,27,63,local
2026-08-09 16:06:27,27,63,local
2026-08-09 16:06:29,27,63,local
2026-08-09 16:06:31,27,63,local
2026-08-09 16:06:33,27,63,local
2026-08-09 16:06:35,27,64,local
2026-08-09 16:06:37,27,64,local
2026-08-09 16:06:39,27,65,local
2026-08-09 16:06:41,27,65,local
2026-08-09 16:06:43,27,65,local
2026-08-09 16:06:45,27,65,local
2026-08-09 16:06:47,27,65,local
2026-08-09 16:06:49,27,65,local
2026-08-09 16:06:51,27,65,local
2026-08-09 16:06:53,27,65,local
2026-08-09 16:06:55,27,65,local
2026-08-09 16:06:57,27,65,local
2026-08-09 16:06:59,27,65,local
2026-08-09 16:07:01,27,65,local
2026-08-09 16:07:03,27,65,local
2026-08-09 16:07:06,27,65,local
2026-08-09 16:07:08,27,65,local
2026-08-09 16:07:10,27,65,local
2026-08-09 16:07:12,27,65,local
2026-08-09 16:07:14,27,65,local
2026-08-09 16:07:16,27,65,local
2026-08-09 16:07:18,27,65,local
2026-08-09 16:07:20,27,64,local
2026-08-09 16:07:22,27,64,local
2026-08-09 16:07:24,27,64,local
2026-08-09 16:07:26,27,64,local
2026-08-09 16:07:28,27,64,local
2026-08-09 16:07:30,27,64,local
2026-08-09 16:07:32,27,64,local
2026-08-09 16:07:34,27,64,local
2026-08-09 16:07:36,27,64,local
2026-08-09 16:07:38,27,64,local
2026-08-09 16:07:40,27,64,local
2026-08-09 16:07:42,27,64,local
2026-08-09 16:07:44,27,64,local
2026-08-09 16:07:46,27,64,local
2026-08-09 16:07:48,27,64,local
2026-08-09 16:07:50,27,64,local
2026-08-09 16:07:52,27,64,local
2026-08-09 16:07:54,27,64,local
2026-08-09 16:07:56,27,64,local
2026-08-09 16:07:58,27,64,local
2026-08-09 16:08:00,27,64,local
2026-08-09 16:08:02,27,64,local
2026-08-09 16:08:04,27,64,local
2026-08-09 16:08:06,27,64,local
2026-08-09 16:08:08,27,65,local
2026-08-09 16:08:10,27,65,local
2026-08-09 16:08:12,27,65,local
2026-08-09 16:08:14,27,65,local
2026-08-09 16:08:16,27,65,local
2026-08-09 16:08:18,27,65,local
2026-08-09 16:08:20,27,65,local
2026-08-09 16:08:22,27,65,local
2026-08-09 16:08:24,27,65,local
2026-08-09 16:08:26,27,65,local
2026-08-09 16:08:28,27,65,local
2026-08-09 16:08:30,27,65,local
2026-08-09 16:08:33,27,65,local
2026-08-09 16:08:35,27,64,local
2026-08-09 16:08:37,27,64,local
2026-08-09 16:08:39,27,64,local
2026-08-09 16:08:41,27,64,local
2026-08-09 16:08:43,27,64,local
2026-08-09 16:08:45,27,64,local
2026-08-09 16:08:47,27,64,local
2026-08-09 16:08:49,27,64,local
2026-08-09 16:08:51,27,64,local
2026-08-09 16:08:53,27,64,local
2026-08-09 16:08:55,27,64,local
2026-08-09 16:08:57,27,64,local
2026-08-09 16:08:59,27,64,local
2026-08-09 16:09:01,27,64,local
2026-08-09 16:09:03,27,64,local
2026-08-09 16:09:05,27,64,local
2026-08-09 16:09:07,27,65,local
2026-08-09 16:09:09,27,65,local
2026-08-09 16:09:11,27,65,local
2026-08-09 16:09:13,27,65,local
2026-08-09 16:09:15,27,65,local
2026-08-09 16:09:17,27,65,local
2026-08-09 16:09:19,27,65,local
2026-08-09 16:09:21,27,65,local
2026-08-09 16:09:23,27,65,local
2026-08-09 16:09:25,27,65,local
2026-08-09 16:09:27,27,65,local
2026-08-09 16:09:29,27,65,local
2026-08-09 16:09:31,27,65,local
2026-08-09 16:09:33,27,65,local
2026-08-09 16:09:35,27,65,local
2026-08-09 16:09:37,27,65,local
2026-08-09 16:09:39,27,65,local
2026-08-09 16:09:41,27,65,local
2026-08-09 16:09:43,27,65,local
2026-08-09 16:09:45,27,64,local
2026-08-09 16:09:47,27,64,local
2026-08-09 16:09:49,27,64,local
2026-08-09 16:09:51,27,64,local
2026-08-09 16:09:53,27,64,local
2026-08-09 16:09:55,27,64,local
2026-08-09 16:09:57,27,63,local
2026-08-09 16:10:00,27,63,local
2026-08-09 16:10:02,27,63,local
2026-08-09 16:10:04,27,63,local
2026-08-09 16:10:06,27,63,local
2026-08-09 16:10:08,27,63,local
2026-08-09 16:10:10,27,64,local
2026-08-09 16:10:12,27,63,local
2026-08-09 16:10:14,27,63,local
2026-08-09 16:10:16,27,63,local
2026-08-09 16:10:18,27,63,local
2026-08-09 16:10:20,27,63,local
2026-08-09 16:10:22,27,63,local
2026-08-09 16:10:24,27,63,local
2026-08-09 16:10:26,27,63,local
2026-08-09 16:10:28,27,63,local
2026-08-09 16:10:30,27,63,local
2026-08-09 16:10:32,27,63,local
2026-08-09 16:10:34,27,63,local
2026-08-09 16:10:36,27,63,local
2026-08-09 16:10:38,27,63,local
2026-08-09 16:10:40,27,63,local
2026-08-09 16:10:42,27,63,local
2026-08-09 16:10:44,27,63,local
2026-08-09 16:10:46,27,63,local
2026-08-09 16:10:48,27,63,local
2026-08-09 16:10:50,27,64,local
2026-08-09 16:10:52,27,64,local
2026-08-09 16:10:54,27,64,local
2026-08-09 16:10:56,27,63,local
2026-08-09 16:10:58,27,63,local
2026-08-09 16:11:00,27,63,local
2026-08-09 16:11:02,27,63,local
2026-08-09 16:11:04,27,63,local
2026-08-09 16:11:06,27,63,local
2026-08-09 16:11:08,27,63,local
2026-08-09 16:11:10,27,63,local
2026-08-09 16:11:12,27,63,local
2026-08-09 16:11:14,27,63,local
2026-08-09 16:11:16,27,64,local
2026-08-09 16:11:18,27,64,local
2026-08-09 16:11:20,27,64,local
2026-08-09 16:11:22,27,64,local
2026-08-09 16:11:24,27,64,local
2026-08-09 16:11:27,27,64,local
2026-08-09 16:11:29,27,64,local
2026-08-09 16:11:31,27,64,local
2026-08-09 16:11:33,27,65,local
2026-08-09 16:11:35,27,65,local
2026-08-09 16:11:37,27,65,local
2026-08-09 16:11:39,27,65,local
2026-08-09 16:11:41,27,64,local
2026-08-09 16:11:43,27,64,local
2026-08-09 16:11:45,27,64,local
2026-08-09 16:11:47,27,64,local
2026-08-09 16:11:49,27,64,local
2026-08-09 16:11:51,27,64,local
2026-08-09 16:11:53,27,64,local
2026-08-09 16:11:55,27,64,local
2026-08-09 16:11:57,27,64,local
2026-08-09 16:11:59,27,64,local
2026-08-09 16:12:01,27,64,local
2026-08-09 16:12:03,27,64,local
2026-08-09 16:12:05,27,64,local
2026-08-09 16:12:07,27,64,local
2026-08-09 16:12:09,27,64,local
2026-08-09 16:12:11,27,64,local
2026-08-09 16:12:13,27,64,local
2026-08-09 16:12:15,27,64,local
2026-08-09 16:12:17,27,64,local
2026-08-09 16:12:19,27,63,local
2026-08-09 16:12:21,27,63,local
2026-08-09 16:12:23,27,63,local
2026-08-09 16:12:25,27,63,local
2026-08-09 16:12:27,27,63,local
2026-08-09 16:12:29,27,63,local
2026-08-09 16:12:31,27,63,local
2026-08-09 16:12:33,27,63,local
2026-08-09 16:12:35,27,63,local
2026-08-09 16:12:37,27,63,local
2026-08-09 16:12:39,27,63,local
2026-08-09 16:12:41,27,63,local
2026-08-09 16:12:43,27,63,local
2026-08-09 16:12:45,27,63,local
2026-08-09 16:12:47,27,63,local
2026-08-09 16:12:49,27,63,local
2026-08-09 16:12:52,27,63,local
2026-08-09 16:12:54,27,63,local
2026-08-09 16:12:56,27,63,local
2026-08-09 16:12:58,27,63,local
2026-08-09 16:13:00,27,63,local
2026-08-09 16:13:02,27,63,local
2026-08-09 16:13:04,27,63,local
2026-08-09 16:13:06,27,63,local
2026-08-09 16:13:08,27,63,local
2026-08-09 16:13:10,27,63,local
2026-08-09 16:13:12,27,63,local
2026-08-09 16:13:14,27,63,local
2026-08-09 16:13:16,27,63,local
2026-08-09 16:13:18,27,63,local
2026-08-09 16:13:20,27,63,local
2026-08-09 16:13:22,27,63,local
2026-08-09 16:13:24,27,63,local
2026-08-09 16:13:26,27,63,local
2026-08-09 16:13:28,27,63,local
2026-08-09 16:13:30,27,62,local
2026-08-09 16:13:32,27,62,local
2026-08-09 16:13:34,27,62,local
2026-08-09 16:13:36,27,63,local
2026-08-09 16:13:38,27,62,local
2026-08-09 16:13:40,27,62,local
2026-08-09 16:13:42,27,62,local
2026-08-09 16:13:44,27,62,local
2026-08-09 16:13:46,27,63,local
2026-08-09 16:13:48,27,63,local
2026-08-09 16:13:50,27,63,local
2026-08-09 16:13:52,27,63,local
2026-08-09 16:13:54,27,63,local
2026-08-09 16:13:56,27,63,local
2026-08-09 16:13:58,27,63,local
2026-08-09 16:14:00,27,63,local
2026-08-09 16:14:02,27,63,local
2026-08-09 16:14:04,27,63,local
2026-08-09 16:14:06,27,63,local
2026-08-09 16:14:08,27,63,local
2026-08-09 16:14:10,27,63,local
2026-08-09 16:14:12,27,63,local
2026-08-09 16:14:14,27,63,local
2026-08-09 16:14:16,27,63,local
2026-08-09 16:14:19,27,63,local
2026-08-09 16:14:21,27,63,local
2026-08-09 16:14:23,27,63,local
2026-08-09 16:14:25,27,64,local
2026-08-09 16:14:27,27,64,local
2026-08-09 16:14:29,27,64,local
2026-08-09 16:14:31,27,64,local
2026-08-09 16:14:33,27,64,local
2026-08-09 16:14:35,27,64,local
2026-08-09 16:14:37,27,65,local
2026-08-09 16:14:39,27,65,local
2026-08-09 16:14:41,27,65,local
2026-08-09 16:14:43,27,65,local
2026-08-09 16:14:45,27,64,local
2026-08-09 16:14:47,27,64,local
2026-08-09 16:14:49,27,64,local
2026-08-09 16:14:51,27,64,local
2026-08-09 16:14:53,27,64,local
2026-08-09 16:14:55,27,64,local
2026-08-09 16:14:57,27,63,local
2026-08-09 16:14:59,27,63,local
2026-08-09 16:15:01,27,63,local
2026-08-09 16:15:03,27,63,local
2026-08-09 16:15:05,27,63,local
2026-08-09 16:15:07,27,64,local
2026-08-09 16:15:09,27,63,local
2026-08-09 16:15:11,27,63,local
2026-08-09 16:15:13,27,64,local
2026-08-09 16:15:15,27,64,local
2026-08-09 16:15:17,27,64,local
2026-08-09 16:15:19,27,64,local
2026-08-09 16:15:21,27,64,local
2026-08-09 16:15:23,27,63,local
2026-08-09 16:15:25,27,63,local
2026-08-09 16:15:27,27,63,local
2026-08-09 16:15:29,27,61,local
2026-08-09 16:15:31,27,63,local
2026-08-09 16:15:33,27,63,local
2026-08-09 16:15:35,27,63,local
2026-08-09 16:15:37,27,63,local
2026-08-09 16:15:39,27,63,local
2026-08-09 16:15:41,27,63,local
2026-08-09 16:15:44,27,63,local
2026-08-09 16:15:46,27,63,local
2026-08-09 16:15:48,27,63,local
2026-08-09 16:15:50,27,63,local
2026-08-09 16:15:52,27,63,local
2026-08-09 16:15:54,27,63,local
2026-08-09 16:15:56,27,63,local
2026-08-09 16:15:58,27,64,local
2026-08-09 16:16:00,27,64,local
2026-08-09 16:16:02,27,64,local
2026-08-09 16:16:04,27,64,local
2026-08-09 16:16:06,27,64,local
2026-08-09 16:16:08,27,64,local
2026-08-09 16:16:10,27,64,local
2026-08-09 16:16:12,27,64,local
2026-08-09 16:16:14,27,64,local
2026-08-09 16:16:16,27,64,local
2026-08-09 16:16:18,27,64,local
2026-08-09 16:16:20,27,64,local
2026-08-09 16:16:22,27,64,local
2026-08-09 16:16:24,27,64,local
2026-08-09 16:16:26,27,64,local
2026-08-09 16:16:28,27,64,local
2026-08-09 16:16:30,27,64,local
2026-08-09 16:16:32,27,64,local
2026-08-09 16:16:34,27,63,local
2026-08-09 16:16:36,27,63,local
2026-08-09 16:16:38,27,63,local
2026-08-09 16:16:40,27,63,local
2026-08-09 16:16:42,27,63,local
2026-08-09 16:16:44,27,63,local
2026-08-09 16:16:46,27,63,local
2026-08-09 16:16:48,27,63,local
2026-08-09 16:16:50,27,63,local
2026-08-09 16:16:52,27,63,local
2026-08-09 16:16:54,27,63,local
2026-08-09 16:16:56,27,63,local
2026-08-09 16:16:58,27,63,local
2026-08-09 16:17:00,27,63,local
2026-08-09 16:17:02,27,63,local
2026-08-09 16:17:04,27,63,local
2026-08-09 16:17:06,27,63,local
2026-08-09 16:17:08,27,63,local
2026-08-09 16:17:11,27,62,local
2026-08-09 16:17:13,27,62,local
2026-08-09 16:17:15,27,62,local
2026-08-09 16:17:17,27,62,local
2026-08-09 16:17:19,27,62,local
2026-08-09 16:17:21,27,62,local
2026-08-09 16:17:23,27,62,local
2026-08-09 16:17:25,27,62,local
2026-08-09 16:17:27,27,62,local
2026-08-09 16:17:29,27,62,local
2026-08-09 16:17:31,27,62,local
2026-08-09 16:17:33,27,62,local
2026-08-09 16:17:35,27,62,local
2026-08-09 16:17:37,27,62,local
2026-08-09 16:17:39,27,62,local
2026-08-09 16:17:41,27,62,local
2026-08-09 16:17:43,27,62,local
2026-08-09 16:17:45,27,62,local
2026-08-09 16:17:47,27,62,local
2026-08-09 16:17:49,27,62,local
2026-08-09 16:17:51,27,62,local
2026-08-09 16:17:53,27,62,local
2026-08-09 16:17:55,27,62,local
2026-08-09 16:17:57,27,62,local
2026-08-09 16:17:59,27,62,local
2026-08-09 16:18:01,27,62,local
2026-08-09 16:18:03,27,62,local
2026-08-09 16:18:05,27,62,local
2026-08-09 16:18:07,27,62,local
2026-08-09 16:18:09,27,62,local
2026-08-09 16:18:11,27,62,local
2026-08-09 16:18:13,27,62,local
2026-08-09 16:18:15,27,62,local
2026-08-09 16:18:17,27,62,local
2026-08-09 16:18:19,27,62,local
2026-08-09 16:18:21,27,62,local
2026-08-09 16:18:23,27,58,local
2026-08-09 16:18:25,27,61,local
2026-08-09 16:18:27,27,63,local
2026-08-09 16:18:29,27,63,local
2026-08-09 16:18:31,27,63,local
2026-08-09 16:18:33,27,64,local
2026-08-09 16:18:36,27,64,local
2026-08-09 16:18:38,27,64,local
2026-08-09 16:18:40,27,64,local
2026-08-09 16:18:42,27,63,local
2026-08-09 16:18:44,27,63,local
2026-08-09 16:18:46,27,63,local
2026-08-09 16:18:48,27,63,local
2026-08-09 16:18:50,27,63,local
2026-08-09 16:18:52,27,63,local
2026-08-09 16:18:54,27,63,local
2026-08-09 16:18:56,27,62,local
2026-08-09 16:18:58,27,62,local
2026-08-09 16:19:00,27,62,local
2026-08-09 16:19:02,27,62,local
2026-08-09 16:19:04,27,62,local
2026-08-09 16:19:06,27,62,local
2026-08-09 16:19:08,27,62,local
2026-08-09 16:19:10,27,62,local
2026-08-09 16:19:12,27,62,local
2026-08-09 16:19:14,27,62,local
2026-08-09 16:19:16,27,62,local
2026-08-09 16:19:18,27,62,local
2026-08-09 16:19:20,27,62,local
2026-08-09 16:19:22,27,62,local
2026-08-09 16:19:24,27,62,local
2026-08-09 16:19:26,27,62,local
2026-08-09 16:19:28,27,62,local
2026-08-09 16:19:30,27,62,local
2026-08-09 16:19:32,27,62,local
2026-08-09 16:19:34,27,62,local
2026-08-09 16:19:36,27,62,local
2026-08-09 16:19:38,27,62,local
2026-08-09 16:19:40,27,62,local
2026-08-09 16:19:42,27,62,local
2026-08-09 16:19:44,27,62,local
2026-08-09 16:19:46,27,62,local
2026-08-09 16:19:48,27,62,local
2026-08-09 16:19:50,27,62,local
2026-08-09 16:19:52,27,62,local
2026-08-09 16:19:54,27,62,local
2026-08-09 16:19:56,27,62,local
2026-08-09 16:19:58,27,62,local
2026-08-09 16:20:00,27,62,local
2026-08-09 16:20:03,27,62,local
2026-08-09 16:20:05,27,62,local
2026-08-09 16:20:07,27,62,local
2026-08-09 16:20:09,27,62,local
2026-08-09 16:20:11,27,62,local
2026-08-09 16:20:13,27,62,local
2026-08-09 16:20:15,27,62,local
2026-08-09 16:20:17,27,62,local
2026-08-09 16:20:19,27,62,local
2026-08-09 16:20:21,27,62,local
2026-08-09 16:20:23,27,62,local
2026-08-09 16:20:25,27,62,local
2026-08-09 16:20:27,27,62,local
2026-08-09 16:20:29,27,62,local
2026-08-09 16:20:31,27,62,local
2026-08-09 16:20:33,27,62,local
2026-08-09 16:20:35,27,62,local
2026-08-09 16:20:37,27,62,local
2026-08-09 16:20:39,27,62,local
2026-08-09 16:20:41,27,62,local
2026-08-09 16:20:43,27,62,local
2026-08-09 16:20:45,27,62,local
2026-08-09 16:20:47,27,62,local
2026-08-09 16:20:49,27,62,local
2026-08-09 16:20:51,27,62,local
2026-08-09 16:20:53,27,62,local
2026-08-09 16:20:55,27,62,local
2026-08-09 16:20:57,27,62,local
2026-08-09 16:20:59,27,62,local
2026-08-09 16:21:01,27,62,local
2026-08-09 16:21:03,27,62,local
2026-08-09 16:21:05,27,62,local
2026-08-09 16:21:07,27,62,local
2026-08-09 16:21:09,27,62,local
2026-08-09 16:21:11,27,62,local
2026-08-09 16:21:13,27,62,local
2026-08-09 16:21:15,27,62,local
2026-08-09 16:21:17,27,62,local
2026-08-09 16:21:19,27,62,local
2026-08-09 16:21:21,27,62,local
2026-08-09 16:21:23,27,62,local
2026-08-09 16:21:25,27,62,local
2026-08-09 16:21:27,27,62,local
2026-08-09 16:21:30,27,62,local
2026-08-09 16:21:32,27,62,local
2026-08-09 16:21:34,27,62,local
2026-08-09 16:21:36,27,62,local
2026-08-09 16:21:38,27,62,local
2026-08-09 16:21:40,27,62,local
2026-08-09 16:21:42,27,62,local
2026-08-09 16:21:44,27,62,local
2026-08-09 16:21:46,27,62,local
2026-08-09 16:21:48,27,62,local
2026-08-09 16:21:50,27,62,local
2026-08-09 16:21:52,27,62,local
2026-08-09 16:21:54,27,62,local
2026-08-09 16:21:56,27,62,local
2026-08-09 16:21:58,27,62,local
2026-08-09 16:22:00,27,62,local
2026-08-09 16:22:02,27,62,local
2026-08-09 16:22:04,27,62,local
2026-08-09 16:22:06,27,62,local
2026-08-09 16:22:08,27,62,local
2026-08-09 16:22:10,27,62,local
2026-08-09 16:22:12,27,62,local
2026-08-09 16:22:14,27,62,local
2026-08-09 16:22:16,27,62,local
2026-08-09 16:22:18,27,62,local
2026-08-09 16:22:20,27,62,local
2026-08-09 16:22:22,27,62,local
2026-08-09 16:22:24,27,62,local
2026-08-09 16:22:26,27,62,local
2026-08-09 16:22:28,27,62,local
2026-08-09 16:22:30,27,62,local
2026-08-09 16:22:32,27,62,local
2026-08-09 16:22:34,27,62,local
2026-08-09 16:22:36,27,62,local
2026-08-09 16:22:38,27,62,local
2026-08-09 16:22:40,27,62,local
2026-08-09 16:22:42,27,62,local
2026-08-09 16:22:44,27,62,local
2026-08-09 16:22:46,27,62,local
2026-08-09 16:22:48,27,62,local
2026-08-09 16:22:50,27,62,local
2026-08-09 16:22:52,27,62,local
2026-08-09 16:22:55,27,62,local
2026-08-09 16:22:57,27,62,local
2026-08-09 16:22:59,27,62,local
2026-08-09 16:23:01,27,62,local
2026-08-09 16:23:03,27,62,local
2026-08-09 16:23:05,27,62,local
2026-08-09 16:23:07,27,62,local
2026-08-09 16:23:09,27,62,local
2026-08-09 16:23:11,27,62,local
2026-08-09 16:23:13,27,62,local
2026-08-09 16:23:15,27,63,local
2026-08-09 16:23:17,27,63,local
2026-08-09 16:23:19,27,63,local
2026-08-09 16:23:21,27,63,local
2026-08-09 16:23:23,27,63,local
2026-08-09 16:23:25,27,63,local
2026-08-09 16:23:27,27,63,local
2026-08-09 16:23:29,27,63,local
2026-08-09 16:23:31,27,63,local
2026-08-09 16:23:33,27,63,local
2026-08-09 16:23:35,27,63,local
2026-08-09 16:23:37,27,63,local
2026-08-09 16:23:39,27,63,local
2026-08-09 16:23:41,27,63,local
2026-08-09 16:23:43,27,63,local
2026-08-09 16:23:45,27,63,local
2026-08-09 16:23:47,27,63,local
2026-08-09 16:23:49,27,63,local
2026-08-09 16:23:51,27,63,local
2026-08-09 16:23:53,27,63,local
2026-08-09 16:23:55,27,63,local
2026-08-09 16:23:57,27,63,local
2026-08-09 16:23:59,27,63,local
2026-08-09 16:24:01,27,63,local
2026-08-09 16:24:03,27,63,local
2026-08-09 16:24:05,27,62,local
2026-08-09 16:24:07,27,62,local
2026-08-09 16:24:09,27,62,local
2026-08-09 16:24:11,27,62,local
2026-08-09 16:24:13,27,62,local
2026-08-09 16:24:15,27,62,local
2026-08-09 16:24:17,27,62,local
2026-08-09 16:24:19,27,62,local
2026-08-09 16:24:22,27,62,local
2026-08-09 16:24:24,27,62,local
2026-08-09 16:24:26,27,62,local
2026-08-09 16:24:28,27,63,local
2026-08-09 16:24:30,27,63,local
2026-08-09 16:24:32,27,63,local
2026-08-09 16:24:34,27,63,local
2026-08-09 16:24:36,27,63,local
2026-08-09 16:24:38,27,63,local
2026-08-09 16:24:40,27,63,local
2026-08-09 16:24:42,27,63,local
2026-08-09 16:24:44,27,63,local
2026-08-09 16:24:46,27,63,local
2026-08-09 16:24:48,27,63,local
2026-08-09 16:24:50,27,63,local
2026-08-09 16:24:52,27,63,local
2026-08-09 16:24:54,27,63,local
2026-08-09 16:24:56,27,63,local
2026-08-09 16:24:58,27,63,local
2026-08-09 16:25:00,27,63,local
2026-08-09 16:25:02,27,63,local
2026-08-09 16:25:04,27,63,local
2026-08-09 16:25:06,27,63,local
2026-08-09 16:25:08,27,63,local
2026-08-09 16:25:10,27,63,local
2026-08-09 16:25:12,27,63,local
2026-08-09 16:25:14,27,63,local
2026-08-09 16:25:16,27,63,local
2026-08-09 16:25:18,27,63,local
2026-08-09 16:25:20,27,63,local
2026-08-09 16:25:22,27,63,local
2026-08-09 16:25:24,27,63,local
2026-08-09 16:25:26,27,63,local
2026-08-09 16:25:28,27,63,local
2026-08-09 16:25:30,27,63,local
2026-08-09 16:25:32,27,63,local
2026-08-09 16:25:34,27,63,local
2026-08-09 16:25:36,27,63,local
2026-08-09 16:25:38,27,63,local
2026-08-09 16:25:40,27,63,local
2026-08-09 16:25:42,27,63,local
2026-08-09 16:25:44,27,63,local
2026-08-09 16:25:47,27,63,local
2026-08-09 16:25:49,27,63,local
2026-08-09 16:25:51,27,63,local
2026-08-09 16:25:53,27,63,local
2026-08-09 16:25:55,27,63,local
2026-08-09 16:25:57,27,63,local
2026-08-09 16:25:59,27,63,local
2026-08-09 16:26:01,27,63,local
2026-08-09 16:26:03,27,63,local
2026-08-09 16:26:05,27,63,local
2026-08-09 16:26:07,27,63,local
2026-08-09 16:26:09,27,63,local
2026-08-09 16:26:11,27,62,local
2026-08-09 16:26:13,27,62,local
2026-08-09 16:26:15,27,62,local
2026-08-09 16:26:17,27,62,local
2026-08-09 16:26:19,27,62,local
2026-08-09 16:26:21,27,62,local
2026-08-09 16:26:23,27,62,local
2026-08-09 16:26:25,27,62,local
2026-08-09 16:26:27,27,62,local
2026-08-09 16:26:29,27,62,local
2026-08-09 16:26:31,27,62,local
2026-08-09 16:26:33,27,62,local
2026-08-09 16:26:35,27,62,local
2026-08-09 16:26:37,27,62,local
2026-08-09 16:26:39,27,62,local
2026-08-09 16:26:41,27,63,local
2026-08-09 16:26:43,27,63,local
2026-08-09 16:26:45,27,63,local
2026-08-09 16:26:47,27,63,local
2026-08-09 16:26:49,27,63,local
2026-08-09 16:26:51,27,63,local
2026-08-09 16:26:53,27,62,local
2026-08-09 16:26:55,27,62,local
2026-08-09 16:26:57,27,62,local
2026-08-09 16:26:59,27,62,local
2026-08-09 16:27:01,27,62,local
2026-08-09 16:27:03,27,62,local
2026-08-09 16:27:05,27,62,local
2026-08-09 16:27:07,27,62,local
2026-08-09 16:27:09,27,62,local
2026-08-09 16:27:11,27,62,local
2026-08-09 16:27:14,27,62,local
2026-08-09 16:27:16,27,62,local
2026-08-09 16:27:18,27,62,local
2026-08-09 16:27:20,27,62,local
2026-08-09 16:27:22,27,62,local
2026-08-09 16:27:24,27,62,local
2026-08-09 16:27:26,27,62,local
2026-08-09 16:27:28,27,62,local
2026-08-09 16:27:30,27,62,local
2026-08-09 16:27:32,27,62,local
2026-08-09 16:27:34,27,62,local
2026-08-09 16:27:36,27,62,local
2026-08-09 16:27:38,27,62,local
2026-08-09 16:27:40,27,62,local
2026-08-09 16:27:42,27,62,local
2026-08-09 16:27:44,27,62,local
2026-08-09 16:27:46,27,62,local
2026-08-09 16:27:48,27,63,local
2026-08-09 16:27:50,27,63,local
2026-08-09 16:27:52,27,63,local
2026-08-09 16:27:54,27,63,local
2026-08-09 16:27:56,27,62,local
2026-08-09 16:27:58,27,62,local
2026-08-09 16:28:00,27,62,local
2026-08-09 16:28:02,27,62,local
2026-08-09 16:28:04,27,62,local
2026-08-09 16:28:06,27,62,local
2026-08-09 16:28:08,27,62,local
2026-08-09 16:28:10,27,62,local
2026-08-09 16:28:12,27,62,local
2026-08-09 16:28:14,27,62,local
2026-08-09 16:28:16,27,62,local
2026-08-09 16:28:18,27,62,local
2026-08-09 16:28:20,27,62,local
2026-08-09 16:28:22,27,62,local
2026-08-09 16:28:24,27,62,local
2026-08-09 16:28:26,27,62,local
2026-08-09 16:28:28,27,62,local
2026-08-09 16:28:30,27,62,local
2026-08-09 16:28:32,27,62,local
2026-08-09 16:28:34,27,62,local
2026-08-09 16:28:36,27,62,local
2026-08-09 16:28:39,27,62,local
2026-08-09 16:28:41,27,62,local
2026-08-09 16:28:43,27,62,local
2026-08-09 16:28:45,27,62,local
2026-08-09 16:28:47,27,62,local
2026-08-09 16:28:49,27,62,local
2026-08-09 16:28:51,27,62,local
2026-08-09 16:28:53,27,62,local
2026-08-09 16:28:55,27,62,local
2026-08-09 16:28:57,27,62,local
2026-08-09 16:28:59,27,62,local
2026-08-09 16:29:01,27,62,local
2026-08-09 16:29:03,27,62,local
2026-08-09 16:29:05,27,62,local
2026-08-09 16:29:07,27,62,local
2026-08-09 16:29:09,27,62,local
2026-08-09 16:29:11,27,61,local
2026-08-09 16:29:13,27,61,local
2026-08-09 16:29:15,27,61,local
2026-08-09 16:29:17,27,61,local
2026-08-09 16:29:19,27,61,local
2026-08-09 16:29:21,27,61,local
2026-08-09 16:29:23,27,61,local
2026-08-09 16:29:25,27,61,local
2026-08-09 16:29:27,27,61,local
2026-08-09 16:29:29,27,61,local
2026-08-09 16:29:31,27,61,local
2026-08-09 16:29:33,27,61,local
2026-08-09 16:29:35,27,61,local
2026-08-09 16:29:37,27,61,local
2026-08-09 16:29:39,27,61,local
2026-08-09 16:29:41,27,61,local
2026-08-09 16:29:43,27,61,local
2026-08-09 16:29:45,27,61,local
2026-08-09 16:29:47,27,61,local
2026-08-09 16:29:49,27,61,local
2026-08-09 16:29:51,27,61,local
2026-08-09 16:29:53,27,61,local
2026-08-09 16:29:55,27,61,local
2026-08-09 16:29:57,27,61,local
2026-08-09 16:29:59,27,61,local
2026-08-09 16:30:01,27,61,local
2026-08-09 16:30:03,27,61,local
2026-08-09 16:30:06,27,61,local
2026-08-09 16:30:08,27,61,local
2026-08-09 16:30:10,27,61,local
2026-08-09 16:30:12,27,62,local
2026-08-09 16:30:14,27,61,local
2026-08-09 16:30:16,27,61,local
2026-08-09 16:30:18,27,61,local
2026-08-09 16:30:20,27,61,local
2026-08-09 16:53:51,26,66,local
2026-08-09 16:53:53,26,66,local
2026-08-09 16:53:55,26,66,local
2026-08-09 16:53:57,26,66,local
2026-08-09 16:53:59,26,66,local
2026-08-09 16:54:01,26,66,local
2026-08-09 16:54:03,26,66,local
2026-08-09 16:54:05,26,66,local
2026-08-09 16:54:07,26,66,local
2026-08-09 16:54:09,26,66,local
2026-08-09 16:54:11,26,66,local
2026-08-09 16:54:13,26,66,local
2026-08-09 16:54:15,26,66,local
2026-08-09 16:54:17,26,66,local
2026-08-09 16:54:19,26,66,local
2026-08-09 16:54:21,26,65,local
2026-08-09 16:54:23,26,65,local
2026-08-09 16:54:25,26,65,local
2026-08-09 16:54:27,26,65,local
2026-08-09 16:54:29,26,65,local
2026-08-09 16:54:31,26,65,local
2026-08-09 16:54:33,26,65,local
2026-08-09 16:54:35,26,65,local
2026-08-09 16:54:37,26,65,local
2026-08-09 16:54:39,26,65,local
2026-08-09 16:54:41,26,65,local
2026-08-09 16:54:43,26,65,local
2026-08-09 16:54:45,26,65,local
2026-08-09 16:54:47,26,65,local
2026-08-09 16:54:49,26,65,local
2026-08-09 16:54:51,26,65,local
2026-08-09 16:54:53,26,65,local
2026-08-09 16:54:55,26,65,local
2026-08-09 16:54:57,26,65,local
2026-08-09 16:54:59,26,65,local
2026-08-09 16:55:01,26,65,local
2026-08-09 16:55:03,26,65,local
2026-08-09 16:55:05,26,65,local
2026-08-09 16:55:07,26,65,local
2026-08-09 16:55:10,26,65,local
2026-08-09 16:55:12,26,65,local
2026-08-09 16:55:14,26,64,local
2026-08-09 16:55:16,26,64,local
2026-08-09 16:55:18,26,64,local
2026-08-09 16:55:20,26,64,local
2026-08-09 16:55:22,26,64,local
2026-08-09 16:55:24,26,64,local
2026-08-09 16:55:26,26,64,local
2026-08-09 16:55:28,26,64,local
2026-08-09 16:55:30,26,64,local
2026-08-09 16:55:32,26,64,local
2026-08-09 16:55:34,26,64,local
2026-08-09 16:55:36,26,64,local
2026-08-09 16:55:38,26,64,local
2026-08-09 16:55:40,26,64,local
2026-08-09 16:55:42,26,64,local
2026-08-09 16:55:44,26,64,local
2026-08-09 16:55:46,26,64,local
2026-08-09 16:55:48,26,64,local
2026-08-09 16:55:50,26,64,local
2026-08-09 16:55:52,26,64,local
2026-08-09 16:55:54,26,64,local
2026-08-09 16:55:56,26,64,local
2026-08-09 16:55:58,26,64,local
2026-08-09 16:56:00,26,64,local
2026-08-09 16:56:02,26,64,local
2026-08-09 16:56:04,26,64,local
2026-08-09 16:56:06,26,63,local
2026-08-09 16:56:08,26,63,local
2026-08-09 16:56:10,26,63,local
2026-08-09 16:56:12,26,63,local
2026-08-09 16:56:14,26,63,local
2026-08-09 16:56:16,26,63,local
2026-08-09 16:56:18,26,63,local
2026-08-09 16:56:20,26,63,local
2026-08-09 16:56:22,26,63,local
2026-08-09 16:56:24,26,63,local
2026-08-09 16:56:26,26,63,local
2026-08-09 16:56:28,26,63,local
2026-08-09 16:56:30,26,63,local
2026-08-09 16:56:32,26,63,local
2026-08-09 16:56:35,26,63,local
2026-08-09 16:56:37,26,63,local
2026-08-09 16:56:39,26,63,local
2026-08-09 16:56:41,26,63,local
2026-08-09 16:56:43,26,63,local
2026-08-09 16:56:45,26,63,local
2026-08-09 16:56:47,26,63,local
2026-08-09 16:56:49,26,63,local
2026-08-09 16:56:51,26,63,local
2026-08-09 16:56:53,26,63,local
2026-08-09 16:56:55,26,63,local
2026-08-09 16:56:57,26,63,local
2026-08-09 16:56:59,26,63,local
2026-08-09 16:57:01,26,63,local
2026-08-09 16:57:03,26,63,local
2026-08-09 16:57:05,26,63,local
2026-08-09 16:57:07,26,63,local
2026-08-09 16:57:09,26,63,local
2026-08-09 16:57:11,26,63,local
2026-08-09 16:57:13,26,63,local
2026-08-09 16:57:15,26,63,local
2026-08-09 16:57:17,26,63,local
2026-08-09 16:57:19,26,63,local
2026-08-09 16:57:21,27,63,local
2026-08-09 16:57:23,26,63,local
2026-08-09 16:57:25,26,63,local
2026-08-09 16:57:27,27,63,local
2026-08-09 16:57:29,26,63,local
2026-08-09 16:57:31,27,63,local
2026-08-09 16:57:33,27,63,local
2026-08-09 16:57:35,27,63,local
2026-08-09 16:57:37,27,63,local
2026-08-09 16:57:39,27,63,local
2026-08-09 16:57:41,27,63,local
2026-08-09 16:57:43,27,63,local
2026-08-09 16:57:45,27,63,local
2026-08-09 16:57:47,27,63,local
2026-08-09 16:57:49,27,63,local
2026-08-09 16:57:51,27,63,local
2026-08-09 16:57:53,27,63,local
2026-08-09 16:57:55,27,63,local
2026-08-09 16:57:57,27,63,local
2026-08-09 16:57:59,27,63,local
2026-08-09 16:58:00,26,67,remote
2026-08-09 16:58:02,27,63,local
2026-08-09 16:58:02,26,66,remote
2026-08-09 16:58:04,27,63,local
2026-08-09 16:58:04,26,69,remote
2026-08-09 16:58:06,27,63,local
2026-08-09 16:58:06,26,67,remote
2026-08-09 16:58:08,27,63,local
2026-08-09 16:58:08,26,73,remote
2026-08-09 16:58:10,27,63,local
2026-08-09 16:58:10,26,73,remote
2026-08-09 16:58:12,27,63,local
2026-08-09 16:58:12,26,73,remote
2026-08-09 16:58:14,27,63,local
2026-08-09 16:58:14,26,73,remote
2026-08-09 16:58:16,27,63,local
2026-08-09 16:58:16,27,72,remote
2026-08-09 16:58:18,27,63,local
2026-08-09 16:58:18,27,72,remote
2026-08-09 16:58:20,27,63,local
2026-08-09 16:58:20,27,71,remote
2026-08-09 16:58:22,27,63,local
2026-08-09 16:58:22,27,71,remote
2026-08-09 16:58:24,27,63,local
2026-08-09 16:58:24,27,70,remote
2026-08-09 16:58:26,27,63,local
2026-08-09 16:58:26,27,70,remote
2026-08-09 16:58:28,27,63,local
2026-08-09 16:58:28,27,69,remote
2026-08-09 16:58:30,27,63,local
2026-08-09 16:58:30,27,69,remote
2026-08-09 16:58:32,27,63,local
2026-08-09 16:58:32,27,68,remote
2026-08-09 16:58:34,27,62,local
2026-08-09 16:58:34,27,68,remote
2026-08-09 16:58:36,27,62,local
2026-08-09 16:58:36,27,68,remote
2026-08-09 16:58:38,27,62,local
2026-08-09 16:58:38,27,67,remote
2026-08-09 16:58:40,27,62,local
2026-08-09 16:58:40,27,67,remote
2026-08-09 16:58:42,27,62,local
2026-08-09 16:58:42,27,67,remote
2026-08-09 16:58:44,27,62,local
2026-08-09 16:58:44,27,66,remote
2026-08-09 16:58:46,27,62,local
2026-08-09 16:58:46,27,66,remote
2026-08-09 16:58:48,27,62,local
2026-08-09 16:58:48,27,66,remote
2026-08-09 16:58:50,27,62,local
2026-08-09 16:58:50,27,66,remote
2026-08-09 16:58:52,27,62,local
2026-08-09 16:58:52,27,66,remote
2026-08-09 16:58:54,27,62,local
2026-08-09 16:58:54,27,65,remote
2026-08-09 16:58:56,27,62,local
2026-08-09 16:58:56,27,65,remote
2026-08-09 16:58:58,27,62,local
2026-08-09 16:58:59,27,65,remote
2026-08-09 16:59:00,27,62,local
2026-08-09 16:59:01,27,65,remote
2026-08-09 16:59:02,27,62,local
2026-08-09 16:59:03,27,65,remote
2026-08-09 16:59:04,27,62,local
2026-08-09 16:59:05,27,65,remote
2026-08-09 16:59:06,27,62,local
2026-08-09 16:59:07,27,65,remote
2026-08-09 16:59:08,27,62,local
2026-08-09 16:59:09,27,64,remote
2026-08-09 16:59:10,27,62,local
2026-08-09 16:59:11,27,64,remote
2026-08-09 16:59:12,27,62,local
2026-08-09 16:59:13,27,64,remote
2026-08-09 16:59:14,27,62,local
2026-08-09 16:59:15,27,64,remote
2026-08-09 16:59:16,27,62,local
2026-08-09 16:59:17,27,64,remote
2026-08-09 16:59:18,27,62,local
2026-08-09 16:59:19,27,64,remote
2026-08-09 16:59:20,27,62,local
2026-08-09 16:59:21,27,64,remote
2026-08-09 16:59:22,27,62,local
2026-08-09 16:59:23,27,64,remote
2026-08-09 16:59:24,27,62,local
2026-08-09 16:59:25,27,64,remote
2026-08-09 16:59:27,27,62,local
2026-08-09 16:59:27,27,63,remote
2026-08-09 16:59:29,27,62,local
2026-08-09 16:59:29,27,63,remote
2026-08-09 16:59:31,27,62,local
2026-08-09 16:59:31,27,63,remote
2026-08-09 16:59:33,27,62,local
2026-08-09 16:59:33,27,63,remote
2026-08-09 16:59:35,27,62,local
2026-08-09 16:59:35,27,63,remote
2026-08-09 16:59:37,27,62,local
2026-08-09 16:59:37,27,63,remote
2026-08-09 16:59:39,27,62,local
2026-08-09 16:59:39,27,63,remote
2026-08-09 16:59:41,27,62,local
2026-08-09 16:59:41,27,63,remote
2026-08-09 16:59:43,27,62,local
2026-08-09 16:59:43,27,63,remote
2026-08-09 16:59:45,27,62,local
2026-08-09 16:59:45,27,63,remote
2026-08-09 16:59:47,27,62,local
2026-08-09 16:59:47,27,63,remote
2026-08-09 16:59:49,27,62,local
2026-08-09 16:59:49,27,63,remote
2026-08-09 16:59:51,27,62,local
2026-08-09 16:59:51,27,63,remote
2026-08-09 16:59:53,27,62,local
2026-08-09 16:59:53,27,63,remote
2026-08-09 16:59:55,27,62,local
2026-08-09 16:59:55,27,63,remote
2026-08-09 16:59:57,27,62,local
2026-08-09 16:59:57,27,63,remote
2026-08-09 16:59:59,27,61,local
2026-08-09 16:59:59,27,63,remote
2026-08-09 17:00:01,27,61,local
2026-08-09 17:00:01,27,63,remote
2026-08-09 17:00:03,27,61,local
2026-08-09 17:00:03,27,63,remote
2026-08-09 17:00:05,27,61,local
2026-08-09 17:00:06,27,63,remote
2026-08-09 17:00:07,27,61,local
2026-08-09 17:00:08,27,63,remote
2026-08-09 17:00:09,27,61,local
2026-08-09 17:00:10,27,63,remote
2026-08-09 17:00:11,27,61,local
2026-08-09 17:00:12,27,63,remote
2026-08-09 17:00:13,27,61,local
2026-08-09 17:00:14,27,63,remote
2026-08-09 17:00:15,27,61,local
2026-08-09 17:00:16,27,63,remote
2026-08-09 17:00:17,27,61,local
2026-08-09 17:00:18,27,63,remote
2026-08-09 17:00:19,27,61,local
2026-08-09 17:00:20,27,63,remote
2026-08-09 17:00:21,27,61,local
2026-08-09 17:00:22,27,63,remote
2026-08-09 17:00:23,27,61,local
2026-08-09 17:00:24,27,63,remote
2026-08-09 17:00:25,27,61,local
2026-08-09 17:00:26,27,63,remote
2026-08-09 17:00:27,27,61,local
2026-08-09 17:00:28,27,63,remote
2026-08-09 17:00:29,27,61,local
2026-08-09 17:00:30,27,63,remote
2026-08-09 17:00:31,27,61,local
2026-08-09 17:00:32,27,63,remote
2026-08-09 17:00:33,27,61,local
2026-08-09 17:00:34,27,63,remote
2026-08-09 17:00:35,27,61,local
2026-08-09 17:00:36,27,63,remote
2026-08-09 17:00:37,27,61,local
2026-08-09 17:00:38,27,62,remote
2026-08-09 17:00:39,27,61,local
2026-08-09 17:00:40,27,62,remote
2026-08-09 17:00:41,27,61,local
2026-08-09 17:00:42,27,63,remote
2026-08-09 17:00:43,27,61,local
2026-08-09 17:00:44,27,63,remote
2026-08-09 17:00:45,27,61,local
2026-08-09 17:00:46,27,63,remote
2026-08-09 17:00:47,27,61,local
2026-08-09 17:00:48,27,63,remote
2026-08-09 17:00:49,27,61,local
2026-08-09 17:00:50,27,63,remote
2026-08-09 17:00:51,27,61,local
2026-08-09 17:00:52,27,63,remote
2026-08-09 17:00:54,27,61,local
2026-08-09 17:00:54,27,63,remote
2026-08-09 17:00:56,27,61,local
2026-08-09 17:00:56,27,63,remote
2026-08-09 17:00:58,27,61,local
2026-08-09 17:00:58,27,63,remote
2026-08-09 17:01:00,27,61,local
2026-08-09 17:01:00,27,63,remote
2026-08-09 17:01:02,27,61,local
2026-08-09 17:01:02,27,63,remote
2026-08-09 17:01:04,27,61,local
2026-08-09 17:01:04,27,63,remote
2026-08-09 17:01:06,27,61,local
2026-08-09 17:01:06,27,63,remote
2026-08-09 17:01:08,27,61,local
2026-08-09 17:01:08,27,63,remote
2026-08-09 17:01:10,27,61,local
2026-08-09 17:01:10,27,63,remote
2026-08-09 17:01:12,27,61,local
2026-08-09 17:01:13,27,63,remote
2026-08-09 17:01:14,27,61,local
2026-08-09 17:01:15,27,63,remote
2026-08-09 17:01:16,27,61,local
2026-08-09 17:01:17,27,63,remote
2026-08-09 17:01:18,27,61,local
2026-08-09 17:01:19,27,63,remote
2026-08-09 17:01:20,27,61,local
2026-08-09 17:01:21,27,63,remote
2026-08-09 17:01:22,27,61,local
2026-08-09 17:01:23,27,63,remote
2026-08-09 17:01:24,27,61,local
2026-08-09 17:01:25,27,63,remote
2026-08-09 17:01:26,27,61,local
2026-08-09 17:01:27,27,63,remote
2026-08-09 17:01:28,27,61,local
2026-08-09 17:01:29,27,62,remote
2026-08-09 17:01:30,27,61,local
2026-08-09 17:01:31,27,62,remote
2026-08-09 17:01:32,27,61,local
2026-08-09 17:01:33,27,62,remote
2026-08-09 17:01:34,27,61,local
2026-08-09 17:01:35,27,62,remote
2026-08-09 17:01:36,27,61,local
2026-08-09 17:01:37,27,62,remote
2026-08-09 17:01:38,27,61,local
2026-08-09 17:01:39,27,62,remote
2026-08-09 17:01:40,27,61,local
2026-08-09 17:01:41,27,63,remote
2026-08-09 17:01:42,27,61,local
2026-08-09 17:01:43,27,63,remote
2026-08-09 17:01:44,27,61,local
2026-08-09 17:01:45,27,63,remote
2026-08-09 17:01:46,27,61,local
2026-08-09 17:01:47,27,63,remote
2026-08-09 17:01:48,27,61,local
2026-08-09 17:01:49,27,63,remote
2026-08-09 17:01:50,27,61,local
2026-08-09 17:01:51,27,63,remote
2026-08-09 17:01:52,27,61,local
2026-08-09 17:01:53,27,63,remote
2026-08-09 17:01:54,27,61,local
2026-08-09 17:01:55,27,63,remote
2026-08-09 17:01:56,27,61,local
2026-08-09 17:01:57,27,63,remote
2026-08-09 17:01:58,27,61,local
2026-08-09 17:01:59,27,63,remote
2026-08-09 17:02:00,27,61,local
2026-08-09 17:02:01,27,63,remote
2026-08-09 17:02:02,27,61,local
2026-08-09 17:02:03,27,63,remote
2026-08-09 17:02:04,27,61,local
2026-08-09 17:02:05,27,63,remote
2026-08-09 17:02:06,27,61,local
2026-08-09 17:02:07,27,63,remote
2026-08-09 17:02:08,27,61,local
2026-08-09 17:02:09,27,63,remote
2026-08-09 17:02:10,27,61,local
2026-08-09 17:02:11,27,63,remote
2026-08-09 17:02:12,27,61,local
2026-08-09 17:02:13,27,63,remote
2026-08-09 17:02:14,27,61,local
2026-08-09 17:02:15,27,63,remote
2026-08-09 17:02:16,27,61,local
2026-08-09 17:02:18,27,63,remote
2026-08-09 17:02:19,27,61,local
2026-08-09 17:02:20,27,63,remote
2026-08-09 17:02:21,27,61,local
2026-08-09 17:02:22,27,63,remote
2026-08-09 17:02:23,27,61,local
2026-08-09 17:02:24,27,63,remote
2026-08-09 17:02:25,27,61,local
2026-08-09 17:02:26,27,63,remote
2026-08-09 17:02:27,27,61,local
2026-08-09 17:02:28,27,63,remote
2026-08-09 17:02:29,27,61,local
2026-08-09 17:02:30,27,63,remote
2026-08-09 17:02:31,27,61,local
2026-08-09 17:02:32,27,63,remote
2026-08-09 17:02:33,27,61,local
2026-08-09 17:02:34,27,63,remote
2026-08-09 17:02:35,27,61,local
2026-08-09 17:02:36,27,63,remote
2026-08-09 17:02:37,27,61,local
2026-08-09 17:02:38,27,63,remote
2026-08-09 17:02:39,27,61,local
2026-08-09 17:02:40,27,63,remote
2026-08-09 17:02:41,27,61,local
2026-08-09 17:02:42,27,63,remote
2026-08-09 17:02:43,27,61,local
2026-08-09 17:02:44,27,63,remote
2026-08-09 17:02:45,27,61,local
2026-08-09 17:02:46,27,63,remote
2026-08-09 17:02:47,27,61,local
2026-08-09 17:02:48,27,63,remote
2026-08-09 17:02:49,27,61,local
2026-08-09 17:02:50,27,63,remote
2026-08-09 17:02:51,27,61,local
2026-08-09 17:02:52,27,63,remote
2026-08-09 17:02:53,27,61,local
2026-08-09 17:02:54,27,63,remote
2026-08-09 17:02:55,27,61,local
2026-08-09 17:02:56,27,63,remote
2026-08-09 17:02:57,27,61,local
2026-08-09 17:02:58,27,63,remote
2026-08-09 17:02:59,27,60,local
2026-08-09 17:03:00,27,63,remote
2026-08-09 17:03:01,27,61,local
2026-08-09 17:03:02,27,63,remote
2026-08-09 17:03:03,27,61,local
2026-08-09 17:03:04,27,63,remote
2026-08-09 17:03:05,27,61,local
2026-08-09 17:03:06,27,63,remote
2026-08-09 17:03:07,27,60,local
2026-08-09 17:03:08,27,63,remote
2026-08-09 17:03:09,27,60,local
2026-08-09 17:03:10,27,63,remote
2026-08-09 17:03:11,27,61,local
2026-08-09 17:03:12,27,63,remote
2026-08-09 17:03:13,27,61,local
2026-08-09 17:03:14,27,63,remote
2026-08-09 17:03:15,27,61,local
2026-08-09 17:03:16,27,63,remote
2026-08-09 17:03:17,27,61,local
2026-08-09 17:03:18,27,63,remote
2026-08-09 17:03:19,27,61,local
2026-08-09 17:03:20,27,63,remote
2026-08-09 17:03:21,27,60,local
2026-08-09 17:03:22,27,63,remote
2026-08-09 17:03:23,27,60,local
2026-08-09 17:03:25,27,63,remote
2026-08-09 17:03:25,27,60,local
2026-08-09 17:03:27,27,63,remote
2026-08-09 17:03:27,27,60,local
2026-08-09 17:03:29,27,63,remote
2026-08-09 17:03:29,27,60,local
2026-08-09 17:03:31,27,63,remote
2026-08-09 17:03:31,27,60,local
2026-08-09 17:03:33,27,63,remote
2026-08-09 17:03:33,27,60,local
2026-08-09 17:03:35,27,63,remote
2026-08-09 17:03:35,27,60,local
2026-08-09 17:03:37,27,63,remote
2026-08-09 17:03:37,27,60,local
2026-08-09 17:03:39,27,63,remote
2026-08-09 17:03:39,27,60,local
2026-08-09 17:03:41,27,63,remote
2026-08-09 17:03:41,27,60,local
2026-08-09 17:03:43,27,63,remote
2026-08-09 17:03:43,27,60,local
2026-08-09 17:03:45,27,63,remote
2026-08-09 17:03:46,27,60,local
2026-08-09 17:03:47,27,63,remote
2026-08-09 17:03:48,27,60,local
2026-08-09 17:03:49,27,63,remote
2026-08-09 17:03:50,27,60,local
2026-08-09 17:03:51,27,63,remote
2026-08-09 17:03:52,27,60,local
2026-08-09 17:03:53,27,63,remote
2026-08-09 17:03:54,27,60,local
2026-08-09 17:03:55,27,63,remote
2026-08-09 17:03:56,27,60,local
2026-08-09 17:03:57,27,63,remote
2026-08-09 17:03:58,27,60,local
2026-08-09 17:03:59,27,63,remote
2026-08-09 17:04:00,27,60,local
2026-08-09 17:04:01,27,63,remote
2026-08-09 17:04:02,27,60,local
2026-08-09 17:04:03,27,63,remote
2026-08-09 17:04:04,27,60,local
2026-08-09 17:04:05,27,63,remote
2026-08-09 17:04:06,27,60,local
2026-08-09 17:04:07,27,63,remote
2026-08-09 17:04:08,27,60,local
2026-08-09 17:04:09,27,63,remote
2026-08-09 17:04:10,27,60,local
2026-08-09 17:04:11,27,63,remote
2026-08-09 17:04:12,27,60,local
2026-08-09 17:04:13,27,63,remote
2026-08-09 17:04:14,27,60,local
2026-08-09 17:04:15,27,63,remote
2026-08-09 17:04:16,27,60,local
2026-08-09 17:04:17,27,63,remote
2026-08-09 17:04:18,27,60,local
2026-08-09 17:04:19,27,63,remote
2026-08-09 17:04:20,27,60,local
2026-08-09 17:04:21,27,63,remote
2026-08-09 17:04:22,27,60,local
2026-08-09 17:04:23,27,63,remote
2026-08-09 17:04:24,27,60,local
2026-08-09 17:04:25,27,63,remote
2026-08-09 17:04:26,27,60,local
2026-08-09 17:04:27,27,63,remote
2026-08-09 17:04:28,27,60,local
2026-08-09 17:04:29,27,63,remote
2026-08-09 17:04:30,27,60,local
2026-08-09 17:04:32,27,63,remote
2026-08-09 17:04:32,27,60,local
2026-08-09 17:04:34,27,63,remote
2026-08-09 17:04:34,27,60,local
2026-08-09 17:04:36,27,63,remote
2026-08-09 17:04:36,27,60,local
2026-08-09 17:04:38,27,63,remote
2026-08-09 17:04:38,27,60,local
2026-08-09 17:04:40,27,63,remote
2026-08-09 17:04:40,27,60,local
2026-08-09 17:04:42,27,63,remote
2026-08-09 17:04:42,27,60,local
2026-08-09 17:04:44,27,63,remote
2026-08-09 17:04:44,27,60,local
2026-08-09 17:04:46,27,63,remote
2026-08-09 17:04:46,27,60,local
2026-08-09 17:04:48,27,63,remote
2026-08-09 17:04:48,27,60,local
2026-08-09 17:04:50,27,63,remote
2026-08-09 17:04:50,27,60,local
2026-08-09 17:04:52,27,63,remote
2026-08-09 17:04:52,27,60,local
2026-08-09 17:04:54,27,63,remote
2026-08-09 17:04:54,27,60,local
2026-08-09 17:04:56,27,63,remote
2026-08-09 17:04:56,27,60,local
2026-08-09 17:04:58,27,63,remote
2026-08-09 17:04:58,27,60,local
2026-08-09 17:05:00,27,63,remote
2026-08-09 17:05:00,27,60,local
2026-08-09 17:05:02,27,63,remote
2026-08-09 17:05:02,27,60,local
2026-08-09 17:05:04,27,63,remote
2026-08-09 17:05:04,27,60,local
2026-08-09 17:05:06,27,63,remote
2026-08-09 17:05:06,27,60,local
2026-08-09 17:05:08,27,63,remote
2026-08-09 17:05:08,27,60,local
2026-08-09 17:05:10,27,63,remote
2026-08-09 17:05:10,27,60,local
2026-08-09 17:05:12,27,63,remote
2026-08-09 17:05:13,27,60,local
2026-08-09 17:05:14,27,63,remote
2026-08-09 17:05:15,27,60,local
2026-08-09 17:05:16,27,63,remote
2026-08-09 17:05:17,27,60,local
2026-08-09 17:05:18,27,63,remote
2026-08-09 17:05:19,27,60,local
2026-08-09 17:05:20,27,63,remote
2026-08-09 17:05:21,27,60,local
2026-08-09 17:05:22,27,63,remote
2026-08-09 17:05:23,27,60,local
2026-08-09 17:05:24,27,63,remote
2026-08-09 17:05:25,27,60,local
2026-08-09 17:05:26,27,63,remote
2026-08-09 17:05:27,27,60,local
2026-08-09 17:05:28,27,63,remote
2026-08-09 17:05:29,27,60,local
2026-08-09 17:05:30,27,63,remote
2026-08-09 17:05:31,27,60,local
2026-08-09 17:05:32,27,63,remote
2026-08-09 17:05:33,27,60,local
2026-08-09 17:05:34,27,63,remote
2026-08-09 17:05:35,27,60,local
2026-08-09 17:05:36,27,63,remote
2026-08-09 17:05:37,27,60,local
2026-08-09 17:05:39,27,63,remote
2026-08-09 17:05:39,28,60,local
2026-08-09 17:05:41,27,63,remote
2026-08-09 17:05:41,27,60,local
2026-08-09 17:05:43,27,63,remote
2026-08-09 17:05:43,27,60,local
2026-08-09 17:05:45,27,63,remote
2026-08-09 17:05:45,27,60,local
2026-08-09 17:05:47,27,63,remote
2026-08-09 17:05:47,28,60,local
2026-08-09 17:05:49,27,63,remote
2026-08-09 17:05:49,27,60,local
2026-08-09 17:05:51,27,63,remote
2026-08-09 17:05:51,27,60,local
2026-08-09 17:05:53,27,63,remote
2026-08-09 17:05:53,27,60,local
2026-08-09 17:05:55,27,63,remote
2026-08-09 17:05:55,28,60,local
2026-08-09 17:05:57,27,63,remote
2026-08-09 17:05:57,27,60,local
2026-08-09 17:05:59,27,63,remote
2026-08-09 17:05:59,27,60,local
2026-08-09 17:06:01,27,63,remote
2026-08-09 17:06:01,27,60,local
2026-08-09 17:06:03,27,63,remote
2026-08-09 17:06:03,27,60,local
2026-08-09 17:06:05,27,63,remote
2026-08-09 17:06:05,27,60,local
2026-08-09 17:06:07,27,63,remote
2026-08-09 17:06:07,27,60,local
2026-08-09 17:06:09,27,63,remote
2026-08-09 17:06:09,27,60,local
2026-08-09 17:06:11,27,63,remote
2026-08-09 17:06:11,27,60,local
2026-08-09 17:06:13,27,63,remote
2026-08-09 17:06:13,27,60,local
2026-08-09 17:06:15,27,63,remote
2026-08-09 17:06:15,28,60,local
2026-08-09 17:06:17,27,63,remote
2026-08-09 17:06:17,28,60,local
2026-08-09 17:06:19,27,63,remote
2026-08-09 17:06:19,28,60,local
2026-08-09 17:06:21,27,63,remote
2026-08-09 17:06:21,27,60,local
2026-08-09 17:06:23,27,63,remote
2026-08-09 17:06:23,28,60,local
2026-08-09 17:06:25,27,63,remote
2026-08-09 17:06:25,28,60,local
2026-08-09 17:06:27,27,63,remote
2026-08-09 17:06:27,28,60,local
2026-08-09 17:06:29,27,63,remote
2026-08-09 17:06:29,28,60,local
2026-08-09 17:06:31,27,63,remote
2026-08-09 17:06:31,28,59,local
2026-08-09 17:06:33,27,63,remote
2026-08-09 17:06:33,27,60,local
2026-08-09 17:06:35,27,63,remote
2026-08-09 17:06:35,28,59,local
2026-08-09 17:06:37,27,63,remote
2026-08-09 17:06:38,28,59,local
2026-08-09 17:06:39,27,63,remote
2026-08-09 17:06:40,28,59,local
2026-08-09 17:06:41,27,63,remote
2026-08-09 17:06:42,27,60,local
2026-08-09 17:06:43,27,63,remote
2026-08-09 17:06:44,28,59,local
2026-08-09 17:06:46,27,63,remote
2026-08-09 17:06:46,28,59,local
2026-08-09 17:06:48,27,63,remote
2026-08-09 17:06:48,28,59,local
2026-08-09 17:06:50,27,63,remote
2026-08-09 17:06:50,27,60,local
2026-08-09 17:06:52,27,63,remote
2026-08-09 17:06:52,28,59,local
2026-08-09 17:06:54,27,63,remote
2026-08-09 17:06:54,28,59,local
2026-08-09 17:06:56,27,63,remote
2026-08-09 17:06:56,28,59,local
2026-08-09 17:06:58,27,63,remote
2026-08-09 17:06:58,28,59,local
2026-08-09 17:07:00,27,63,remote
2026-08-09 17:07:00,27,60,local
2026-08-09 17:07:02,27,63,remote
2026-08-09 17:07:02,28,59,local
2026-08-09 17:07:04,27,63,remote
2026-08-09 17:07:04,28,59,local
2026-08-09 17:07:06,28,59,local
2026-08-09 17:07:06,27,63,remote
2026-08-09 17:07:08,27,60,local
2026-08-09 17:07:08,27,63,remote
2026-08-09 17:07:10,27,60,local
2026-08-09 17:07:10,27,63,remote
2026-08-09 17:07:12,28,59,local
2026-08-09 17:07:12,27,63,remote
2026-08-09 17:07:14,28,59,local
2026-08-09 17:07:14,27,63,remote
2026-08-09 17:07:16,28,59,local
2026-08-09 17:07:16,27,63,remote
2026-08-09 17:07:18,28,59,local
2026-08-09 17:07:18,27,63,remote
2026-08-09 17:07:20,28,59,local
2026-08-09 17:07:20,27,63,remote
2026-08-09 17:07:22,28,59,local
2026-08-09 17:07:22,27,63,remote
2026-08-09 17:07:24,28,59,local
2026-08-09 17:07:24,27,63,remote
2026-08-09 17:07:26,28,59,local
2026-08-09 17:07:26,27,63,remote
2026-08-09 17:07:28,28,59,local
2026-08-09 17:07:28,27,63,remote
2026-08-09 17:07:30,28,59,local
2026-08-09 17:07:30,27,63,remote
2026-08-09 17:07:32,28,59,local
2026-08-09 17:07:32,27,63,remote
2026-08-09 17:07:34,28,59,local
2026-08-09 17:07:34,27,64,remote
2026-08-09 17:07:36,28,59,local
2026-08-09 17:07:36,27,64,remote
2026-08-09 17:07:38,28,59,local
2026-08-09 17:07:38,27,64,remote
2026-08-09 17:07:40,28,59,local
2026-08-09 17:07:40,27,64,remote
2026-08-09 17:07:42,28,59,local
2026-08-09 17:07:42,27,64,remote
2026-08-09 17:07:44,27,59,local
2026-08-09 17:07:44,27,64,remote
2026-08-09 17:07:46,28,59,local
2026-08-09 17:07:46,27,64,remote
2026-08-09 17:07:48,28,59,local
2026-08-09 17:07:48,27,64,remote
2026-08-09 17:07:50,28,59,local
2026-08-09 17:07:50,27,64,remote
2026-08-09 17:07:52,28,59,local
2026-08-09 17:07:53,27,64,remote
2026-08-09 17:07:54,28,59,local
2026-08-09 17:07:55,27,64,remote
2026-08-09 17:07:56,28,59,local
2026-08-09 17:07:57,27,64,remote
2026-08-09 17:07:58,28,59,local
2026-08-09 17:07:59,27,64,remote
2026-08-09 17:08:00,28,59,local
2026-08-09 17:08:01,27,64,remote
2026-08-09 17:08:02,28,59,local
2026-08-09 17:08:03,27,64,remote
2026-08-09 17:08:05,28,59,local
2026-08-09 17:08:05,27,64,remote
2026-08-09 17:08:07,28,59,local
2026-08-09 17:08:07,27,64,remote
2026-08-09 17:08:09,28,59,local
2026-08-09 17:08:09,27,64,remote
2026-08-09 17:08:11,28,59,local
2026-08-09 17:08:11,27,64,remote
2026-08-09 17:08:13,27,60,local
2026-08-09 17:08:13,27,64,remote
2026-08-09 17:08:15,28,59,local
2026-08-09 17:08:15,27,64,remote
2026-08-09 17:08:17,28,59,local
2026-08-09 17:08:17,27,64,remote
2026-08-09 17:08:19,28,59,local
2026-08-09 17:08:19,27,64,remote
2026-08-09 17:08:21,28,59,local
2026-08-09 17:08:21,27,64,remote
2026-08-09 17:08:23,28,59,local
2026-08-09 17:08:23,27,64,remote
2026-08-09 17:08:25,28,59,local
2026-08-09 17:08:25,27,64,remote
2026-08-09 17:08:27,28,59,local
2026-08-09 17:08:27,27,64,remote
2026-08-09 17:08:29,28,59,local
2026-08-09 17:08:29,27,64,remote
2026-08-09 17:08:31,28,59,local
2026-08-09 17:08:31,27,64,remote
2026-08-09 17:08:33,28,59,local
2026-08-09 17:08:33,27,64,remote
2026-08-09 17:08:35,28,59,local
2026-08-09 17:08:35,27,64,remote
2026-08-09 17:08:37,28,59,local
2026-08-09 17:08:37,27,64,remote
2026-08-09 17:08:39,28,59,local
2026-08-09 17:08:39,27,64,remote
2026-08-09 17:08:41,28,59,local
2026-08-09 17:08:41,27,64,remote
2026-08-09 17:08:43,28,59,local
2026-08-09 17:08:43,27,64,remote
2026-08-09 17:08:45,28,59,local
2026-08-09 17:08:45,27,64,remote
2026-08-09 17:08:47,28,59,local
2026-08-09 17:08:47,27,64,remote
2026-08-09 17:08:49,28,59,local
2026-08-09 17:08:49,27,64,remote
2026-08-09 17:08:51,28,59,local
2026-08-09 17:08:51,27,64,remote
2026-08-09 17:08:53,28,59,local
2026-08-09 17:08:53,27,64,remote
2026-08-09 17:08:55,28,59,local
2026-08-09 17:08:55,27,64,remote
2026-08-09 17:08:57,28,59,local
2026-08-09 17:08:57,27,64,remote
2026-08-09 17:08:59,28,59,local
2026-08-09 17:09:00,27,64,remote
2026-08-09 17:09:01,28,59,local
2026-08-09 17:09:02,27,64,remote
2026-08-09 17:09:03,28,59,local
2026-08-09 17:09:04,27,64,remote
2026-08-09 17:09:05,28,59,local
2026-08-09 17:09:06,27,64,remote
2026-08-09 17:09:07,28,59,local
2026-08-09 17:09:08,27,64,remote
2026-08-09 17:09:09,28,59,local
2026-08-09 17:09:10,27,64,remote
2026-08-09 17:09:11,28,59,local
2026-08-09 17:09:12,27,64,remote
2026-08-09 17:09:13,28,59,local
2026-08-09 17:09:14,27,64,remote
2026-08-09 17:09:15,28,59,local
2026-08-09 17:09:16,27,64,remote
2026-08-09 17:09:17,28,59,local
2026-08-09 17:09:18,27,64,remote
2026-08-09 17:09:19,28,59,local
2026-08-09 17:09:20,27,64,remote
2026-08-09 17:09:21,28,59,local
2026-08-09 17:09:22,27,64,remote
2026-08-09 17:09:23,28,59,local
2026-08-09 17:09:24,27,64,remote
2026-08-09 17:09:25,28,59,local
2026-08-09 17:09:26,27,64,remote
2026-08-09 17:09:27,28,59,local
2026-08-09 17:09:28,27,64,remote
2026-08-09 17:09:29,28,59,local
2026-08-09 17:09:30,27,64,remote
2026-08-09 17:09:32,28,59,local
2026-08-09 17:09:32,27,64,remote
2026-08-09 17:09:34,28,59,local
2026-08-09 17:09:34,27,64,remote
2026-08-09 17:09:36,28,59,local
2026-08-09 17:09:36,27,63,remote
2026-08-09 17:09:38,28,59,local
2026-08-09 17:09:38,27,63,remote
2026-08-09 17:09:40,28,59,local
2026-08-09 17:09:40,27,63,remote
2026-08-09 17:09:42,28,59,local
2026-08-09 17:09:42,27,63,remote
2026-08-09 17:09:44,28,59,local
2026-08-09 17:09:44,27,63,remote
2026-08-09 17:09:46,28,59,local
2026-08-09 17:09:46,27,63,remote
2026-08-09 17:09:48,28,59,local
2026-08-09 17:09:48,27,63,remote
2026-08-09 17:09:50,28,59,local
2026-08-09 17:09:50,27,63,remote
2026-08-09 17:09:52,28,59,local
2026-08-09 17:09:52,27,63,remote
2026-08-09 17:09:54,28,59,local
2026-08-09 17:09:54,27,63,remote
2026-08-09 17:09:56,28,59,local
2026-08-09 17:09:56,27,63,remote
2026-08-09 17:09:58,28,59,local
2026-08-09 17:09:58,27,63,remote
2026-08-09 17:10:00,28,59,local
2026-08-09 17:10:00,27,63,remote
2026-08-09 17:10:02,28,59,local
2026-08-09 17:10:02,27,63,remote
2026-08-09 17:10:04,28,59,local
2026-08-09 17:10:04,27,63,remote
2026-08-09 17:10:06,28,59,local
2026-08-09 17:10:06,27,63,remote
2026-08-09 17:10:08,28,59,local
2026-08-09 17:10:09,27,63,remote
2026-08-09 17:10:10,28,59,local
2026-08-09 17:10:11,27,63,remote
2026-08-09 17:10:12,28,59,local
2026-08-09 17:10:13,27,63,remote
2026-08-09 17:10:14,28,59,local
2026-08-09 17:10:15,27,64,remote
2026-08-09 17:10:16,28,59,local
2026-08-09 17:10:17,27,64,remote
2026-08-09 17:10:18,28,59,local
2026-08-09 17:10:19,27,64,remote
2026-08-09 17:10:20,28,59,local
2026-08-09 17:10:21,27,64,remote
2026-08-09 17:10:22,28,59,local
2026-08-09 17:10:23,27,64,remote
2026-08-09 17:10:24,28,59,local
2026-08-09 17:10:25,27,64,remote
2026-08-09 17:10:26,28,59,local
2026-08-09 17:10:27,27,64,remote
2026-08-09 17:10:28,28,59,local
2026-08-09 17:10:29,27,64,remote
2026-08-09 17:10:30,28,59,local
2026-08-09 17:10:31,27,64,remote
2026-08-09 17:10:32,28,59,local
2026-08-09 17:10:33,27,64,remote
2026-08-09 17:10:34,28,59,local
2026-08-09 17:10:35,27,64,remote
2026-08-09 17:10:36,28,59,local
2026-08-09 17:10:37,27,64,remote
2026-08-09 17:10:38,28,59,local
2026-08-09 17:10:39,27,64,remote
2026-08-09 17:10:40,28,59,local
2026-08-09 17:10:41,27,64,remote
2026-08-09 17:10:42,28,59,local
2026-08-09 17:10:43,27,64,remote
2026-08-09 17:10:44,28,59,local
2026-08-09 17:10:45,27,64,remote
2026-08-09 17:10:46,28,59,local
2026-08-09 17:10:47,27,64,remote
2026-08-09 17:10:48,28,59,local
2026-08-09 17:10:49,27,64,remote
2026-08-09 17:10:50,28,59,local
2026-08-09 17:10:51,27,63,remote
2026-08-09 17:10:52,28,59,local
2026-08-09 17:10:53,27,63,remote
2026-08-09 17:10:54,28,59,local
2026-08-09 17:10:55,27,63,remote
2026-08-09 17:10:57,28,59,local
2026-08-09 17:10:57,27,63,remote
2026-08-09 17:10:59,28,59,local
2026-08-09 17:10:59,27,63,remote
2026-08-09 17:11:01,28,59,local
2026-08-09 17:11:01,27,63,remote
2026-08-09 17:11:03,28,59,local
2026-08-09 17:11:03,27,63,remote
2026-08-09 17:11:05,28,59,local
2026-08-09 17:11:05,27,63,remote
2026-08-09 17:11:07,28,59,local
2026-08-09 17:11:07,27,63,remote
2026-08-09 17:11:09,28,59,local
2026-08-09 17:11:09,27,63,remote
2026-08-09 17:11:11,28,59,local
2026-08-09 17:11:11,27,63,remote
2026-08-09 17:11:13,28,59,local
2026-08-09 17:11:13,27,63,remote
2026-08-09 17:11:15,28,59,local
2026-08-09 17:11:16,27,63,remote
2026-08-09 17:11:17,28,59,local
2026-08-09 17:11:18,27,63,remote
2026-08-09 17:11:19,28,59,local
2026-08-09 17:11:20,27,63,remote
2026-08-09 17:11:21,28,59,local
2026-08-09 17:11:22,27,63,remote
2026-08-09 17:11:23,28,59,local
2026-08-09 17:11:24,27,63,remote
2026-08-09 17:11:25,28,59,local
2026-08-09 17:11:26,27,63,remote
2026-08-09 17:11:27,28,59,local
2026-08-09 17:11:28,27,63,remote
2026-08-09 17:11:29,28,59,local
2026-08-09 17:11:30,27,63,remote
2026-08-09 17:11:31,28,59,local
2026-08-09 17:11:32,27,63,remote
2026-08-09 17:11:33,28,59,local
2026-08-09 17:11:34,27,63,remote
2026-08-09 17:11:35,28,59,local
2026-08-09 17:11:36,27,63,remote
2026-08-09 17:11:37,28,59,local
2026-08-09 17:11:38,27,63,remote
2026-08-09 17:11:39,28,59,local
2026-08-09 17:11:40,27,63,remote
2026-08-09 17:11:41,28,59,local
2026-08-09 17:11:42,27,63,remote
2026-08-09 17:11:43,28,59,local
2026-08-09 17:11:44,27,63,remote
2026-08-09 17:11:45,28,59,local
2026-08-09 17:11:46,27,63,remote
2026-08-09 17:11:47,28,59,local
2026-08-09 17:11:48,27,63,remote
2026-08-09 17:11:49,28,59,local
2026-08-09 17:11:50,27,63,remote
2026-08-09 17:11:51,28,59,local
2026-08-09 17:11:52,27,63,remote
2026-08-09 17:11:53,28,59,local
2026-08-09 17:11:54,27,63,remote
2026-08-09 17:11:55,28,59,local
2026-08-09 17:11:56,27,63,remote
2026-08-09 17:11:57,28,59,local
2026-08-09 17:11:58,27,63,remote
2026-08-09 17:11:59,28,59,local
2026-08-09 17:12:00,27,63,remote
2026-08-09 17:12:01,28,59,local
2026-08-09 17:12:02,27,63,remote
2026-08-09 17:12:03,28,59,local
2026-08-09 17:12:04,27,63,remote
2026-08-09 17:12:05,28,59,local
2026-08-09 17:12:06,27,63,remote
2026-08-09 17:12:07,28,59,local
2026-08-09 17:12:08,27,63,remote
2026-08-09 17:12:09,28,59,local
2026-08-09 17:12:10,27,63,remote
2026-08-09 17:12:11,28,59,local
2026-08-09 17:12:12,27,63,remote
2026-08-09 17:12:13,28,59,local
2026-08-09 17:12:14,27,63,remote
2026-08-09 17:12:15,28,59,local
2026-08-09 17:12:16,27,63,remote
2026-08-09 17:12:17,28,59,local
2026-08-09 17:12:18,27,63,remote
2026-08-09 17:12:19,28,59,local
2026-08-09 17:12:20,27,63,remote
2026-08-09 17:12:21,28,59,local
2026-08-09 17:12:23,27,63,remote
2026-08-09 17:12:24,28,59,local
2026-08-09 17:12:25,27,63,remote
2026-08-09 17:12:26,28,59,local
2026-08-09 17:12:27,27,63,remote
2026-08-09 17:12:28,28,59,local
2026-08-09 17:12:29,27,63,remote
2026-08-09 17:12:30,28,59,local
2026-08-09 17:12:31,27,63,remote
2026-08-09 17:12:32,28,59,local
2026-08-09 17:12:33,27,63,remote
2026-08-09 17:12:34,28,59,local
2026-08-09 17:12:35,27,63,remote
2026-08-09 17:12:36,28,59,local
2026-08-09 17:12:37,27,63,remote
2026-08-09 17:12:38,28,59,local
2026-08-09 17:12:39,27,63,remote
2026-08-09 17:12:40,28,59,local
2026-08-09 17:12:41,27,63,remote
2026-08-09 17:12:42,28,59,local
2026-08-09 17:12:43,27,63,remote
2026-08-09 17:12:44,28,59,local
2026-08-09 17:12:45,27,63,remote
2026-08-09 17:12:46,28,59,local
2026-08-09 17:12:47,27,63,remote
2026-08-09 17:12:48,28,59,local
2026-08-09 17:12:49,27,63,remote
2026-08-09 17:12:50,28,59,local
2026-08-09 17:12:51,27,63,remote
2026-08-09 17:12:52,28,59,local
2026-08-09 17:12:53,27,63,remote
2026-08-09 17:12:54,28,59,local
2026-08-09 17:12:55,27,63,remote
2026-08-09 17:12:56,28,59,local
2026-08-09 17:12:57,27,63,remote
2026-08-09 17:12:58,28,59,local
2026-08-09 17:12:59,27,63,remote
2026-08-09 17:13:00,28,59,local
2026-08-09 17:13:01,27,63,remote
2026-08-09 17:13:02,28,59,local
2026-08-09 17:13:03,27,63,remote
2026-08-09 17:13:04,28,59,local
2026-08-09 17:13:05,27,63,remote
2026-08-09 17:13:06,28,59,local
2026-08-09 17:13:07,27,63,remote
2026-08-09 17:13:08,28,59,local
2026-08-09 17:13:09,27,63,remote
2026-08-09 17:13:10,28,59,local
2026-08-09 17:13:11,27,63,remote
2026-08-09 17:13:12,28,59,local
2026-08-09 17:13:13,27,63,remote
2026-08-09 17:13:14,28,59,local
2026-08-09 17:13:15,27,63,remote
2026-08-09 17:13:16,28,59,local
2026-08-09 17:13:17,27,63,remote
2026-08-09 17:13:18,28,59,local
2026-08-09 17:13:19,27,63,remote
2026-08-09 17:13:20,28,59,local
2026-08-09 17:13:21,27,63,remote
2026-08-09 17:13:22,28,59,local
2026-08-09 17:13:23,27,63,remote
2026-08-09 17:13:24,28,59,local
2026-08-09 17:13:25,27,63,remote
2026-08-09 17:13:26,28,59,local
2026-08-09 17:13:27,27,63,remote
2026-08-09 17:13:28,28,59,local
2026-08-09 17:13:30,27,63,remote
2026-08-09 17:13:30,28,59,local
2026-08-09 17:13:32,27,63,remote
2026-08-09 17:13:32,28,59,local
2026-08-09 17:13:34,27,63,remote
2026-08-09 17:13:34,28,59,local
2026-08-09 17:13:36,27,63,remote
2026-08-09 17:13:36,28,59,local
2026-08-09 17:13:38,27,63,remote
2026-08-09 17:13:38,28,59,local
2026-08-09 17:13:40,27,63,remote
2026-08-09 17:13:40,28,59,local
2026-08-09 17:13:42,27,63,remote
2026-08-09 17:13:42,28,59,local
2026-08-09 17:13:44,27,63,remote
2026-08-09 17:13:44,28,59,local
2026-08-09 17:13:46,27,63,remote
2026-08-09 17:13:46,28,59,local
2026-08-09 17:13:48,27,63,remote
2026-08-09 17:13:49,28,59,local
2026-08-09 17:13:50,27,63,remote
2026-08-09 17:13:51,28,59,local
2026-08-09 17:13:52,27,63,remote
2026-08-09 17:13:53,28,59,local
2026-08-09 17:13:54,27,63,remote
2026-08-09 17:13:55,28,59,local
2026-08-09 17:13:56,27,63,remote
2026-08-09 17:13:57,28,59,local
2026-08-09 17:13:58,27,64,remote
2026-08-09 17:13:59,28,59,local
2026-08-09 17:14:00,27,64,remote
2026-08-09 17:14:01,28,59,local
2026-08-09 17:14:02,27,68,remote
2026-08-09 17:14:03,28,59,local
2026-08-09 17:14:04,27,70,remote
2026-08-09 17:14:05,28,59,local
2026-08-09 17:14:06,27,72,remote
2026-08-09 17:14:07,28,59,local
2026-08-09 17:14:08,27,73,remote
2026-08-09 17:14:09,28,59,local
2026-08-09 17:14:10,28,75,remote
2026-08-09 17:14:11,28,59,local
2026-08-09 17:14:12,28,76,remote
2026-08-09 17:14:13,28,57,local
2026-08-09 17:14:14,28,77,remote
2026-08-09 17:14:15,28,59,local
2026-08-09 17:14:16,28,78,remote
2026-08-09 17:14:17,28,62,local
2026-08-09 17:14:18,29,79,remote
2026-08-09 17:14:19,28,64,local
2026-08-09 17:14:20,29,79,remote
2026-08-09 17:14:21,28,66,local
2026-08-09 17:14:22,29,80,remote
2026-08-09 17:14:23,28,68,local
2026-08-09 17:14:24,29,80,remote
2026-08-09 17:14:25,28,70,local
2026-08-09 17:14:26,29,81,remote
2026-08-09 17:14:27,29,71,local
2026-08-09 17:14:28,30,81,remote
2026-08-09 17:14:29,29,72,local
2026-08-09 17:14:30,30,82,remote
2026-08-09 17:14:31,29,73,local
2026-08-09 17:14:32,30,82,remote
2026-08-09 17:14:33,29,74,local
2026-08-09 17:14:34,30,82,remote
2026-08-09 17:14:35,30,74,local
2026-08-09 17:14:37,30,82,remote
2026-08-09 17:14:37,30,75,local
2026-08-09 17:14:39,30,82,remote
2026-08-09 17:14:39,30,75,local
2026-08-09 17:14:41,31,83,remote
2026-08-09 17:14:41,30,76,local
2026-08-09 17:14:43,31,83,remote
2026-08-09 17:14:43,30,76,local
2026-08-09 17:14:45,31,83,remote
2026-08-09 17:14:45,31,76,local
2026-08-09 17:14:47,31,83,remote
2026-08-09 17:14:47,31,77,local
2026-08-09 17:14:49,31,83,remote
2026-08-09 17:14:49,31,69,local
2026-08-09 17:14:51,31,83,remote
2026-08-09 17:14:51,31,76,local
2026-08-09 17:14:53,31,81,remote
2026-08-09 17:14:53,31,74,local
2026-08-09 17:14:55,31,79,remote
2026-08-09 17:14:55,31,73,local
2026-08-09 17:14:57,31,77,remote
2026-08-09 17:14:57,31,71,local
2026-08-09 17:14:59,31,75,remote
2026-08-09 17:14:59,31,68,local
2026-08-09 17:15:01,31,73,remote
2026-08-09 17:15:01,31,66,local
2026-08-09 17:15:03,31,71,remote
2026-08-09 17:15:03,31,64,local
2026-08-09 17:15:05,31,68,remote
2026-08-09 17:15:05,31,62,local
2026-08-09 17:15:07,31,66,remote
2026-08-09 17:15:07,31,61,local
2026-08-09 17:15:09,31,64,remote
2026-08-09 17:15:09,31,59,local
2026-08-09 17:15:11,31,63,remote
2026-08-09 17:15:11,31,58,local
2026-08-09 17:15:13,31,61,remote
2026-08-09 17:15:13,31,57,local
2026-08-09 17:15:15,31,60,remote
2026-08-09 17:15:16,31,56,local
2026-08-09 17:15:17,31,59,remote
2026-08-09 17:15:18,31,55,local
2026-08-09 17:15:19,31,58,remote
2026-08-09 17:15:20,31,55,local
2026-08-09 17:15:21,31,57,remote
2026-08-09 17:15:22,31,54,local
2026-08-09 17:15:23,31,57,remote
2026-08-09 17:15:24,31,54,local
2026-08-09 17:15:25,31,56,remote
2026-08-09 17:15:26,31,53,local
2026-08-09 17:15:27,31,56,remote
2026-08-09 17:15:28,31,53,local
2026-08-09 17:15:29,31,56,remote
2026-08-09 17:15:30,31,53,local
2026-08-09 17:15:31,31,55,remote
2026-08-09 17:15:32,31,53,local
2026-08-09 17:15:33,31,55,remote
2026-08-09 17:15:34,31,52,local
2026-08-09 17:15:35,31,55,remote
2026-08-09 17:15:36,31,52,local
2026-08-09 17:15:37,31,55,remote
2026-08-09 17:15:38,31,52,local
2026-08-09 17:15:39,31,54,remote
2026-08-09 17:15:40,31,52,local
2026-08-09 17:15:42,30,54,remote
2026-08-09 17:15:42,31,52,local
2026-08-09 17:15:44,30,54,remote
2026-08-09 17:15:44,31,52,local
2026-08-09 17:15:46,30,54,remote
2026-08-09 17:15:46,31,52,local
2026-08-09 17:15:48,30,54,remote
2026-08-09 17:15:48,31,52,local
2026-08-09 17:15:50,30,54,remote
2026-08-09 17:15:50,31,52,local
2026-08-09 17:15:52,30,54,remote
2026-08-09 17:15:52,30,52,local
2026-08-09 17:15:54,30,54,remote
2026-08-09 17:15:54,30,52,local
2026-08-09 17:15:56,30,54,remote
2026-08-09 17:15:56,30,52,local
2026-08-09 17:15:58,30,54,remote
2026-08-09 17:15:58,30,52,local
2026-08-09 17:16:00,30,54,remote
2026-08-09 17:16:00,30,52,local
2026-08-09 17:16:02,30,54,remote
2026-08-09 17:16:02,30,52,local
2026-08-09 17:16:04,30,54,remote
2026-08-09 17:16:04,30,52,local
2026-08-09 17:16:06,30,54,remote
2026-08-09 17:16:06,30,52,local
2026-08-09 17:16:08,30,54,remote
2026-08-09 17:16:08,30,52,local
2026-08-09 17:16:10,30,54,remote
2026-08-09 17:16:10,30,52,local
2026-08-09 17:16:12,30,54,remote
2026-08-09 17:16:12,30,52,local
2026-08-09 17:16:14,30,54,remote
2026-08-09 17:16:14,30,52,local
2026-08-09 17:16:16,30,54,remote
2026-08-09 17:16:16,30,52,local
2026-08-09 17:16:18,30,54,remote
2026-08-09 17:16:18,30,52,local
2026-08-09 17:16:20,30,54,remote
2026-08-09 17:16:20,30,52,local
2026-08-09 17:16:22,30,54,remote
2026-08-09 17:16:22,30,52,local
2026-08-09 17:16:24,29,54,remote
2026-08-09 17:16:24,30,52,local
2026-08-09 17:16:26,29,54,remote
2026-08-09 17:16:26,30,52,local
2026-08-09 17:16:28,29,54,remote
2026-08-09 17:16:28,29,52,local
2026-08-09 17:16:30,29,54,remote
2026-08-09 17:16:30,29,52,local
2026-08-09 17:16:32,29,55,remote
2026-08-09 17:16:32,29,53,local
2026-08-09 17:16:34,29,55,remote
2026-08-09 17:16:34,29,53,local
2026-08-09 17:16:36,29,55,remote
2026-08-09 17:16:36,29,53,local
2026-08-09 17:16:38,29,55,remote
2026-08-09 17:16:38,29,53,local
2026-08-09 17:16:40,29,55,remote
2026-08-09 17:16:40,29,53,local
2026-08-09 17:16:42,29,55,remote
2026-08-09 17:16:43,29,53,local
2026-08-09 17:16:44,29,55,remote
2026-08-09 17:16:45,29,53,local
2026-08-09 17:16:46,29,55,remote
2026-08-09 17:16:47,29,53,local
2026-08-09 17:16:49,29,56,remote
2026-08-09 17:16:49,29,54,local
2026-08-09 17:16:51,29,56,remote
2026-08-09 17:16:51,29,54,local
2026-08-09 17:16:53,29,56,remote
2026-08-09 17:16:53,29,54,local
2026-08-09 17:16:55,29,56,remote
2026-08-09 17:16:55,29,54,local
2026-08-09 17:16:57,29,56,remote
2026-08-09 17:16:57,29,54,local
2026-08-09 17:16:59,29,56,remote
2026-08-09 17:16:59,29,54,local
2026-08-09 17:17:01,29,56,remote
2026-08-09 17:17:01,29,55,local
2026-08-09 17:17:03,29,56,remote
2026-08-09 17:17:03,29,55,local
2026-08-09 17:17:05,29,56,remote
2026-08-09 17:17:05,29,55,local
2026-08-09 17:17:07,29,57,remote
2026-08-09 17:17:07,29,55,local
2026-08-09 17:17:09,29,55,local
2026-08-09 17:17:09,29,57,remote
2026-08-09 17:17:11,29,55,local
2026-08-09 17:17:11,29,57,remote
2026-08-09 17:17:13,29,57,remote
2026-08-09 17:17:15,28,55,local
2026-08-09 17:17:15,29,57,remote
2026-08-09 17:17:17,28,55,local
2026-08-09 17:17:17,29,57,remote
2026-08-09 17:17:19,28,55,local
2026-08-09 17:17:19,28,57,remote
2026-08-09 17:17:21,28,55,local
2026-08-09 17:17:21,28,57,remote
2026-08-09 17:17:23,28,55,local
2026-08-09 17:17:23,28,57,remote
2026-08-09 17:17:25,28,56,local
2026-08-09 17:17:25,28,57,remote
2026-08-09 17:17:27,28,56,local
2026-08-09 17:17:27,28,57,remote
2026-08-09 17:17:29,28,56,local
2026-08-09 17:17:29,28,57,remote
2026-08-09 17:17:31,28,56,local
2026-08-09 17:17:31,28,57,remote
2026-08-09 17:17:33,28,56,local
2026-08-09 17:17:33,28,57,remote
2026-08-09 17:17:35,28,56,local
2026-08-09 17:17:35,28,57,remote
2026-08-09 17:17:37,28,56,local
2026-08-09 17:17:37,28,57,remote
2026-08-09 17:17:39,28,56,local
2026-08-09 17:17:39,28,58,remote
2026-08-09 17:17:41,28,56,local
2026-08-09 17:17:41,28,58,remote
2026-08-09 17:17:43,28,56,local
2026-08-09 17:17:43,28,58,remote
2026-08-09 17:17:45,28,56,local
2026-08-09 17:17:45,28,58,remote
2026-08-09 17:17:47,28,56,local
2026-08-09 17:17:47,28,58,remote
2026-08-09 17:17:49,28,56,local
2026-08-09 17:17:49,28,58,remote
2026-08-09 17:17:51,28,57,local
2026-08-09 17:17:51,28,58,remote
2026-08-09 17:17:53,28,57,local
2026-08-09 17:17:53,28,58,remote
2026-08-09 17:17:55,28,57,local
2026-08-09 17:17:56,28,58,remote
2026-08-09 17:17:57,28,57,local
2026-08-09 17:17:58,28,58,remote
2026-08-09 17:17:59,28,57,local
2026-08-09 17:18:00,28,58,remote
2026-08-09 17:18:01,28,57,local
2026-08-09 17:18:02,28,58,remote
2026-08-09 17:18:03,28,57,local
2026-08-09 17:18:04,28,58,remote
2026-08-09 17:18:05,28,57,local
2026-08-09 17:18:06,28,58,remote
2026-08-09 17:18:08,28,57,local
2026-08-09 17:18:08,28,58,remote
2026-08-09 17:18:10,28,57,local
2026-08-09 17:18:10,28,58,remote
2026-08-09 17:18:12,28,57,local
2026-08-09 17:18:12,28,59,remote
2026-08-09 17:18:14,28,58,local
2026-08-09 17:18:14,28,59,remote
2026-08-09 17:18:16,28,58,local
2026-08-09 17:18:16,28,59,remote
2026-08-09 17:18:18,28,58,local
2026-08-09 17:18:18,28,59,remote
2026-08-09 17:18:20,27,58,local
2026-08-09 17:18:20,28,59,remote
2026-08-09 17:18:22,28,58,local
2026-08-09 17:18:22,28,59,remote
2026-08-09 17:18:24,27,58,local
2026-08-09 17:18:24,28,59,remote
2026-08-09 17:18:26,27,58,local
2026-08-09 17:18:26,28,59,remote
2026-08-09 17:18:28,27,58,local
2026-08-09 17:18:28,28,59,remote
2026-08-09 17:18:30,27,58,local
2026-08-09 17:18:30,28,59,remote
2026-08-09 17:18:32,27,58,local
2026-08-09 17:18:32,28,59,remote
2026-08-09 17:18:34,27,58,local
2026-08-09 17:18:34,28,59,remote
2026-08-09 17:18:36,27,58,local
2026-08-09 17:18:36,28,59,remote
2026-08-09 17:18:38,27,59,local
2026-08-09 17:18:38,28,59,remote
2026-08-09 17:18:40,27,59,local
2026-08-09 17:18:40,28,59,remote
2026-08-09 17:18:42,27,59,local
2026-08-09 17:18:42,28,60,remote
2026-08-09 17:18:44,27,59,local
2026-08-09 17:18:44,28,60,remote
2026-08-09 17:18:46,27,59,local
2026-08-09 17:18:46,28,60,remote
2026-08-09 17:18:48,27,59,local
2026-08-09 17:18:48,28,60,remote
2026-08-09 17:18:50,27,59,local
2026-08-09 17:18:50,28,60,remote
2026-08-09 17:18:52,27,59,local
2026-08-09 17:18:52,27,60,remote
2026-08-09 17:18:54,27,59,local
2026-08-09 17:18:54,27,60,remote
2026-08-09 17:18:56,27,59,local
2026-08-09 17:18:56,27,60,remote
2026-08-09 17:18:58,27,59,local
2026-08-09 17:18:58,27,60,remote
2026-08-09 17:19:00,27,59,local
2026-08-09 17:19:00,27,60,remote
2026-08-09 17:19:02,27,59,local
2026-08-09 17:19:03,27,60,remote
2026-08-09 17:19:04,27,59,local
2026-08-09 17:19:05,27,60,remote
2026-08-09 17:19:06,27,60,local
2026-08-09 17:19:07,27,60,remote
2026-08-09 17:19:08,27,60,local
2026-08-09 17:19:09,27,60,remote
2026-08-09 17:19:10,27,60,local
2026-08-09 17:19:11,27,60,remote
2026-08-09 17:19:12,27,60,local
2026-08-09 17:19:13,27,60,remote
2026-08-09 17:19:14,27,60,local
2026-08-09 17:19:15,27,60,remote
2026-08-09 17:19:16,27,60,local
2026-08-09 17:19:17,27,60,remote
2026-08-09 17:19:18,27,60,local
2026-08-09 17:19:19,27,60,remote
2026-08-09 17:19:20,27,60,local
2026-08-09 17:19:21,27,60,remote
2026-08-09 17:19:22,27,60,local
2026-08-09 17:19:23,27,60,remote
2026-08-09 17:19:24,27,60,local
2026-08-09 17:19:25,27,61,remote
2026-08-09 17:19:26,27,60,local
2026-08-09 17:19:27,27,61,remote
2026-08-09 17:19:28,27,60,local
2026-08-09 17:19:29,27,61,remote
2026-08-09 17:19:30,27,60,local
2026-08-09 17:19:31,27,61,remote
2026-08-09 17:19:32,27,60,local
2026-08-09 17:19:33,27,61,remote
2026-08-09 17:19:35,27,60,local
2026-08-09 17:19:35,27,61,remote
2026-08-09 17:19:37,27,60,local
2026-08-09 17:19:37,27,61,remote
2026-08-09 17:19:39,27,60,local
2026-08-09 17:19:39,27,61,remote
2026-08-09 17:19:41,27,61,local
2026-08-09 17:19:41,27,61,remote
2026-08-09 17:19:43,27,61,local
2026-08-09 17:19:43,27,61,remote
2026-08-09 17:19:45,27,61,local
2026-08-09 17:19:45,27,61,remote
2026-08-09 17:19:47,27,61,local
2026-08-09 17:19:47,27,61,remote
2026-08-09 17:19:49,27,61,local
2026-08-09 17:19:49,27,61,remote
2026-08-09 17:19:51,27,61,local
2026-08-09 17:19:51,27,61,remote
2026-08-09 17:19:53,27,61,local
2026-08-09 17:19:53,27,61,remote
2026-08-09 17:19:55,27,61,local
2026-08-09 17:19:55,27,61,remote
2026-08-09 17:19:57,27,61,local
2026-08-09 17:19:57,27,61,remote
2026-08-09 17:19:59,27,61,local
2026-08-09 17:19:59,27,61,remote
2026-08-09 17:20:01,27,61,local
2026-08-09 17:20:01,27,61,remote
2026-08-09 17:20:03,27,61,local
2026-08-09 17:20:03,27,61,remote
2026-08-09 17:20:05,27,61,local
2026-08-09 17:20:05,27,61,remote
2026-08-09 17:20:07,27,61,local
2026-08-09 17:20:07,27,61,remote
2026-08-09 17:20:09,27,61,local
2026-08-09 17:20:10,27,61,remote
2026-08-09 17:20:11,27,61,local
2026-08-09 17:20:12,27,61,remote
2026-08-09 17:20:13,27,61,local
2026-08-09 17:20:14,27,61,remote
2026-08-09 17:20:15,27,61,local
2026-08-09 17:20:16,27,61,remote
2026-08-09 17:20:17,26,61,local
2026-08-09 17:20:18,27,62,remote
2026-08-09 17:20:19,27,61,local
2026-08-09 17:20:20,27,62,remote
2026-08-09 17:20:21,27,61,local
2026-08-09 17:20:22,27,62,remote
2026-08-09 17:20:23,26,61,local
2026-08-09 17:20:24,27,62,remote
2026-08-09 17:20:25,26,61,local
2026-08-09 17:20:26,27,62,remote
2026-08-09 17:20:27,26,61,local
2026-08-09 17:20:28,27,62,remote
2026-08-09 17:20:29,26,61,local
2026-08-09 17:20:30,27,62,remote
2026-08-09 17:20:31,26,62,local
2026-08-09 17:20:32,27,62,remote
2026-08-09 17:20:33,26,62,local
2026-08-09 17:20:34,27,62,remote
2026-08-09 17:20:35,26,62,local
2026-08-09 17:20:36,27,62,remote
2026-08-09 17:20:37,26,62,local
2026-08-09 17:20:38,27,62,remote
2026-08-09 17:20:39,26,62,local
2026-08-09 17:20:40,27,62,remote
2026-08-09 17:20:41,26,62,local
2026-08-09 17:20:42,27,62,remote
2026-08-09 17:20:43,26,62,local
2026-08-09 17:20:44,27,62,remote
2026-08-09 17:20:45,26,62,local
2026-08-09 17:20:46,27,62,remote
2026-08-09 17:20:47,26,62,local
2026-08-09 17:20:48,27,62,remote
2026-08-09 17:20:49,26,62,local
2026-08-09 17:20:50,27,62,remote
2026-08-09 17:20:51,26,62,local
2026-08-09 17:20:52,27,62,remote
2026-08-09 17:20:53,26,62,local
2026-08-09 17:20:54,27,62,remote
2026-08-09 17:20:55,26,62,local
2026-08-09 17:20:56,27,62,remote
2026-08-09 17:20:57,26,62,local
2026-08-09 17:20:58,27,62,remote
2026-08-09 17:21:00,26,62,local
2026-08-09 17:21:00,27,62,remote
2026-08-09 17:21:02,26,62,local
2026-08-09 17:21:02,27,62,remote
2026-08-09 17:21:04,26,62,local
2026-08-09 17:21:04,27,62,remote
2026-08-09 17:21:06,26,62,local
2026-08-09 17:21:06,27,62,remote
2026-08-09 17:21:08,26,62,local
2026-08-09 17:21:08,27,62,remote
2026-08-09 17:21:10,26,62,local
2026-08-09 17:21:10,27,62,remote
2026-08-09 17:21:12,26,62,local
2026-08-09 17:21:12,27,62,remote
2026-08-09 17:21:14,26,62,local
2026-08-09 17:21:14,27,62,remote
2026-08-09 17:21:16,26,62,local
2026-08-09 17:21:17,27,62,remote
2026-08-09 17:21:18,26,62,local
2026-08-09 17:21:19,27,62,remote
2026-08-09 17:21:20,26,62,local
2026-08-09 17:21:21,27,62,remote
2026-08-09 17:21:22,26,62,local
2026-08-09 17:21:23,27,62,remote
2026-08-09 17:21:24,26,62,local
2026-08-09 17:21:25,27,62,remote
2026-08-09 17:21:26,26,62,local
2026-08-09 17:21:27,27,63,remote
2026-08-09 17:21:28,26,63,local
2026-08-09 17:21:29,27,63,remote
2026-08-09 17:21:30,26,63,local
2026-08-09 17:21:31,27,63,remote
2026-08-09 17:21:32,26,63,local
2026-08-09 17:21:33,27,63,remote
2026-08-09 17:21:34,26,63,local
2026-08-09 17:21:35,27,63,remote
2026-08-09 17:21:36,26,63,local
2026-08-09 17:21:37,27,63,remote
2026-08-09 17:21:38,26,63,local
2026-08-09 17:21:39,27,63,remote
2026-08-09 17:21:40,26,63,local
2026-08-09 17:21:41,27,63,remote
2026-08-09 17:21:42,26,63,local
2026-08-09 17:21:43,27,63,remote
2026-08-09 17:21:44,26,63,local
2026-08-09 17:21:45,27,63,remote
2026-08-09 17:21:46,26,63,local
2026-08-09 17:21:47,27,63,remote
2026-08-09 17:21:48,26,63,local
2026-08-09 17:21:49,27,63,remote
2026-08-09 17:21:50,26,63,local
2026-08-09 17:21:51,27,63,remote
2026-08-09 17:21:52,26,63,local
2026-08-09 17:21:53,27,63,remote
2026-08-09 17:21:54,26,63,local
2026-08-09 17:21:55,27,63,remote
2026-08-09 17:21:56,26,63,local
2026-08-09 17:21:57,27,63,remote
2026-08-09 17:21:58,26,63,local
2026-08-09 17:21:59,27,63,remote
2026-08-09 17:22:00,26,63,local
2026-08-09 17:22:01,27,63,remote
2026-08-09 17:22:02,26,63,local
2026-08-09 17:22:03,27,63,remote
2026-08-09 17:22:04,26,63,local
2026-08-09 17:22:05,27,63,remote
2026-08-09 17:22:06,26,63,local
2026-08-09 17:22:07,27,63,remote
2026-08-09 17:22:08,26,63,local
2026-08-09 17:22:09,27,63,remote
2026-08-09 17:22:10,26,63,local
2026-08-09 17:22:11,27,63,remote
2026-08-09 17:22:12,26,63,local
2026-08-09 17:22:13,27,63,remote
2026-08-09 17:22:14,26,63,local
2026-08-09 17:22:15,27,63,remote
2026-08-09 17:22:16,26,63,local
2026-08-09 17:22:17,27,63,remote
2026-08-09 17:22:18,26,63,local
2026-08-09 17:22:19,27,63,remote
2026-08-09 17:22:20,26,63,local
2026-08-09 17:22:21,27,63,remote
2026-08-09 17:22:22,26,63,local
2026-08-09 17:22:24,27,63,remote
2026-08-09 17:22:24,26,63,local
2026-08-09 17:22:26,27,63,remote
2026-08-09 17:22:27,26,63,local
2026-08-09 17:22:28,27,63,remote
2026-08-09 17:22:29,26,63,local
2026-08-09 17:22:30,26,63,remote
2026-08-09 17:22:31,26,63,local
2026-08-09 17:22:32,26,63,remote
2026-08-09 17:22:33,26,63,local
2026-08-09 17:22:34,27,63,remote
2026-08-09 17:22:35,26,63,local
2026-08-09 17:22:36,26,63,remote
2026-08-09 17:22:37,26,63,local
2026-08-09 17:22:38,26,63,remote
2026-08-09 17:22:39,26,63,local
2026-08-09 17:22:40,26,63,remote
2026-08-09 17:22:41,26,63,local
2026-08-09 17:22:42,26,63,remote
2026-08-09 17:22:43,26,63,local
2026-08-09 17:22:44,26,64,remote
2026-08-09 17:22:45,26,63,local
2026-08-09 17:22:46,26,64,remote
2026-08-09 17:22:47,26,63,local
2026-08-09 17:22:48,26,64,remote
2026-08-09 17:22:49,26,63,local
2026-08-09 17:22:50,26,64,remote
2026-08-09 17:22:51,26,63,local
2026-08-09 17:22:52,26,64,remote
2026-08-09 17:22:53,26,63,local
2026-08-09 17:22:54,26,64,remote
2026-08-09 17:22:55,26,63,local
2026-08-09 17:22:56,26,64,remote
2026-08-09 17:22:57,26,63,local
2026-08-09 17:22:58,26,64,remote
2026-08-09 17:22:59,26,63,local
2026-08-09 17:23:00,26,64,remote
2026-08-09 17:23:01,26,64,local
2026-08-09 17:23:02,26,64,remote
2026-08-09 17:23:03,26,63,local
2026-08-09 17:23:04,26,64,remote
2026-08-09 17:23:05,26,63,local
2026-08-09 17:23:06,26,64,remote
2026-08-09 17:23:07,26,63,local
2026-08-09 17:23:08,26,64,remote
2026-08-09 17:23:09,26,63,local
2026-08-09 17:23:10,26,64,remote
2026-08-09 17:23:11,26,63,local
2026-08-09 17:23:12,26,64,remote
2026-08-09 17:23:13,26,63,local
2026-08-09 17:23:14,26,64,remote
2026-08-09 17:23:15,26,63,local
2026-08-09 17:23:16,26,64,remote
2026-08-09 17:23:17,26,63,local
2026-08-09 17:23:18,26,64,remote
2026-08-09 17:23:19,26,63,local
2026-08-09 17:23:20,26,64,remote
2026-08-09 17:23:21,26,63,local
2026-08-09 17:23:22,26,64,remote
2026-08-09 17:23:23,26,63,local
2026-08-09 17:23:24,26,64,remote
2026-08-09 17:23:25,26,63,local
2026-08-09 17:23:26,26,64,remote
2026-08-09 17:23:27,26,64,local
2026-08-09 17:23:28,26,64,remote
2026-08-09 17:23:29,26,64,local
2026-08-09 17:23:31,26,64,remote
2026-08-09 17:23:31,26,64,local
2026-08-09 17:23:33,26,64,remote
2026-08-09 17:23:33,26,63,local
2026-08-09 17:23:35,26,64,remote
2026-08-09 17:23:35,26,64,local
2026-08-09 17:23:37,26,64,remote
2026-08-09 17:23:37,26,64,local
2026-08-09 17:23:39,26,64,remote
2026-08-09 17:23:39,26,64,local
2026-08-09 17:23:41,26,64,remote
2026-08-09 17:23:41,26,64,local
2026-08-09 17:23:43,26,64,remote
2026-08-09 17:23:43,26,64,local
2026-08-09 17:23:45,26,64,remote
2026-08-09 17:23:45,26,64,local
2026-08-09 17:23:47,26,64,remote
2026-08-09 17:23:47,26,64,local
2026-08-09 17:23:49,26,64,remote
2026-08-09 17:23:49,26,64,local
2026-08-09 17:23:51,26,64,remote
2026-08-09 17:23:51,26,64,local
2026-08-09 17:23:53,26,64,remote
2026-08-09 17:23:54,26,64,local
2026-08-09 17:23:55,26,64,remote
2026-08-09 17:23:56,26,64,local
2026-08-09 17:23:57,26,64,remote
2026-08-09 17:23:58,26,64,local
2026-08-09 17:23:59,26,64,remote
2026-08-09 17:24:00,26,64,local
2026-08-09 17:24:01,26,64,remote
2026-08-09 17:24:02,26,64,local
2026-08-09 17:24:03,26,64,remote
2026-08-09 17:24:04,26,64,local
2026-08-09 17:24:05,26,64,remote
2026-08-09 17:24:06,26,64,local
2026-08-09 17:24:07,26,64,remote
2026-08-09 17:24:08,26,64,local
2026-08-09 17:24:09,26,64,remote
2026-08-09 17:24:10,26,64,local
2026-08-09 17:24:11,26,64,remote
2026-08-09 17:24:12,26,64,local
2026-08-09 17:24:13,26,64,remote
2026-08-09 17:24:14,26,64,local
2026-08-09 17:24:15,26,64,remote
2026-08-09 17:24:16,26,64,local
2026-08-09 17:24:17,26,64,remote
2026-08-09 17:24:18,26,64,local
2026-08-09 17:24:19,26,64,remote
2026-08-09 17:24:20,26,64,local
2026-08-09 17:24:21,26,64,remote
2026-08-09 17:24:22,26,64,local
2026-08-09 17:24:23,26,64,remote
2026-08-09 17:24:24,26,64,local
2026-08-09 17:24:25,26,64,remote
2026-08-09 17:24:26,26,64,local
2026-08-09 17:24:27,26,64,remote
2026-08-09 17:24:28,26,64,local
2026-08-09 17:24:29,26,64,remote
2026-08-09 17:24:30,26,64,local
2026-08-09 17:24:31,26,64,remote
2026-08-09 17:24:32,26,64,local
2026-08-09 17:24:33,26,64,remote
2026-08-09 17:24:34,26,64,local
2026-08-09 17:24:35,26,64,remote
2026-08-09 17:24:36,26,64,local
2026-08-09 17:24:38,26,64,remote
2026-08-09 17:24:38,26,64,local
2026-08-09 17:24:40,26,64,remote
2026-08-09 17:24:40,26,64,local
2026-08-09 17:24:42,26,64,remote
2026-08-09 17:24:42,26,64,local
2026-08-09 17:24:44,26,64,remote
2026-08-09 17:24:44,26,64,local
2026-08-09 17:24:46,26,64,remote
2026-08-09 17:24:46,26,64,local
2026-08-09 17:24:48,26,64,remote
2026-08-09 17:24:48,26,64,local
2026-08-09 17:24:50,26,64,remote
2026-08-09 17:24:50,26,64,local
2026-08-09 17:24:52,26,64,remote
2026-08-09 17:24:52,26,64,local
2026-08-09 17:24:54,26,64,remote
2026-08-09 17:24:54,26,64,local
2026-08-09 17:24:56,26,64,remote
2026-08-09 17:24:56,26,64,local
2026-08-09 17:24:58,26,64,remote
2026-08-09 17:24:58,26,64,local
2026-08-09 17:25:00,26,64,remote
2026-08-09 17:25:00,26,64,local
2026-08-09 17:25:02,26,64,remote
2026-08-09 17:25:02,26,64,local
2026-08-09 17:25:04,26,64,remote
2026-08-09 17:25:04,26,64,local
2026-08-09 17:25:06,26,64,remote
2026-08-09 17:25:06,26,64,local
2026-08-09 17:25:08,26,64,remote
2026-08-09 17:25:08,26,64,local
2026-08-09 17:25:10,26,64,remote
2026-08-09 17:25:10,26,64,local
2026-08-09 17:25:12,26,64,remote
2026-08-09 17:25:12,26,64,local
2026-08-09 17:25:14,26,64,remote
2026-08-09 17:25:14,26,64,local
2026-08-09 17:25:16,26,64,remote
2026-08-09 17:25:16,26,64,local
2026-08-09 17:25:18,26,64,remote
2026-08-09 17:25:19,26,64,local
2026-08-09 17:25:20,26,64,remote
2026-08-09 17:25:21,26,64,local
2026-08-09 17:25:22,26,64,remote
2026-08-09 17:25:23,26,64,local
2026-08-09 17:25:24,26,64,remote
2026-08-09 17:25:25,26,64,local
2026-08-09 17:25:26,26,64,remote
2026-08-09 17:25:27,26,64,local
2026-08-09 17:25:28,26,64,remote
2026-08-09 17:25:29,26,64,local
2026-08-09 17:25:30,26,64,remote
2026-08-09 17:25:31,26,64,local
2026-08-09 17:25:32,26,64,remote
2026-08-09 17:25:33,26,64,local
2026-08-09 17:25:34,26,64,remote
2026-08-09 17:25:35,26,64,local
2026-08-09 17:25:36,26,64,remote
2026-08-09 17:25:37,26,64,local
2026-08-09 17:25:38,26,64,remote
2026-08-09 17:25:39,26,64,local
2026-08-09 17:25:40,26,64,remote
2026-08-09 17:25:41,26,64,local
2026-08-09 17:25:42,26,64,remote
2026-08-09 17:25:43,26,64,local
2026-08-09 17:25:44,26,64,remote
2026-08-09 17:25:45,26,64,local
2026-08-09 17:25:47,26,64,remote
2026-08-09 17:25:47,26,64,local
2026-08-09 17:25:49,26,64,remote
2026-08-09 17:25:49,26,64,local
2026-08-09 17:25:51,26,64,remote
2026-08-09 17:25:51,26,64,local
2026-08-09 17:25:53,26,64,remote
2026-08-09 17:25:53,26,64,local
2026-08-09 17:25:55,26,64,remote
2026-08-09 17:25:55,26,64,local
2026-08-09 17:25:57,26,64,remote
2026-08-09 17:25:57,26,64,local
2026-08-09 17:25:59,26,64,remote
2026-08-09 17:25:59,26,64,local
2026-08-09 17:26:01,26,64,remote
2026-08-09 17:26:01,26,64,local
2026-08-09 17:26:03,26,64,remote
2026-08-09 17:26:03,26,64,local
2026-08-09 17:26:05,26,64,remote
2026-08-09 17:26:05,26,64,local
2026-08-09 17:26:07,26,64,remote
2026-08-09 17:26:07,26,64,local
2026-08-09 17:26:09,26,64,remote
2026-08-09 17:26:09,26,64,local
2026-08-09 17:26:11,26,64,remote
2026-08-09 17:26:11,26,64,local
2026-08-09 17:26:13,26,64,remote
2026-08-09 17:26:13,26,64,local
2026-08-09 17:26:15,26,64,remote
2026-08-09 17:26:15,26,64,local
2026-08-09 17:26:17,26,64,remote
2026-08-09 17:26:17,26,64,local
2026-08-09 17:26:19,26,64,remote
2026-08-09 17:26:19,26,64,local
2026-08-09 17:26:21,26,64,remote
2026-08-09 17:26:21,26,64,local
2026-08-09 17:26:23,26,64,remote
2026-08-09 17:26:23,26,64,local
2026-08-09 17:26:25,26,64,remote
2026-08-09 17:26:25,26,64,local
2026-08-09 17:26:27,26,64,remote
2026-08-09 17:26:27,26,64,local
2026-08-09 17:26:29,26,64,remote
2026-08-09 17:26:29,26,64,local
2026-08-09 17:26:31,26,64,remote
2026-08-09 17:26:31,26,64,local
2026-08-09 17:26:33,26,64,remote
2026-08-09 17:26:33,26,64,local
2026-08-09 17:26:35,26,64,remote
2026-08-09 17:26:35,26,64,local
2026-08-09 17:26:37,26,64,remote
2026-08-09 17:26:37,26,64,local
2026-08-09 17:26:39,26,64,remote
2026-08-09 17:26:39,26,64,local
2026-08-09 17:26:41,26,64,remote
2026-08-09 17:26:41,26,64,local
2026-08-09 17:26:43,26,64,remote
2026-08-09 17:26:43,26,64,local
2026-08-09 17:26:45,26,64,remote
2026-08-09 17:26:46,26,64,local
2026-08-09 17:26:47,26,64,remote
2026-08-09 17:26:48,26,64,local
2026-08-09 17:26:49,26,64,remote
2026-08-09 17:26:50,26,64,local
2026-08-09 17:26:51,26,64,remote
2026-08-09 17:26:52,26,64,local
2026-08-09 17:26:54,26,64,remote
2026-08-09 17:26:54,26,64,local
2026-08-09 17:26:56,26,64,remote
2026-08-09 17:26:56,26,64,local
2026-08-09 17:26:58,26,64,remote
2026-08-09 17:26:58,26,64,local
2026-08-09 17:27:00,26,65,remote
2026-08-09 17:27:00,26,64,local
2026-08-09 17:27:02,26,64,remote
2026-08-09 17:27:02,26,64,local
2026-08-09 17:27:04,26,65,remote
2026-08-09 17:27:04,26,64,local
2026-08-09 17:27:06,26,64,remote
2026-08-09 17:27:06,26,64,local
2026-08-09 17:27:08,26,64,local
2026-08-09 17:27:08,26,65,remote
2026-08-09 17:27:10,26,64,local
2026-08-09 17:27:10,26,65,remote
2026-08-09 17:27:12,26,64,local
2026-08-09 17:27:12,26,64,remote
2026-08-09 17:27:14,26,65,remote
2026-08-09 17:27:16,26,64,local
2026-08-09 17:27:16,26,64,remote
2026-08-09 17:27:18,26,64,local
2026-08-09 17:27:18,26,65,remote
2026-08-09 17:27:20,26,64,local
2026-08-09 17:27:20,26,65,remote
2026-08-09 17:27:22,26,64,local
2026-08-09 17:27:22,26,65,remote
2026-08-09 17:27:24,26,64,local
2026-08-09 17:27:24,26,65,remote
2026-08-09 17:27:26,26,64,local
2026-08-09 17:27:26,26,65,remote
2026-08-09 17:27:28,26,64,local
2026-08-09 17:27:28,26,65,remote
2026-08-09 17:27:30,26,64,local
2026-08-09 17:27:30,26,65,remote
2026-08-09 17:27:32,26,64,local
2026-08-09 17:27:32,26,65,remote
2026-08-09 17:27:34,26,64,local
2026-08-09 17:27:34,26,65,remote
2026-08-09 17:27:36,26,64,local
2026-08-09 17:27:36,26,65,remote
2026-08-09 17:27:38,26,64,local
2026-08-09 17:27:38,26,65,remote
2026-08-09 17:27:40,26,64,local
2026-08-09 17:27:40,26,65,remote
2026-08-09 17:27:42,26,64,local
2026-08-09 17:27:42,26,65,remote
2026-08-09 17:27:44,26,64,local
